tmdbId,tmdb_title,top_cast,cast_count,director,writers,producers,composer
19995,Avatar,Sam Worthington|Zoe Saldana|Sigourney Weaver|Stephen Lang|Michelle Rodriguez,83,James Cameron,James Cameron|James Cameron,James Cameron|Jon Landau,James Horner
285,Pirates of the Caribbean: At World's End,Johnny Depp|Orlando Bloom|Keira Knightley|Stellan Skarsgård|Chow Yun-fat,34,Gore Verbinski,Ted Elliott|Terry Rossio,Jerry Bruckheimer|Eric McLeod|Chad Oman|Peter Kohn|Pat Sandston,Hans Zimmer
206647,Spectre,Daniel Craig|Christoph Waltz|Léa Seydoux|Ralph Fiennes|Monica Bellucci,83,Sam Mendes,John Logan|John Logan|Robert Wade|Robert Wade|Neal Purvis,Barbara Broccoli|Michael G. Wilson,Thomas Newman
49026,The Dark Knight Rises,Christian Bale|Michael Caine|Gary Oldman|Anne Hathaway|Tom Hardy,158,Christopher Nolan,Christopher Nolan|Christopher Nolan|Jonathan Nolan|David S. Goyer,Charles Roven|Christopher Nolan|Emma Thomas,Hans Zimmer
49529,John Carter,Taylor Kitsch|Lynn Collins|Samantha Morton|Willem Dafoe|Thomas Haden Church,27,Andrew Stanton,Andrew Stanton|Michael Chabon|Mark Andrews,Colin Wilson|Jim Morris|Lindsey Collins,
559,Spider-Man 3,Tobey Maguire|Kirsten Dunst|James Franco|Thomas Haden Church|Topher Grace,143,Sam Raimi,Sam Raimi|Alvin Sargent|Ivan Raimi,Laura Ziskin|Avi Arad|Grant Curtis,Christopher Young
38757,Tangled,Zachary Levi|Mandy Moore|Donna Murphy|Ron Perlman|M.C. Gainey,13,Byron Howard|Nathan Greno,Dan Fogelman|Mark Kennedy,Roy Conli,Alan Menken|Kevin Kliesch
99861,Avengers: Age of Ultron,Robert Downey Jr.|Chris Hemsworth|Mark Ruffalo|Chris Evans|Scarlett Johansson,72,Joss Whedon,Joss Whedon,Kevin Feige,Danny Elfman|Brian Tyler
767,Harry Potter and the Half-Blood Prince,Daniel Radcliffe|Rupert Grint|Emma Watson|Tom Felton|Michael Gambon,49,David Yates,Steve Kloves,David Heyman|David Barron|Tim Lewis,Nicholas Hooper
209112,Batman v Superman: Dawn of Justice,Ben Affleck|Henry Cavill|Gal Gadot|Amy Adams|Jesse Eisenberg,152,Zack Snyder,David S. Goyer|Chris Terrio,Charles Roven|Deborah Snyder,Hans Zimmer|Junkie XL
1452,Superman Returns,Brandon Routh|Kevin Spacey|Kate Bosworth|James Marsden|Parker Posey,18,Bryan Singer,Bryan Singer|Michael Dougherty|Michael Dougherty|Dan Harris|Dan Harris,Jon Peters|Gilbert Adler|Bryan Singer,John Ottman
10764,Quantum of Solace,Daniel Craig|Olga Kurylenko|Mathieu Amalric|Judi Dench|Giancarlo Giannini,32,Marc Forster,Paul Haggis|Robert Wade|Neal Purvis,Barbara Broccoli|Michael G. Wilson,
58,Pirates of the Caribbean: Dead Man's Chest,Johnny Depp|Orlando Bloom|Keira Knightley|Stellan Skarsgård|Bill Nighy,33,Gore Verbinski,Ted Elliott|Terry Rossio,Jerry Bruckheimer|Peter Kohn|Pat Sandston,Hans Zimmer
57201,The Lone Ranger,Johnny Depp|Armie Hammer|William Fichtner|Helena Bonham Carter|James Badge Dale,60,Gore Verbinski,Ted Elliott|Terry Rossio|Justin Haythe,Gore Verbinski|Jerry Bruckheimer,Hans Zimmer
49521,Man of Steel,Henry Cavill|Amy Adams|Michael Shannon|Kevin Costner|Diane Lane,33,Zack Snyder,Christopher Nolan|David S. Goyer|David S. Goyer,Charles Roven|Christopher Nolan|Emma Thomas|Deborah Snyder,Hans Zimmer
2454,The Chronicles of Narnia: Prince Caspian,Ben Barnes|William Moseley|Anna Popplewell|Skandar Keynes|Georgie Henley,21,Andrew Adamson,Andrew Adamson|Christopher Markus|Stephen McFeely,Mark Johnson|Andrew Adamson|Philip Steuer,Harry Gregson-Williams
24428,The Avengers,Robert Downey Jr.|Chris Evans|Mark Ruffalo|Chris Hemsworth|Scarlett Johansson,115,Joss Whedon,Joss Whedon|Joss Whedon|Zak Penn,Kevin Feige,Alan Silvestri
1865,Pirates of the Caribbean: On Stranger Tides,Johnny Depp|Penélope Cruz|Ian McShane|Kevin McNally|Geoffrey Rush,35,Rob Marshall,Ted Elliott|Terry Rossio,Jerry Bruckheimer,Hans Zimmer
41154,Men in Black 3,Will Smith|Tommy Lee Jones|Josh Brolin|Michael Stuhlbarg|Emma Thompson,18,Barry Sonnenfeld,Lowell Cunningham|Etan Cohen,Walter F. Parkes|Laurie MacDonald,Danny Elfman
122917,The Hobbit: The Battle of the Five Armies,Martin Freeman|Ian McKellen|Richard Armitage|Ken Stott|Graham McTavish,42,Peter Jackson,Peter Jackson|Fran Walsh|Philippa Boyens|Guillermo del Toro,Peter Jackson|Fran Walsh|Carolynne Cunningham|Zane Weiner,Howard Shore
1930,The Amazing Spider-Man,Andrew Garfield|Emma Stone|Rhys Ifans|Denis Leary|Campbell Scott,57,Marc Webb,Alvin Sargent|Steve Kloves|James Vanderbilt|James Vanderbilt,Laura Ziskin|Avi Arad|Matt Tolmach,James Horner
20662,Robin Hood,Russell Crowe|Cate Blanchett|Max von Sydow|William Hurt|Mark Strong,34,Ridley Scott,Brian Helgeland,Brian Grazer|Ridley Scott|Russell Crowe,Marc Streitenfeld
57158,The Hobbit: The Desolation of Smaug,Martin Freeman|Ian McKellen|Richard Armitage|Ken Stott|Graham McTavish,32,Peter Jackson,Peter Jackson|Fran Walsh|Philippa Boyens|Guillermo del Toro,Peter Jackson|Fran Walsh|Carolynne Cunningham|Zane Weiner,Howard Shore
2268,The Golden Compass,Dakota Blue Richards|Nicole Kidman|Daniel Craig|Sam Elliott|Eva Green,29,Chris Weitz,Chris Weitz,Bill Carraro|Deborah Forte,Alexandre Desplat
254,King Kong,Naomi Watts|Jack Black|Adrien Brody|Thomas Kretschmann|Colin Hanks,33,Peter Jackson,,Peter Jackson|Fran Walsh|Jan Blenkin|Carolynne Cunningham,James Newton Howard|David Long|Mel Wesson
597,Titanic,Kate Winslet|Leonardo DiCaprio|Frances Fisher|Billy Zane|Kathy Bates,136,James Cameron,James Cameron,James Cameron|Jon Landau,James Horner
271110,Captain America: Civil War,Chris Evans|Robert Downey Jr.|Scarlett Johansson|Sebastian Stan|Anthony Mackie,100,Anthony Russo|Joe Russo,Christopher Markus|Stephen McFeely,Kevin Feige,Henry Jackman
44833,Battleship,Taylor Kitsch|Alexander Skarsgård|Rihanna|Brooklyn Decker|Tadanobu Asano,46,Peter Berg,Erich Hoeber|Jon Hoeber,Duncan Henderson|Scott Stuber|Brian Goldner|Peter Berg|Sarah Aubrey,Steve Jablonsky
135397,Jurassic World,Chris Pratt|Bryce Dallas Howard|Irrfan Khan|Vincent D'Onofrio|Nick Robinson,28,Colin Trevorrow,Rick Jaffa|Rick Jaffa|Amanda Silver|Amanda Silver|Colin Trevorrow,Frank Marshall|Patrick Crowley,Michael Giacchino
37724,Skyfall,Daniel Craig|Judi Dench|Javier Bardem|Ralph Fiennes|Naomie Harris,24,Sam Mendes,John Logan|Robert Wade|Neal Purvis,Barbara Broccoli|Michael G. Wilson,Thomas Newman
558,Spider-Man 2,Tobey Maguire|Kirsten Dunst|James Franco|Alfred Molina|Rosemary Harris,76,Sam Raimi,Stan Lee|Alvin Sargent,Laura Ziskin|Avi Arad|Lorne Orleans,Danny Elfman
68721,Iron Man 3,Robert Downey Jr.|Gwyneth Paltrow|Don Cheadle|Guy Pearce|Rebecca Hall,107,Shane Black,Shane Black|Drew Pearce,Kevin Feige,Brian Tyler
12155,Alice in Wonderland,Mia Wasikowska|Johnny Depp|Anne Hathaway|Helena Bonham Carter|Crispin Glover,35,Tim Burton,Linda Woolverton,Jennifer Todd|Suzanne Todd|Richard D. Zanuck|Katterli Frauenfelder|Joe Roth,Danny Elfman
36668,X-Men: The Last Stand,Hugh Jackman|Halle Berry|Ian McKellen|Patrick Stewart|Famke Janssen,32,Brett Ratner,Simon Kinberg|Zak Penn,Ralph Winter|Lauren Shuler Donner|Avi Arad,John Powell
62211,Monsters University,Billy Crystal|John Goodman|Steve Buscemi|Helen Mirren|Noah Johnston,24,Dan Scanlon,Daniel Gerson|Robert L. Baird|Dan Scanlon,Kori Rae,Randy Newman
8373,Transformers: Revenge of the Fallen,Shia LaBeouf|Megan Fox|Josh Duhamel|Rainn Wilson|Tyrese Gibson,37,Michael Bay,Ehren Kruger,Don Murphy|Ian Bryce|Lorenzo di Bonaventura|Tom DeSanto,Steve Jablonsky
91314,Transformers: Age of Extinction,Mark Wahlberg|Stanley Tucci|Kelsey Grammer|Nicola Peltz|Jack Reynor,41,Michael Bay,Ehren Kruger,Don Murphy|Ian Bryce|Lorenzo di Bonaventura|Tom DeSanto,Steve Jablonsky
68728,Oz: The Great and Powerful,James Franco|Mila Kunis|Rachel Weisz|Michelle Williams|Zach Braff,159,Sam Raimi,Mitchell Kapner|David Lindsay-Abaire,Joe Roth,
102382,The Amazing Spider-Man 2,Andrew Garfield|Emma Stone|Jamie Foxx|Dane DeHaan|Campbell Scott,65,Marc Webb,Alex Kurtzman|Alex Kurtzman|Roberto Orci|Roberto Orci|James Vanderbilt,Avi Arad|Matt Tolmach,Hans Zimmer|Johnny Marr|Pharrell Williams
20526,TRON: Legacy,Garrett Hedlund|Jeff Bridges|Olivia Wilde|Bruce Boxleitner|Yaya DaCosta,23,Joseph Kosinski,Steven Lisberger|Richard Jefferies|Edward Kitsis|Adam Horowitz,Steven Lisberger|Jeffrey Silver|Sean Bailey,
49013,Cars 2,Owen Wilson|Larry the Cable Guy|Michael Caine|Emily Mortimer|John Turturro,47,John Lasseter|Brad Lewis,Ben Queen,Denise Ream,Michael Giacchino
44912,Green Lantern,Ryan Reynolds|Blake Lively|Peter Sarsgaard|Tim Robbins|Mark Strong,23,Martin Campbell,Michael Goldenberg|Greg Berlanti|Marc Guggenheim|Michael Green,Donald De Line|Greg Berlanti|Geoff Johns,James Newton Howard
10193,Toy Story 3,Tom Hanks|Tim Allen|Ned Beatty|Joan Cusack|Michael Keaton,45,Lee Unkrich,Andrew Stanton|Lee Unkrich|John Lasseter|Michael Arndt,John Lasseter|Darla K. Anderson,
534,Terminator Salvation,Christian Bale|Sam Worthington|Anton Yelchin|Moon Bloodgood|Bryce Dallas Howard,15,McG,John D. Brancato|Michael Ferris,Moritz Borman|Jeffrey Silver|Derek Anderson|Victor Kubicek,Danny Elfman
168259,Furious 7,Vin Diesel|Paul Walker|Dwayne Johnson|Michelle Rodriguez|Tyrese Gibson,52,James Wan,Chris Morgan,Michael Fottrell|Neal H. Moritz|Vin Diesel|Brandon Birtell,Brian Tyler
72190,World War Z,Brad Pitt|Mireille Enos|Abigail Hargrove|Sterling Jerins|James Badge Dale,22,Marc Forster,Matthew Michael Carnahan|Drew Goddard|Damon Lindelof,Brad Pitt|Ian Bryce|Dede Gardner|Jeremy Kleiner,Marco Beltrami
127585,X-Men: Days of Future Past,Hugh Jackman|James McAvoy|Michael Fassbender|Jennifer Lawrence|Halle Berry,65,Bryan Singer,Matthew Vaughn|Simon Kinberg|Simon Kinberg|Jane Goldman,Lauren Shuler Donner|Bryan Singer|Simon Kinberg|Hutch Parker,John Ottman
54138,Star Trek Into Darkness,Chris Pine|Zachary Quinto|Zoe Saldana|Karl Urban|Simon Pegg,98,J.J. Abrams,Alex Kurtzman|Roberto Orci|Damon Lindelof,J.J. Abrams|Alex Kurtzman|Roberto Orci|Bryan Burk|Damon Lindelof,Michael Giacchino
81005,Jack the Giant Slayer,Nicholas Hoult|Eleanor Tomlinson|Ewan McGregor|Stanley Tucci|Ian McShane,23,Bryan Singer,Christopher McQuarrie|David Dobkin|Dan Studney|Darren Lemke|Darren Lemke,David Dobkin,John Ottman
64682,The Great Gatsby,Leonardo DiCaprio|Tobey Maguire|Carey Mulligan|Joel Edgerton|Elizabeth Debicki,31,Baz Luhrmann,Baz Luhrmann|Craig Pearce,Baz Luhrmann|Catherine Martin|Catherine Knapman|Lucy Fisher,Craig Armstrong
9543,Prince of Persia: The Sands of Time,Jake Gyllenhaal|Gemma Arterton|Ben Kingsley|Alfred Molina|Steve Toussaint,13,Mike Newell,Boaz Yakin|Doug Miro|Carlo Bernard,Jerry Bruckheimer,Harry Gregson-Williams
68726,Pacific Rim,Idris Elba|Charlie Hunnam|Charlie Day|Ron Perlman|Burn Gorman,43,Guillermo del Toro,Travis Beacham|Guillermo del Toro|Travis Beacham,Guillermo del Toro|Jon Jashni|Mary Parent|Thomas Tull,Ramin Djawadi
38356,Transformers: Dark of the Moon,Shia LaBeouf|John Malkovich|Ken Jeong|Frances McDormand|Josh Duhamel,39,Michael Bay,Ehren Kruger,Don Murphy|Ian Bryce|Lorenzo di Bonaventura|Kenny Bates|Tom DeSanto,Steve Jablonsky
217,Indiana Jones and the Kingdom of the Crystal Skull,Harrison Ford|Cate Blanchett|Shia LaBeouf|Ray Winstone|Karen Allen,38,Steven Spielberg,George Lucas|David Koepp|Jeff Nathanson,Frank Marshall,John Williams
105864,The Good Dinosaur,Raymond Ochoa|Jack Bright|Jeffrey Wright|Frances McDormand|Maleah Nipay-Padilla,19,Peter Sohn,Bob Peterson|Peter Sohn|Kelsey Mann|Erik Benson|Meg LeFauve,John Lasseter|Denise Ream,Mychael Danna|Jeff Danna
62177,Brave,Kelly Macdonald|Julie Walters|Billy Connolly|Emma Thompson|Kevin McKidd,15,Brenda Chapman|Mark Andrews|Steve Purcell,Irene Mecchi|Brenda Chapman|Brenda Chapman|Mark Andrews|Steve Purcell,Katherine Sarafian,Patrick Doyle
188927,Star Trek Beyond,Chris Pine|Zachary Quinto|Karl Urban|Simon Pegg|Zoe Saldana,33,Justin Lin,Simon Pegg|Doug Jung,J.J. Abrams|Roberto Orci|Bryan Burk|Justin Lin,
10681,WALL·E,Ben Burtt|Elissa Knight|Jeff Garlin|Fred Willard|John Ratzenberger,29,Andrew Stanton,Andrew Stanton|Jim Reardon,Jim Morris|Lindsey Collins,Thomas Newman
5174,Rush Hour 3,Chris Tucker|Jackie Chan|Hiroyuki Sanada|Max von Sydow|Yvan Attal,18,Brett Ratner,Jeff Nathanson,Roger Birnbaum|Jonathan Glickman|Arthur M. Sarkissian|Jay Stern,Lalo Schifrin
14161,2012,John Cusack|Amanda Peet|Chiwetel Ejiofor|Thandie Newton|Oliver Platt,52,Roland Emmerich,Harald Kloser|Roland Emmerich,Larry J. Franco|Harald Kloser|Mark Gordon|Volker Engel|Marc Weigert,Harald Kloser|Thomas Wanker
17979,A Christmas Carol,Gary Oldman|Jim Carrey|Steve Valentine|Daryl Sabara|Sage Ryan,18,Robert Zemeckis,Robert Zemeckis,,
76757,Jupiter Ascending,Mila Kunis|Channing Tatum|Sean Bean|Eddie Redmayne|Douglas Booth,66,Lilly Wachowski|Lana Wachowski,Lilly Wachowski|Lana Wachowski,Grant Hill|Lilly Wachowski|Lana Wachowski,Michael Giacchino
258489,The Legend of Tarzan,Alexander Skarsgård|Margot Robbie|Christoph Waltz|Samuel L. Jackson|Djimon Hounsou,34,David Yates,Stuart Beattie|Edgar Rice Burroughs|Craig Brewer|John Collee|Adam Cozad,,Rupert Gregson-Williams
411,"The Chronicles of Narnia: The Lion, the Witch and the Wardrobe",William Moseley|Anna Popplewell|Skandar Keynes|Georgie Henley|Liam Neeson,24,Andrew Adamson,Andrew Adamson|Ann Peacock|Christopher Markus|Stephen McFeely,David Minkowski|Matthew Stillman|Mark Johnson|Philip Steuer|Douglas Gresham,Harry Gregson-Williams
246655,X-Men: Apocalypse,James McAvoy|Michael Fassbender|Jennifer Lawrence|Nicholas Hoult|Oscar Isaac,95,Bryan Singer,Bryan Singer|Simon Kinberg|Michael Dougherty|Dan Harris,Lauren Shuler Donner|Simon Kinberg,John Ottman
155,The Dark Knight,Christian Bale|Heath Ledger|Aaron Eckhart|Michael Caine|Maggie Gyllenhaal,134,Christopher Nolan,Christopher Nolan|Jonathan Nolan|David S. Goyer,Charles Roven|Christopher Nolan|Emma Thomas|Lorne Orleans,Hans Zimmer|James Newton Howard
14160,Up,Ed Asner|Christopher Plummer|Jordan Nagai|Bob Peterson|Delroy Lindo,16,Pete Docter,Bob Peterson|Bob Peterson|Pete Docter|Pete Docter|Tom McCarthy,Jonas Rivera,
15512,Monsters vs Aliens,Seth Rogen|Reese Witherspoon|Hugh Laurie|Paul Rudd|Kiefer Sutherland,28,Conrad Vernon|Rob Letterman,Wallace Wolodarsky|Glenn Berger|Jonathan Aibel|Maya Forbes|Rob Letterman,,
1726,Iron Man,Robert Downey Jr.|Terrence Howard|Jeff Bridges|Shaun Toub|Gwyneth Paltrow,87,Jon Favreau,Art Marcum|Matt Holloway,Avi Arad|Kevin Feige,Ramin Djawadi
44826,Hugo,Ben Kingsley|Sacha Baron Cohen|Asa Butterfield|Chloë Grace Moretz|Ray Winstone,28,Martin Scorsese,John Logan|Brian Selznick,Johnny Depp|Martin Scorsese|Graham King|Tim Headington,Howard Shore
8487,Wild Wild West,Will Smith|Kevin Kline|Kenneth Branagh|Salma Hayek|M. Emmet Walsh,29,Barry Sonnenfeld,Jeffrey Price|Peter S. Seaman|Brent Maddock|S. S. Wilson,Jon Peters|Barry Sonnenfeld,Elmer Bernstein
1735,The Mummy: Tomb of the Dragon Emperor,Brendan Fraser|Jet Li|John Hannah|Maria Bello|Luke Ford,15,Rob Cohen,Miles Millar|Alfred Gough,Stephen Sommers|Sean Daniel,
297761,Suicide Squad,Will Smith|Margot Robbie|Joel Kinnaman|Viola Davis|Jared Leto,128,David Ayer,David Ayer,Charles Roven|Richard Suckle,Steven Price
2698,Evan Almighty,Steve Carell|Lauren Graham|John Goodman|Jimmy Bennett|John Michael Higgins,18,Tom Shadyac,Steve Oedekerk,Tom Shadyac|Roger Birnbaum|Michael Bostick|Gary Barber|Neal H. Moritz,
137113,Edge of Tomorrow,Tom Cruise|Emily Blunt|Brendan Gleeson|Bill Paxton|Jonas Armstrong,40,Doug Liman,Christopher McQuarrie|Jez Butterworth|John-Henry Butterworth,Erwin Stoff|Jason Hoffs|Jeffrey Silver|Tom Lassally|Gregory Jacobs,Christophe Beck
9804,Waterworld,Kevin Costner|Chaim Girafi|Rick Aviles|R. D. Call|Zitto Kazann,15,Kevin Reynolds,,Lawrence Gordon|Kevin Costner|John Davis|Charles Gordon,James Newton Howard
14869,G.I. Joe: The Rise of Cobra,Dennis Quaid|Channing Tatum|Marlon Wayans|Sienna Miller|Joseph Gordon-Levitt,23,Stephen Sommers,Stuart Beattie|David Elliot|Paul Lovett,Lorenzo di Bonaventura|Bob Ducsay|Brian Goldner,Alan Silvestri
150540,Inside Out,Amy Poehler|Phyllis Smith|Richard Kind|Bill Hader|Lewis Black,65,Pete Docter,Pete Docter|Pete Docter|Josh Cooley|Meg LeFauve,Jonas Rivera,Michael Giacchino
278927,The Jungle Book,Neel Sethi|Bill Murray|Ben Kingsley|Idris Elba|Scarlett Johansson,30,Jon Favreau,Justin Marks,Jon Favreau|Brigham Taylor,
10138,Iron Man 2,Robert Downey Jr.|Gwyneth Paltrow|Don Cheadle|Scarlett Johansson|Mickey Rourke,115,Jon Favreau,Justin Theroux,Kevin Feige|Victoria Alonso|Jeremy Latcham,
58595,Snow White and the Huntsman,Kristen Stewart|Charlize Theron|Chris Hemsworth|Sam Claflin|Ian McShane,36,Rupert Sanders,John Lee Hancock|Hossein Amini|Evan Daugherty,Sam Mercer|Joe Roth,James Newton Howard
102651,Maleficent,Angelina Jolie|Elle Fanning|Sharlto Copley|Sam Riley|Juno Temple,82,Robert Stromberg,Linda Woolverton,Don Hahn,James Newton Howard
119450,Dawn of the Planet of the Apes,Andy Serkis|Jason Clarke|Gary Oldman|Keri Russell|Toby Kebbell,33,Matt Reeves,Mark Bomback|Rick Jaffa|Amanda Silver,Rick Jaffa|Amanda Silver|Peter Chernin|Dylan Clark,Michael Giacchino
79698,The Lovers,Josh Hartnett|Simone Kessell|Tamsin Egerton|Alice Englert|Bipasha Basu,19,Roland Joffé,Roland Joffé|Ajey Jhankar,Paul Breuls|Catherine Vandeleene|Guy J. Louthan|Grant Bradley|Ajey Jhankar,
64686,47 Ronin,Keanu Reeves|Hiroyuki Sanada|Kou Shibasaki|Tadanobu Asano|Min Tanaka,24,Carl Rinsch,Chris Morgan|Hossein Amini,Eric McLeod|Pamela Abdy|Scott Stuber,
100402,Captain America: The Winter Soldier,Chris Evans|Samuel L. Jackson|Scarlett Johansson|Robert Redford|Sebastian Stan,70,Anthony Russo|Joe Russo,Christopher Markus|Stephen McFeely,Kevin Feige,Henry Jackman
10192,Shrek Forever After,Mike Myers|Eddie Murphy|Cameron Diaz|Antonio Banderas|Julie Andrews,35,Mike Mitchell,William Steig|Josh Klausner|Darren Lemke,,
158852,Tomorrowland,Britt Robertson|George Clooney|Raffey Cassidy|Thomas Robinson|Hugh Laurie,52,Brad Bird,Brad Bird|Brad Bird|Damon Lindelof|Damon Lindelof|Jeff Jensen,Brad Bird|Jeffrey Chernov|Damon Lindelof,Michael Giacchino
177572,Big Hero 6,Scott Adsit|Ryan Potter|Daniel Henney|T.J. Miller|Jamie Chung,46,Chris Williams|Don Hall,Daniel Gerson|Robert L. Baird|Robert L. Baird|Jordan Roberts|Joseph Mateo,Roy Conli,Henry Jackman
82690,Wreck-It Ralph,John C. Reilly|Sarah Silverman|Jack McBrayer|Jane Lynch|Alan Tudyk,66,Rich Moore,Jim Reardon|Rich Moore|Phil Johnston|Jennifer Lee,Clark Spencer|Monica Lago-Kaytis,Henry Jackman
5255,The Polar Express,Tom Hanks|Michael Jeter|Nona Gaye|Peter Scolari|Eddie Deezen,10,Robert Zemeckis,Robert Zemeckis|William Broyles Jr.,Robert Zemeckis|Steve Starkey|Gary Goetzman|William Teitler,Alan Silvestri
47933,Independence Day: Resurgence,Liam Hemsworth|Jeff Goldblum|Bill Pullman|Maika Monroe|Sela Ward,67,Roland Emmerich,Roland Emmerich|Dean Devlin|James Vanderbilt|Nicolas Wright|James A. Woods,Harald Kloser|Roland Emmerich|Dean Devlin,Harald Kloser|Thomas Wanker
10191,How to Train Your Dragon,Jay Baruchel|Gerard Butler|Craig Ferguson|America Ferrera|Jonah Hill,13,Chris Sanders|Dean DeBlois,Chris Sanders|Dean DeBlois|Will Davies,Bonnie Arnold,John Powell
296,Terminator 3: Rise of the Machines,Arnold Schwarzenegger|Nick Stahl|Claire Danes|Kristanna Loken|David Andrews,14,Jonathan Mostow,John D. Brancato|John D. Brancato|Michael Ferris|Michael Ferris|Tedi Sarafian,Mario Kassar|Hal Lieberman|Joel B. Michaels|Andrew G. Vajna|Matthias Deyle,Marco Beltrami
118340,Guardians of the Galaxy,Chris Pratt|Zoe Saldana|Dave Bautista|Vin Diesel|Bradley Cooper,80,James Gunn,James Gunn|Nicole Perlman,Kevin Feige,Tyler Bates
157336,Interstellar,Matthew McConaughey|Jessica Chastain|Anne Hathaway|Michael Caine|Casey Affleck,36,Christopher Nolan,Christopher Nolan|Jonathan Nolan,Christopher Nolan|Emma Thomas|Lynda Obst,Hans Zimmer
27205,Inception,Leonardo DiCaprio|Joseph Gordon-Levitt|Ellen Page|Tom Hardy|Ken Watanabe,29,Christopher Nolan,Christopher Nolan,Christopher Nolan|Emma Thomas,Hans Zimmer
315011,Shin Godzilla,Hiroki Hasegawa|Yutaka Takenouchi|Satomi Ishihara|Kengo Kora|Matsuo Satoru,49,Hideaki Anno|Shinji Higuchi,Hideaki Anno,Kazutoshi Wadakura|Yoshihiro Satô|Taichi Ueda|Masaya Shibusawa,Shirô Sagisu
49051,The Hobbit: An Unexpected Journey,Ian McKellen|Martin Freeman|Richard Armitage|Andy Serkis|Cate Blanchett,30,Peter Jackson,Peter Jackson|Fran Walsh|Philippa Boyens|Guillermo del Toro,Peter Jackson|Fran Walsh|Carolynne Cunningham|Zane Weiner,Howard Shore
9799,The Fast and the Furious,Paul Walker|Vin Diesel|Michelle Rodriguez|Jordana Brewster|Rick Yune,30,Rob Cohen,Gary Scott Thompson|David Ayer|Erik Bergquist,Neal H. Moritz,BT
4922,The Curious Case of Benjamin Button,Cate Blanchett|Brad Pitt|Tilda Swinton|Julia Ormond|Elle Fanning,37,David Fincher,Eric Roth,Kathleen Kennedy|Frank Marshall|Ceán Chaffin,
49538,X-Men: First Class,James McAvoy|Michael Fassbender|Jennifer Lawrence|Kevin Bacon|Rose Byrne,41,Matthew Vaughn,Matthew Vaughn|Jane Goldman|Ashley Edward Miller|Zack Stentz,Lauren Shuler Donner|Bryan Singer|Simon Kinberg|Gregory Goodman,
131634,The Hunger Games: Mockingjay - Part 2,Jennifer Lawrence|Josh Hutcherson|Liam Hemsworth|Woody Harrelson|Elizabeth Banks,51,Francis Lawrence,Danny Strong|Peter Craig,Jon Kilik|Nina Jacobson,James Newton Howard
27022,The Sorcerer's Apprentice,Nicolas Cage|Jay Baruchel|Monica Bellucci|Alfred Molina|Teresa Palmer,14,Jon Turteltaub,Doug Miro|Carlo Bernard,,
503,Poseidon,Kurt Russell|Richard Dreyfuss|Josh Lucas|Jacinda Barrett|Emmy Rossum,14,Wolfgang Petersen,Mark Protosevich,Wolfgang Petersen|Akiva Goldsman|Todd Arnow|Chris Briggs|Mike Fleiss,Klaus Badelt
241259,Alice Through the Looking Glass,Johnny Depp|Mia Wasikowska|Anne Hathaway|Helena Bonham Carter|Alan Rickman,98,James Bobin,Linda Woolverton,Tim Burton|Jennifer Todd|Suzanne Todd|Joe Roth,Danny Elfman
810,Shrek the Third,Mike Myers|Eddie Murphy|Cameron Diaz|Julie Andrews|Antonio Banderas,41,Chris Miller|Raman Hui,Jeffrey Price|Peter S. Seaman|Jon Zack,Aron Warner|Denise Nolan Cascino,Harry Gregson-Williams
68735,Warcraft,Paula Patton|Travis Fimmel|Ben Foster|Robert Kazinsky|Dominic Cooper,47,Duncan Jones,Charles Leavitt|Duncan Jones|Chris Metzen,Charles Roven|Tessa Ross|Alex Gartner|Thomas Tull|Jon Jashni,Ramin Djawadi
87101,Terminator Genisys,Arnold Schwarzenegger|Jason Clarke|Emilia Clarke|Jai Courtney|J.K. Simmons,32,Alan Taylor,Laeta Kalogridis|Patrick Lussier,Dana Goldberg|David Ellison,Lorne Balfe
10140,The Chronicles of Narnia: The Voyage of the Dawn Treader,Skandar Keynes|Georgie Henley|Simon Pegg|Gary Sweet|Arthur Angel,19,Michael Apted,Christopher Markus|Stephen McFeely|Michael Petroni,Mark Johnson|Andrew Adamson|Philip Steuer|Cort Kristensen,David Arnold
676,Pearl Harbor,Ben Affleck|Josh Hartnett|Kate Beckinsale|Cuba Gooding Jr.|Jon Voight,101,Michael Bay,Randall Wallace,Jerry Bruckheimer|Pat Sandston|Michael Bay|K.C. Hodenfield|Kenny Bates,Hans Zimmer
1858,Transformers,Shia LaBeouf|Josh Duhamel|Megan Fox|Rachael Taylor|Tyrese Gibson,38,Michael Bay,Alex Kurtzman|Alex Kurtzman|Roberto Orci|Roberto Orci|John Rogers,Don Murphy|Ian Bryce|Lorenzo di Bonaventura|Tom DeSanto,
1966,Alexander,Colin Farrell|Angelina Jolie|Val Kilmer|Jared Leto|Jonathan Rhys Meyers,51,Oliver Stone,Oliver Stone|Laeta Kalogridis|Christopher Kyle,Iain Smith|Oliver Stone|Thomas Schühly|Jon Kilik|Moritz Borman,Vangelis
675,Harry Potter and the Order of the Phoenix,Daniel Radcliffe|Rupert Grint|Emma Watson|Michael Gambon|Ralph Fiennes,80,David Yates,Michael Goldenberg,David Heyman,Nicholas Hooper
674,Harry Potter and the Goblet of Fire,Daniel Radcliffe|Rupert Grint|Emma Watson|Ralph Fiennes|Michael Gambon,65,Mike Newell,Steve Kloves,David Heyman,Patrick Doyle
8960,Hancock,Will Smith|Charlize Theron|Jason Bateman|Jae Head|Eddie Marsan,33,Peter Berg,Vincent Ngo|Vince Gilligan,Michael Mann|Will Smith|Akiva Goldsman|James Lassiter,John Powell
6479,I Am Legend,Will Smith|Alice Braga|Charlie Tahan|Salli Richardson-Whitfield|Willow Smith,13,Francis Lawrence,Akiva Goldsman|Mark Protosevich,Akiva Goldsman|David Heyman|Neal H. Moritz|James Lassiter|Tracy Tormé,James Newton Howard
118,Charlie and the Chocolate Factory,Johnny Depp|Freddie Highmore|David Kelly|AnnaSophia Robb|Julia Winter,32,Tim Burton,Roald Dahl|John August,Richard D. Zanuck|Brad Grey|Lorne Orleans,Danny Elfman
2062,Ratatouille,Patton Oswalt|Ian Holm|Lou Romano|Brian Dennehy|Peter Sohn,23,Jan Pinkava|Brad Bird,Brad Bird,Brad Lewis,Michael Giacchino
272,Batman Begins,Christian Bale|Michael Caine|Liam Neeson|Katie Holmes|Gary Oldman,113,Christopher Nolan,Christopher Nolan|David S. Goyer,Larry J. Franco|Charles Roven|Emma Thomas|Lorne Orleans,Hans Zimmer|James Newton Howard
10527,Madagascar: Escape 2 Africa,Ben Stiller|Jada Pinkett Smith|David Schwimmer|Chris Rock|Cedric the Entertainer,42,Eric Darnell|Tom McGrath,,,
18360,Night at the Museum: Battle of the Smithsonian,Ben Stiller|Amy Adams|Owen Wilson|Hank Azaria|Robin Williams,42,Shawn Levy,Thomas Lennon,Chris Columbus|Shawn Levy|Michael Barnathan,
2080,X-Men Origins: Wolverine,Hugh Jackman|Liev Schreiber|Danny Huston|Lynn Collins|Ryan Reynolds,63,Gavin Hood,David Benioff|Skip Woods,Hugh Jackman|Lauren Shuler Donner|Avi Arad,
605,The Matrix Revolutions,Keanu Reeves|Laurence Fishburne|Carrie-Anne Moss|Hugo Weaving|Mary Alice,22,Lilly Wachowski|Lana Wachowski,Lilly Wachowski|Lana Wachowski,Joel Silver,Don Davis
109445,Frozen,Kristen Bell|Idina Menzel|Jonathan Groff|Josh Gad|Santino Fontana,56,Chris Buck|Jennifer Lee,Chris Buck|Shane Morris|Jennifer Lee|Jennifer Lee,Peter Del Vecho,Christophe Beck
604,The Matrix Reloaded,Keanu Reeves|Carrie-Anne Moss|Laurence Fishburne|Hugo Weaving|Helmut Bakaitis,74,Lilly Wachowski|Lana Wachowski,Lilly Wachowski|Lana Wachowski,Joel Silver,Don Davis
76338,Thor: The Dark World,Chris Hemsworth|Natalie Portman|Tom Hiddleston|Anthony Hopkins|Christopher Eccleston,43,Alan Taylor,Christopher Markus|Stephen McFeely|Robert Rodat|Don Payne|Christopher Yost,Kevin Feige|Kenneth Branagh,Brian Tyler
76341,Mad Max: Fury Road,Tom Hardy|Charlize Theron|Nicholas Hoult|Hugh Keays-Byrne|Josh Helman,60,George Miller,George Miller|Nick Lathouris|Brendan McCarthy,George Miller|Doug Mitchell|P.J. Voeten,
13448,Angels & Demons,Tom Hanks|Ewan McGregor|Ayelet Zurer|Stellan Skarsgård|Pierfrancesco Favino,47,Ron Howard,David Koepp|Akiva Goldsman,Brian Grazer|Ron Howard|Kathleen McGill|Louisa Velis|John Calley,Hans Zimmer
10195,Thor,Chris Hemsworth|Natalie Portman|Tom Hiddleston|Anthony Hopkins|Stellan Skarsgård,32,Kenneth Branagh,Don Payne|J. Michael Straczynski|Ashley Edward Miller|Zack Stentz,Kevin Feige,Patrick Doyle
13053,Bolt,John Travolta|Miley Cyrus|Susie Essman|Mark Walton|Malcolm McDowell,16,Chris Williams|Byron Howard,Dan Fogelman|Chris Williams,Clark Spencer,John Powell
19585,G-Force,Sam Rockwell|Penélope Cruz|Tracy Morgan|Jon Favreau|Steve Buscemi,21,Hoyt Yeatman,Ted Elliott|Terry Rossio|Cormac Wibberley|Marianne Wibberley|Tim Firth,,
57165,Wrath of the Titans,Sam Worthington|Liam Neeson|Ralph Fiennes|Edgar Ramírez|Toby Kebbell,18,Jonathan Liebesman,David Leslie Johnson|Dan Mazeau,Basil Iwanyk|Polly Johnsen,Javier Navarrete
62213,Dark Shadows,Johnny Depp|Michelle Pfeiffer|Helena Bonham Carter|Jackie Earle Haley|Jonny Lee Miller,25,Tim Burton,John August|Seth Grahame-Smith|Seth Grahame-Smith,Johnny Depp|Richard D. Zanuck|Graham King|Christi Dembrowski|David Kennedy,Danny Elfman
177677,Mission: Impossible - Rogue Nation,Tom Cruise|Rebecca Ferguson|Simon Pegg|Jeremy Renner|Ving Rhames,75,Christopher McQuarrie,Christopher McQuarrie|Christopher McQuarrie|Drew Pearce,Tom Cruise|J.J. Abrams|Bryan Burk|Don Granger|David Ellison,Joe Kraemer
7978,The Wolfman,Benicio del Toro|Anthony Hopkins|Emily Blunt|Hugo Weaving|Cristina Contes,14,Joe Johnston,Curt Siodmak|Andrew Kevin Walker|David Self,Benicio del Toro|Sean Daniel|Scott Stuber|Rick Yorn,Danny Elfman
5559,Bee Movie,Jerry Seinfeld|Renée Zellweger|Jim Cummings|Matthew Broderick|Patrick Warburton,25,Steve Hickner|Simon J. Smith,Jerry Seinfeld|Spike Feresten|Barry Marder|Andy Robin,Christina Steinberg|Jerry Seinfeld|Cameron Stevning,
49444,Kung Fu Panda 2,Jack Black|Angelina Jolie|Dustin Hoffman|Gary Oldman|Jackie Chan,32,Jennifer Yuh Nelson,Glenn Berger|Jonathan Aibel,Melissa Cobb,Hans Zimmer|John Powell
10196,The Last Airbender,Noah Ringer|Nicola Peltz|Jackson Rathbone|Dev Patel|Shaun Toub,21,M. Night Shyamalan,M. Night Shyamalan,,James Newton Howard
956,Mission: Impossible III,Tom Cruise|Philip Seymour Hoffman|Ving Rhames|Billy Crudup|Jonathan Rhys Meyers,13,J.J. Abrams,J.J. Abrams|Alex Kurtzman|Roberto Orci,Tom Cruise|Paula Wagner,Michael Giacchino
117251,White House Down,Channing Tatum|Jamie Foxx|Joey King|Maggie Gyllenhaal|Richard Jenkins,21,Roland Emmerich,James Vanderbilt,Larry J. Franco|Harald Kloser|Roland Emmerich|Laeta Kalogridis|James Vanderbilt,Harald Kloser|Thomas Wanker
50321,Mars Needs Moms,Seth Green|Joan Cusack|Dan Fogler|Breckin Meyer|Elisabeth Harnois,12,Simon Wells,Simon Wells,,
11619,Flushed Away,Hugh Jackman|Kate Winslet|Ian McKellen|Jean Reno|Bill Nighy,15,David Bowers|Sam Fell,Dick Clement|Dick Clement|William Davies|Ian La Frenais|Ian La Frenais,Peter Lord|David Sproxton|Cecil Kramer|Maryann Garger,Harry Gregson-Williams
266647,Pan,Levi Miller|Garrett Hedlund|Hugh Jackman|Rooney Mara|Amanda Seyfried,19,Joe Wright,Jason Fuchs,Paul Webster|Greg Berlanti|Sarah Schechter,John Powell
82703,Mr. Peabody & Sherman,Ty Burrell|Max Charles|Ariel Winter|Allison Janney|Ellie Kemper,51,Rob Minkoff,Craig Wright,,
652,Troy,Brad Pitt|Orlando Bloom|Eric Bana|Brian Cox|Sean Bean,20,Wolfgang Petersen,David Benioff,Colin Wilson|Wolfgang Petersen|Diana Rathbun,James Horner
80321,Madagascar 3: Europe's Most Wanted,Ben Stiller|Sacha Baron Cohen|David Schwimmer|Frances McDormand|Chris Rock,12,Conrad Vernon|Eric Darnell|Tom McGrath,Noah Baumbach|Eric Darnell,Mark Swift|Mireille Soria,Hans Zimmer
36669,Die Another Day,Pierce Brosnan|Halle Berry|Rosamund Pike|Rick Yune|Toby Stephens,21,Lee Tamahori,Robert Wade|Neal Purvis,Barbara Broccoli|Michael G. Wilson,
43074,Ghostbusters,Melissa McCarthy|Kristen Wiig|Kate McKinnon|Leslie Jones|Chris Hemsworth,75,Paul Feig,Paul Feig|Katie Dippold,Ivan Reitman|Amy Pascal,
95,Armageddon,Bruce Willis|Billy Bob Thornton|Ben Affleck|Liv Tyler|Will Patton,67,Michael Bay,Robert Roy Pool|Jonathan Hensleigh|Shane Salerno|J.J. Abrams|Tony Gilroy,Jerry Bruckheimer|Michael Bay|Gale Anne Hurd,Trevor Rabin
608,Men in Black II,Tommy Lee Jones|Will Smith|Rip Torn|Lara Flynn Boyle|Johnny Knoxville,23,Barry Sonnenfeld,Barry Fanaro|Robert Gordon,Walter F. Parkes|Laurie MacDonald,Danny Elfman
2310,Beowulf,Ray Winstone|Angelina Jolie|Anthony Hopkins|Robin Wright|John Malkovich,30,Robert Zemeckis,Roger Avary|Neil Gaiman,Robert Zemeckis|Steve Starkey|Josh McLaglen|Jack Rapke|Jacqueline M. Lopez,Alan Silvestri|Glen Ballard
140300,Kung Fu Panda 3,Jack Black|Bryan Cranston|Dustin Hoffman|Angelina Jolie|J.K. Simmons,34,Jennifer Yuh Nelson|Alessandro Carloni,Glenn Berger|Jonathan Aibel,Melissa Cobb,
56292,Mission: Impossible - Ghost Protocol,Tom Cruise|Jeremy Renner|Simon Pegg|Paula Patton|Anil Kapoor,16,Brad Bird,Josh Appelbaum|André Nemec,Tom Cruise|J.J. Abrams|Bryan Burk,Michael Giacchino
81188,Rise of the Guardians,Chris Pine|Alec Baldwin|Jude Law|Isla Fisher|Hugh Jackman,16,Peter Ramsey,David Lindsay-Abaire,Christina Steinberg|Nancy Bernstein,
7552,Fun with Dick and Jane,Jim Carrey|Téa Leoni|Alec Baldwin|Richard Jenkins|Angie Harmon,15,Dean Parisot,Judd Apatow|Judd Apatow|Nicholas Stoller|Nicholas Stoller|Gerald Gaiser,Jim Carrey|Brian Grazer,
616,The Last Samurai,Tom Cruise|Ken Watanabe|William Atherton|Chad Lindberg|Billy Connolly,47,Edward Zwick,John Logan|Edward Zwick|Marshall Herskovitz,Tom Cruise|Edward Zwick|Marshall Herskovitz|Paula Wagner|Scott Kroopf,Hans Zimmer
147441,Exodus: Gods and Kings,Christian Bale|Joel Edgerton|John Turturro|Aaron Paul|Ben Mendelsohn,24,Ridley Scott,Steven Zaillian|Jeffrey Caine|Adam Cooper|Bill Collage,Ridley Scott|Mark Huffam|Michael Schaefer|Jenno Topping|Peter Chernin,
13475,Star Trek,Chris Pine|Zachary Quinto|Leonard Nimoy|Eric Bana|Bruce Greenwood,168,J.J. Abrams,Alex Kurtzman|Roberto Orci,J.J. Abrams|Damon Lindelof,Michael Giacchino
557,Spider-Man,Tobey Maguire|Willem Dafoe|Kirsten Dunst|James Franco|Cliff Robertson,71,Sam Raimi,David Koepp,Stan Lee|Ian Bryce|Laura Ziskin,Danny Elfman
82702,How to Train Your Dragon 2,Jay Baruchel|Gerard Butler|Kristen Wiig|Jonah Hill|Cate Blanchett,17,Dean DeBlois,Dean DeBlois,Bonnie Arnold,John Powell
205584,Gods of Egypt,Brenton Thwaites|Nikolaj Coster-Waldau|Gerard Butler|Courtney Eaton|Elodie Yung,41,Alex Proyas,Matt Sazama|Burk Sharpless,Alex Proyas|Basil Iwanyk,
10048,Stealth,Josh Lucas|Jessica Biel|Jamie Foxx|Sam Shepard|Richard Roxburgh,23,Rob Cohen,,Laura Ziskin|Neal H. Moritz|Mike Medavoy|Kwame Parker,BT|Dredg
13183,Watchmen,Malin Åkerman|Billy Crudup|Carla Gugino|Jeffrey Dean Morgan|Patrick Wilson,35,Zack Snyder,David Hayter|Alex Tse,Lawrence Gordon|Lloyd Levin|Wesley Coller|Deborah Snyder,
944,Lethal Weapon 4,Mel Gibson|Danny Glover|Joe Pesci|Rene Russo|Jet Li,21,Richard Donner,Channing Gibson|Miles Millar|Alfred Gough|Jonathan Lemkin,Joel Silver|Richard Donner,Eric Clapton|Michael Kamen|David Sanborn
1927,Hulk,Eric Bana|Jennifer Connelly|Sam Elliott|Josh Lucas|Nick Nolte,16,Ang Lee,James Schamus|James Schamus|Michael France|John Turman,Larry J. Franco|Gale Anne Hurd|James Schamus|Avi Arad,Danny Elfman
72559,G.I. Joe: Retaliation,Dwayne Johnson|D.J. Cotrona|Adrianne Palicki|Bruce Willis|Ray Park,20,Jon M. Chu,Rhett Reese|Paul Wernick,Lorenzo di Bonaventura|Brian Goldner,Henry Jackman
7364,Sahara,Matthew McConaughey|Penélope Cruz|Steve Zahn|William H. Macy|Lennie James,16,Breck Eisner,James V. Hart|Thomas Dean Donnelly|John C. Richards|Joshua Oppenheimer,Stephanie Austin|Mace Neufeld|Howard Baldwin|Karen Elise Baldwin,Clint Mansell
2114,Final Fantasy: The Spirits Within,Donald Sutherland|Ming-Na Wen|Alec Baldwin|Ving Rhames|Steve Buscemi,9,Hironobu Sakaguchi|Motonori Sakakibara,Al Reinert|Jeff Vintar|Jack Fletcher|Ramin Mebdy,Jun Aida|Chris Lee,Elliot Goldenthal|Joel Iwataki|Dirk Brossé
1771,Captain America: The First Avenger,Chris Evans|Hugo Weaving|Tommy Lee Jones|Hayley Atwell|Sebastian Stan,56,Joe Johnston,Christopher Markus|Stephen McFeely,Kevin Feige|Victoria Alonso|Mitchell Bell|Stephen Broussard|Richard Whelan,Alan Silvestri
36643,The World Is Not Enough,Pierce Brosnan|Sophie Marceau|Robert Carlyle|Denise Richards|Robbie Coltrane,20,Michael Apted,Bruce Feirstein|Robert Wade|Neal Purvis,Barbara Broccoli|Michael G. Wilson,David Arnold
8619,Master and Commander: The Far Side of the World,Russell Crowe|Paul Bettany|James D'Arcy|Billy Boyd|Joseph Morgan,26,Peter Weir,Peter Weir|John Collee,Peter Weir|Duncan Henderson|Samuel Goldwyn Jr.,Iva Davies|Richard Tognetti|Christopher Gordon
50620,The Twilight Saga: Breaking Dawn - Part 2,Kristen Stewart|Robert Pattinson|Taylor Lautner|Peter Facinelli|Elizabeth Reaser,56,Bill Condon,Melissa Rosenberg,Karen Rosenfelt|Wyck Godfrey|Stephenie Meyer,Carter Burwell
65759,Happy Feet Two,Elijah Wood|Robin Williams|Pink|E.G. Daily|Johnny A. Sanchez,26,George Miller,George Miller|Warren Coleman|Paul Livingston|Gary Eck,George Miller|Doug Mitchell|Bill Miller,John Powell
1724,The Incredible Hulk,Edward Norton|Liv Tyler|Tim Roth|William Hurt|Tim Blake Nelson,68,Louis Leterrier,Zak Penn,Gale Anne Hurd|Kevin Feige,Craig Armstrong
267935,The BFG,Ruby Barnhill|Mark Rylance|Rebecca Hall|Jemaine Clement|Bill Hader,23,Steven Spielberg,Roald Dahl|Melissa Mathison,Sam Mercer|Steven Spielberg|Frank Marshall,John Williams
281957,The Revenant,Leonardo DiCaprio|Tom Hardy|Will Poulter|Domhnall Gleeson|Paul Anderson,19,Alejandro González Iñárritu,Alejandro González Iñárritu|Mark L. Smith,Steve Golin|Arnon Milchan|James W. Skotchdopole|David Kanter|Keith Redmon,Ryuichi Sakamoto|Carsten Nicolai
77950,Turbo,Ryan Reynolds|Paul Giamatti|Michael Peña|Samuel L. Jackson|Luis Guzmán,12,David Soren,David Soren|Robert D. Siegel|Darren Lemke|Guy Bar'ely,Lisa Stewart,
44896,Rango,Johnny Depp|Isla Fisher|Ned Beatty|Bill Nighy|Alfred Molina,17,Gore Verbinski,Gore Verbinski|John Logan|John Logan|James Ward Byrkit,Gore Verbinski|Graham King|John B. Carls,
270946,Penguins of Madagascar,Tom McGrath|Chris Miller|Christopher Knights|Conrad Vernon|John Malkovich,16,Eric Darnell|Simon J. Smith,Michael Colton|John Aboud,,
2503,The Bourne Ultimatum,Matt Damon|Julia Stiles|David Strathairn|Scott Glenn|Paddy Considine,46,Paul Greengrass,George Nolfi|Scott Z. Burns|Tony Gilroy,Frank Marshall|Patrick Crowley|Paul Sandberg|Andrew R. Tennenbaum,John Powell
9502,Kung Fu Panda,Jack Black|Dustin Hoffman|Angelina Jolie|Jackie Chan|Lucy Liu,26,Mark Osborne|John Stevenson,Glenn Berger|Jonathan Aibel,,Hans Zimmer|John Powell
102899,Ant-Man,Paul Rudd|Michael Douglas|Evangeline Lilly|Corey Stoll|Bobby Cannavale,65,Peyton Reed,Paul Rudd|Edgar Wright|Edgar Wright|Adam McKay|Joe Cornish,Kevin Feige,Christophe Beck
101299,The Hunger Games: Catching Fire,Jennifer Lawrence|Josh Hutcherson|Liam Hemsworth|Woody Harrelson|Elizabeth Banks,52,Francis Lawrence,Michael Arndt|Simon Beaufoy,Jon Kilik|Nina Jacobson,James Newton Howard
228161,Home,Jim Parsons|Rihanna|Steve Martin|Jennifer Lopez|Matt Jones,11,Tim Johnson,Tom J. Astle|Matt Ember|Todd Wilderman,Mireille Soria|Christopher Jenkins|Suzanne Buirgy,Lorne Balfe
74,War of the Worlds,Tom Cruise|Dakota Fanning|Miranda Otto|Justin Chatwin|Tim Robbins,29,Steven Spielberg,,Kathleen Kennedy|Colin Wilson,John Williams
8961,Bad Boys II,Martin Lawrence|Will Smith|Jordi Mollà|Gabrielle Union|Peter Stormare,21,Michael Bay,Ron Shelton|Ron Shelton|Cormac Wibberley|Marianne Wibberley|Jerry Stahl,Jerry Bruckheimer,Trevor Rabin
417859,Puss in Boots,Antonio Banderas|Salma Hayek|Zach Galifianakis|Billy Bob Thornton|Amy Sedaris,25,Chris Miller,William Davies|Tom Wheeler|Tom Wheeler|Brian Lynch,Latifa Ouaou|Joe M. Aguilar,Henry Jackman
27576,Salt,Angelina Jolie|Liev Schreiber|Chiwetel Ejiofor|Daniel Olbrychski|August Diehl,42,Phillip Noyce,Kurt Wimmer,Lorenzo di Bonaventura|Sunil Perkash,James Newton Howard
86834,Noah,Russell Crowe|Jennifer Connelly|Emma Watson|Logan Lerman|Anthony Hopkins,18,Darren Aronofsky,Darren Aronofsky|Ari Handel,Arnon Milchan|Darren Aronofsky|Mary Parent|Scott Franklin,Clint Mansell
17578,The Adventures of Tintin,Jamie Bell|Andy Serkis|Daniel Craig|Nick Frost|Simon Pegg,16,Steven Spielberg,Edgar Wright|Steven Moffat|Joe Cornish,Steven Spielberg|Kathleen Kennedy|Peter Jackson|Carolynne Cunningham|Jason D. McGatlin,John Williams
673,Harry Potter and the Prisoner of Azkaban,Daniel Radcliffe|Rupert Grint|Emma Watson|Gary Oldman|David Thewlis,51,Alfonso Cuarón,Steve Kloves,Lorne Orleans|David Heyman|Mark Radcliffe,John Williams
6972,Australia,Nicole Kidman|Hugh Jackman|Essie Davis|David Wenham|Bryan Brown,45,Baz Luhrmann,Stuart Beattie|Ronald Harwood|Baz Luhrmann|Baz Luhrmann|Richard Flanagan,Baz Luhrmann|Catherine Martin|Catherine Knapman|G. Mac Brown|Paul Watters,David Hirschfelder
82700,After Earth,Jaden Smith|Will Smith|Sophie Okonedo|Zoë Kravitz|Glenn Morshower,19,M. Night Shyamalan,Will Smith|M. Night Shyamalan|Gary Whitta,Will Smith|Jada Pinkett Smith|James Lassiter|Caleeb Pinkett,James Newton Howard
10567,Dinosaur,D. B. Sweeney|Alfre Woodard|Ossie Davis|Max Casella|Hayden Panettiere,10,Ralph Zondag|Eric Leighton,John Harrison,Pam Marsden|Baker Bloodworth,James Newton Howard
181533,Night at the Museum: Secret of the Tomb,Ben Stiller|Rami Malek|Rebel Wilson|Robin Williams|Owen Wilson,26,Shawn Levy,Thomas Lennon|Ben Garant|David Guion|Michael Handelman,Chris Columbus|Mark Radcliffe|Shawn Levy,
38055,Megamind,Will Ferrell|Brad Pitt|Tina Fey|Jonah Hill|David Cross,23,Tom McGrath,Alan J. Schoolcraft|Brent Simons,Lara Breay|Denise Nolan Cascino,Hans Zimmer|Lorne Balfe
671,Harry Potter and the Philosopher's Stone,Daniel Radcliffe|Rupert Grint|Emma Watson|Richard Harris|Tom Felton,58,Chris Columbus,Steve Kloves,David Heyman,John Williams
49524,R.I.P.D.,Jeff Bridges|Ryan Reynolds|Kevin Bacon|Stephanie Szostak|Mary-Louise Parker,35,Robert Schwentke,David Dobkin|Phil Hay|Phil Hay|Matt Manfredi|Matt Manfredi,Michael Fottrell|Neal H. Moritz|Mike Richardson,Christophe Beck
22,Pirates of the Caribbean: The Curse of the Black Pearl,Johnny Depp|Geoffrey Rush|Orlando Bloom|Keira Knightley|Jack Davenport,70,Gore Verbinski,Ted Elliott|Terry Rossio,Jerry Bruckheimer,Klaus Badelt
131631,The Hunger Games: Mockingjay - Part 1,Jennifer Lawrence|Josh Hutcherson|Liam Hemsworth|Woody Harrelson|Donald Sutherland,54,Francis Lawrence,Danny Strong|Peter Craig,Jon Kilik|Nina Jacobson,James Newton Howard
591,The Da Vinci Code,Tom Hanks|Audrey Tautou|Ian McKellen|Paul Bettany|Jean Reno,18,Ron Howard,Akiva Goldsman,Brian Grazer|Ron Howard|Kathleen McGill|Louisa Velis|John Calley,Hans Zimmer
172385,Rio 2,Jesse Eisenberg|Anne Hathaway|Leslie Mann|Jamie Foxx|Andy García,21,Carlos Saldanha,Carlos Saldanha|Don Rhymer|Jenny Bicks|Yoni Brenner|Carlos Kotkin,John C. Donkin|Bruce Anderson,John Powell
36658,X2,Patrick Stewart|Hugh Jackman|Ian McKellen|Halle Berry|Famke Janssen,31,Bryan Singer,Bryan Singer|Michael Dougherty|Zak Penn|David Hayter|David Hayter,Ralph Winter|Lauren Shuler Donner,
51497,Fast Five,Vin Diesel|Paul Walker|Jordana Brewster|Tyrese Gibson|Ludacris,36,Justin Lin,Chris Morgan,Michael Fottrell|Neal H. Moritz|Vin Diesel,Brian Tyler
58574,Sherlock Holmes: A Game of Shadows,Robert Downey Jr.|Jude Law|Jared Harris|Noomi Rapace|Kelly Reilly,25,Guy Ritchie,Michele Mulroney|Kieran Mulroney,Joel Silver|Lionel Wigram|Susan Downey|Dan Lin,Hans Zimmer
18823,Clash of the Titans,Sam Worthington|Liam Neeson|Ralph Fiennes|Gemma Arterton|Jason Flemyng,35,Louis Leterrier,Phil Hay|Matt Manfredi|Travis Beacham,Basil Iwanyk|Kevin De La Noy|Karl McMillan,
861,Total Recall,Arnold Schwarzenegger|Sharon Stone|Rachel Ticotin|Ronny Cox|Michael Ironside,21,Paul Verhoeven,Dan O'Bannon|Ronald Shusett|Gary Goldman,Ronald Shusett|Buzz Feitshans,Jerry Goldsmith
1911,The 13th Warrior,Antonio Banderas|Vladimir Kulich|Dennis Storhøi|Daniel Southern|Clive Russell,19,John McTiernan,William Wisher Jr.|Warren Lewis,John McTiernan|Michael Crichton|Ned Dowd,Jerry Goldsmith
49040,The Bourne Legacy,Jeremy Renner|Rachel Weisz|Edward Norton|Scott Glenn|Stacy Keach,31,Tony Gilroy,Tony Gilroy,Frank Marshall|Patrick Crowley,James Newton Howard
415,Batman & Robin,George Clooney|Chris O'Donnell|Arnold Schwarzenegger|Uma Thurman|Alicia Silverstone,14,Joel Schumacher,,Peter Macgregor-Scott,Elliot Goldenthal
8871,How the Grinch Stole Christmas,Jim Carrey|Taylor Momsen|Jeffrey Tambor|Christine Baranski|Bill Irwin,17,Ron Howard,Jeffrey Price|Peter S. Seaman,Brian Grazer|Ron Howard,James Horner
435,The Day After Tomorrow,Dennis Quaid|Jake Gyllenhaal|Emmy Rossum|Dash Mihok|Jay O. Sanders,27,Roland Emmerich,,Roland Emmerich|Mark Gordon,Harald Kloser|Thomas Wanker
955,Mission: Impossible II,Tom Cruise|Dougray Scott|Thandie Newton|Ving Rhames|Richard Roxburgh,17,John Woo,Ronald D. Moore|Brannon Braga|Robert Towne,Tom Cruise|Paula Wagner,Hans Zimmer
2133,The Perfect Storm,George Clooney|Mark Wahlberg|Diane Lane|John C. Reilly|William Fichtner,28,Wolfgang Petersen,William D. Wittliff,Wolfgang Petersen|Paula Weinstein|Gail Katz,James Horner
1979,Fantastic 4: Rise of the Silver Surfer,Ioan Gruffudd|Jessica Alba|Chris Evans|Michael Chiklis|Julian McMahon,18,Tim Story,Don Payne|Mark Frost|Mark Frost|John Turman,Bernd Eichinger|Ralph Winter|Avi Arad,John Ottman
87827,Life of Pi,Suraj Sharma|Irrfan Khan|Ayush Tandon|Gautam Belur|Adil Hussain,21,Ang Lee,David Magee,Gil Netter|David Womark,
1250,Ghost Rider,Nicolas Cage|Eva Mendes|Wes Bentley|Donal Logue|Sam Elliott,19,Mark Steven Johnson,Mark Steven Johnson,Michael De Luca|Avi Arad|Gary Foster|Steven Paul,Christopher Young
324668,Jason Bourne,Matt Damon|Alicia Vikander|Tommy Lee Jones|Vincent Cassel|Julia Stiles,208,Paul Greengrass,Paul Greengrass|Christopher Rouse,Frank Marshall|Matt Damon|Paul Greengrass|Gregory Goodman|Jeffrey M. Weiner,John Powell|David Buckley
9471,Charlie's Angels: Full Throttle,Cameron Diaz|Drew Barrymore|Lucy Liu|Bernie Mac|Robert Patrick,24,McG,John August|Cormac Wibberley|Marianne Wibberley,Nancy Juvonen|Drew Barrymore|Leonard Goldberg,Ed Shearmur
70981,Prometheus,Noomi Rapace|Michael Fassbender|Guy Pearce|Idris Elba|Logan Marshall-Green,26,Ridley Scott,Damon Lindelof|Jon Spaihts,Ridley Scott|David Giler|Walter Hill,Marc Streitenfeld
10996,Stuart Little 2,Michael J. Fox|Geena Davis|Hugh Laurie|Jonathan Lipnicki|Anna Hoelck,14,Rob Minkoff,E.B. White,Douglas Wick,Alan Silvestri
68724,Elysium,Matt Damon|Jodie Foster|Sharlto Copley|Alice Braga|Diego Luna,24,Neill Blomkamp,Neill Blomkamp,Simon Kinberg|Bill Block|Neill Blomkamp,Ryan Amon
2789,The Chronicles of Riddick,Vin Diesel|Thandie Newton|Karl Urban|Colm Feore|Linus Roache,19,David Twohy,David Twohy,Scott Kroopf|Vin Diesel,
97020,RoboCop,Joel Kinnaman|Gary Oldman|Michael Keaton|Abbie Cornish|Jackie Earle Haley,16,José Padilha,Joshua Zetumer,Roger Birnbaum|Gary Barber|Marc Abraham|Eric Newman,Pedro Bromfman
7459,Speed Racer,Emile Hirsch|Christina Ricci|Matthew Fox|Susan Sarandon|Scott Porter,26,Lilly Wachowski|Lana Wachowski,Lilly Wachowski|Lana Wachowski,Joel Silver|Grant Hill|Lilly Wachowski|Lana Wachowski|Jessica Alan,Michael Giacchino
42888,How Do You Know,Reese Witherspoon|Paul Rudd|Owen Wilson|Jack Nicholson|Kathryn Hahn,16,James L. Brooks,James L. Brooks,James L. Brooks|Laurence Mark|Paula Weinstein|Julie Ansell,Hans Zimmer
37834,Knight and Day,Tom Cruise|Cameron Diaz|Peter Sarsgaard|Viola Davis|Jordi Mollà,19,James Mangold,Patrick O'Neill,Cathy Konrad|Steve Pink|Todd Garner,
75612,Oblivion,Tom Cruise|Morgan Freeman|Olga Kurylenko|Andrea Riseborough|Nikolaj Coster-Waldau,15,Joseph Kosinski,Michael Arndt|Karl Gajdusek,Duncan Henderson|Barry Levine|Joseph Kosinski|Peter Chernin|Dylan Clark,M83|Joseph Trapanese|Anthony Gonzalez
1895,Star Wars: Episode III - Revenge of the Sith,Ewan McGregor|Natalie Portman|Hayden Christensen|Ian McDiarmid|Samuel L. Jackson,60,George Lucas,George Lucas,Rick McCallum,John Williams
1894,Star Wars: Episode II - Attack of the Clones,Ewan McGregor|Natalie Portman|Hayden Christensen|Ian McDiarmid|Samuel L. Jackson,42,George Lucas,George Lucas|Jonathan Hales,George Lucas|Rick McCallum,John Williams
585,"Monsters, Inc.",John Goodman|Billy Crystal|Mary Gibbs|Steve Buscemi|James Coburn,53,Pete Docter,Andrew Stanton|Daniel Gerson,Darla K. Anderson,Randy Newman
76170,The Wolverine,Hugh Jackman|Hiroyuki Sanada|Famke Janssen|Will Yun Lee|Tao Okamoto,22,James Mangold,Scott Frank|Mark Bomback,Hugh Jackman|Lauren Shuler Donner|Hutch Parker,Marco Beltrami
1893,Star Wars: Episode I - The Phantom Menace,Liam Neeson|Ewan McGregor|Natalie Portman|Jake Lloyd|Ian McDiarmid,58,George Lucas,George Lucas,Rick McCallum,John Williams
49519,The Croods,Nicolas Cage|Emma Stone|Ryan Reynolds|Catherine Keener|Cloris Leachman,8,Chris Sanders|Kirk De Micco,John Cleese|Chris Sanders|Kirk De Micco,Jane Hartwell|Kristine Belson,
2395,Asterix at the Olympic Games,Clovis Cornillac|Gérard Depardieu|Franck Dubosc|José Garcia|Stéphane Rousseau,26,Thomas Langmann|Frédéric Forestier,Thomas Langmann|Alexandre Charlot|Olivier Dazat|Franck Magnier,Thomas Langmann|Frédéric Forestier,Frédéric Talgorn
12100,Windtalkers,Nicolas Cage|Adam Beach|Peter Stormare|Noah Emmerich|Mark Ruffalo,10,John Woo,John Rice|Joe Batteer,John Woo|Terence Chang|Tracie Graham-Rice|Alison R. Rosenzweig,James Horner
290595,The Huntsman: Winter's War,Chris Hemsworth|Charlize Theron|Emily Blunt|Jessica Chastain|Nick Frost,42,Cedric Nicolas-Troyan,Craig Mazin|Evan Spiliotopoulos,Joe Roth,
98566,Teenage Mutant Ninja Turtles,Megan Fox|Will Arnett|William Fichtner|Alan Ritchson|Noel Fisher,28,Jonathan Liebesman,Josh Appelbaum|Evan Daugherty|André Nemec,Michael Bay|Galen Walker|Andrew Form|Bradley Fuller|Scott Mednick,
49047,Gravity,Sandra Bullock|George Clooney|Ed Harris|Orto Ignatiussen|Phaldut Sharma,7,Alfonso Cuarón,Alfonso Cuarón|Jonás Cuarón,David Heyman|Alfonso Cuarón,Steven Price
9619,Dante's Peak,Pierce Brosnan|Linda Hamilton|Jamie Renée Smith|Jeremy Foley|Elizabeth Hoffman,16,Roger Donaldson,Leslie Bohem,Gale Anne Hurd|Joseph Singer,John Frizzell
308531,Teenage Mutant Ninja Turtles: Out of the Shadows,Megan Fox|Stephen Amell|Will Arnett|Laura Linney|Pete Ploszek,25,Dave Green,Josh Appelbaum|André Nemec,,Steve Jablonsky
166424,Fantastic Four,Miles Teller|Kate Mara|Michael B. Jordan|Jamie Bell|Toby Kebbell,28,Josh Trank,Simon Kinberg|Josh Trank|Jeremy Slater,Robert Kulzer|Matthew Vaughn|Simon Kinberg|Gregory Goodman|Hutch Parker,
1593,Night at the Museum,Ben Stiller|Jake Cherry|Carla Gugino|Robin Williams|Dick Van Dyke,21,Shawn Levy,Thomas Lennon|Ben Garant,Chris Columbus|Shawn Levy|Michael Barnathan,Alan Silvestri
254128,San Andreas,Dwayne Johnson|Alexandra Daddario|Carla Gugino|Ioan Gruffudd|Archie Panjabi,45,Brad Peyton,Jeremy Passmore|Carlton Cuse|Andre Fabrizio,Beau Flynn,Andrew Lockington
714,Tomorrow Never Dies,Pierce Brosnan|Jonathan Pryce|Michelle Yeoh|Teri Hatcher|Ricky Jay,34,Roger Spottiswoode,Bruce Feirstein,Barbara Broccoli|Michael G. Wilson,David Arnold
2024,The Patriot,Mel Gibson|Heath Ledger|Joely Richardson|Jason Isaacs|Tchéky Karyo,21,Roland Emmerich,Robert Rodat,Gary Levinsohn|Mark Gordon|Dean Devlin,John Williams
163,Ocean's Twelve,George Clooney|Brad Pitt|Catherine Zeta-Jones|Julia Roberts|Andy García,27,Steven Soderbergh,George Nolfi,Jerry Weintraub,David Holmes
787,Mr. & Mrs. Smith,Angelina Jolie|Brad Pitt|Vince Vaughn|Adam Brody|Kerry Washington,15,Doug Liman,Simon Kinberg,Eric McLeod|Arnon Milchan|Akiva Goldsman|Lucas Foster|Patrick Wachsberger,John Powell
262500,Insurgent,Shailene Woodley|Theo James|Kate Winslet|Ansel Elgort|Miles Teller,24,Robert Schwentke,Akiva Goldsman|Mark Bomback|Brian Duffield,Douglas Wick|Lucy Fisher|Pouya Shahbazian,Joseph Trapanese
2567,The Aviator,Leonardo DiCaprio|Cate Blanchett|Kate Beckinsale|John C. Reilly|Alec Baldwin,65,Martin Scorsese,John Logan,Michael Mann|Graham King|Sandy Climan|Charles Evans Jr.|Matthias Deyle,Howard Shore
38745,Gulliver's Travels,Jack Black|Amanda Peet|Emily Blunt|Jason Segel|Chris O'Dowd,16,Rob Letterman,Joe Stillman|Nicholas Stoller,,Henry Jackman
40805,The Green Hornet,Seth Rogen|Jay Chou|Christoph Waltz|Cameron Diaz|Edward Furlong,13,Michel Gondry,Seth Rogen|Evan Goldberg,Neal H. Moritz,James Newton Howard
53182,300: Rise of an Empire,Sullivan Stapleton|Eva Green|Lena Headey|Callan Mulvey|David Wenham,42,Noam Murro,Zack Snyder|Kurt Johnstad,Gianni Nunnari|Zack Snyder|Mark Canton|Thomas Tull|Bernie Goldmann,
41513,The Smurfs,Hank Azaria|Neil Patrick Harris|Jayma Mays|Sofía Vergara|Tim Gunn,29,Raja Gosnell,J. David Stem|J. David Stem|David N. Weiss|David N. Weiss|David Ronn,Jordan Kerner,Heitor Pereira
13700,Home on the Range,Roseanne Barr|Judi Dench|Jennifer Tilly|Steve Buscemi|G. W. Bailey,21,Will Finn|John Sanford,Mark Kennedy|Will Finn|Will Finn|John Sanford|John Sanford,Alice Dewey,Alan Menken
262504,Allegiant,Shailene Woodley|Theo James|Zoë Kravitz|Miles Teller|Naomi Watts,34,Robert Schwentke,Stephen Chbosky|Adam Cooper|Bill Collage|Noah Oppenheim,Douglas Wick|Lucy Fisher|Pouya Shahbazian,Joseph Trapanese
39254,Real Steel,Hugh Jackman|Dakota Goyo|Evangeline Lilly|Anthony Mackie|Kevin Durand,172,Shawn Levy,Richard Matheson|Jeremy Leven|John Gatins|Dan Gilroy|Leslie Bohem,Don Murphy|Shawn Levy|Susan Montford,Danny Elfman
77931,The Smurfs 2,Hank Azaria|Neil Patrick Harris|Brendan Gleeson|Jayma Mays|Jonathan Winters,32,Raja Gosnell,Karey Kirkpatrick,,
1639,Speed 2: Cruise Control,Sandra Bullock|Jason Patric|Willem Dafoe|Temuera Morrison|Mike Hagerty,16,Jan de Bont,Jan de Bont|Jeff Nathanson|Randall McCormick,Jan de Bont|Steve Perry|Michael Peyser,Mark Mancina
80274,Ender's Game,Asa Butterfield|Harrison Ford|Hailee Steinfeld|Abigail Breslin|Ben Kingsley,20,Gavin Hood,Gavin Hood,Alex Kurtzman|Roberto Orci|Robert Chartoff|Gigi Pritzker|Lynn Hendee,Steve Jablonsky
1571,Live Free or Die Hard,Bruce Willis|Justin Long|Timothy Olyphant|Cliff Curtis|Maggie Q,23,Len Wiseman,David Marconi|Mark Bomback|Mark Bomback,Michael Fottrell,Marco Beltrami
120,The Lord of the Rings: The Fellowship of the Ring,Elijah Wood|Ian McKellen|Cate Blanchett|Orlando Bloom|Sean Bean,26,Peter Jackson,Peter Jackson|Fran Walsh|Philippa Boyens,Barrie M. Osborne|Peter Jackson,Howard Shore
10204,Around the World in 80 Days,Jackie Chan|Steve Coogan|Cécile de France|Robert Fyfe|Jim Broadbent,26,Frank Coraci,David N. Titcher|David Benullo|David Andrew Goldstein,Hal Lieberman|Bill Badalato,Trevor Jones|David A. Stewart
8489,Ali,Will Smith|Jamie Foxx|Jon Voight|Mario Van Peebles|Ron Silver,56,Michael Mann,Eric Roth|Michael Mann|Christopher Wilkinson|Stephen J. Rivele|Gregory Allen Howard,Michael Mann|Jon Peters|James Lassiter|Paul Ardaji,Lisa Gerrard|Pieter Bourke
10588,The Cat in the Hat,Mike Myers|Dakota Fanning|Spencer Breslin|Kelly Preston|Alec Baldwin,11,Bo Welch,Jeff Schaffer|Alec Berg|David Mandel,Brian Grazer,David Newman
2048,"I, Robot",Will Smith|Bridget Moynahan|Alan Tudyk|James Cromwell|Bruce Greenwood,21,Alex Proyas,Akiva Goldsman|Jeff Vintar,John Davis|Wyck Godfrey|Laurence Mark|Topher Dow|Michael Lee Baron,Marco Beltrami
1495,Kingdom of Heaven,Orlando Bloom|Eva Green|Jeremy Irons|Marton Csokas|Brendan Gleeson,20,Ridley Scott,William Monahan,Ridley Scott,Harry Gregson-Williams
10137,Stuart Little,Michael J. Fox|Geena Davis|Hugh Laurie|Jonathan Lipnicki|Nathan Lane,18,Rob Minkoff,M. Night Shyamalan|Greg Brooker,Douglas Wick,
10198,The Princess and the Frog,Anika Noni Rose|Bruno Campos|Keith David|Michael-Leon Wooley|Jennifer Cody,23,Ron Clements|John Musker,Ron Clements|Ron Clements|John Musker|John Musker|Rob Edwards,Peter Del Vecho,Randy Newman
286217,The Martian,Matt Damon|Jessica Chastain|Kristen Wiig|Jeff Daniels|Michael Peña,51,Ridley Scott,Drew Goddard,Ridley Scott|Mark Huffam|Simon Kinberg|Michael Schaefer,Harry Gregson-Williams
1635,The Island,Ewan McGregor|Scarlett Johansson|Djimon Hounsou|Sean Bean|Steve Buscemi,41,Michael Bay,Alex Kurtzman|Roberto Orci|Caspian Tredwell-Owen|Caspian Tredwell-Owen,Michael Bay|Walter F. Parkes|Ian Bryce,Steve Jablonsky
24113,Town & Country,Warren Beatty|Diane Keaton|Goldie Hawn|Garry Shandling|Andie MacDowell,10,Peter Chelsom,Buck Henry,,
9679,Gone in Sixty Seconds,Nicolas Cage|Angelina Jolie|Giovanni Ribisi|Delroy Lindo|Will Patton,23,Dominic Sena,Scott Rosenberg,Jerry Bruckheimer|Mike Stenson,Trevor Rabin
98,Gladiator,Russell Crowe|Joaquin Phoenix|Connie Nielsen|Oliver Reed|Richard Harris,38,Ridley Scott,David Franzoni|John Logan|William Nicholson,David Franzoni|Branko Lustig|Douglas Wick,Hans Zimmer|Lisa Gerrard
180,Minority Report,Tom Cruise|Colin Farrell|Samantha Morton|Max von Sydow|Lois Smith,23,Steven Spielberg,Scott Frank|Jon Cohen,Jan de Bont|Bonnie Curtis|Gerald R. Molen|Walter F. Parkes,John Williams|Paul Haslinger
672,Harry Potter and the Chamber of Secrets,Daniel Radcliffe|Rupert Grint|Emma Watson|Richard Harris|Alan Rickman,61,Chris Columbus,Steve Kloves,David Heyman,John Williams
36557,Casino Royale,Daniel Craig|Eva Green|Mads Mikkelsen|Judi Dench|Jeffrey Wright,79,Martin Campbell,Paul Haggis|Robert Wade|Neal Purvis,Barbara Broccoli|Michael G. Wilson,
869,Planet of the Apes,Mark Wahlberg|Tim Roth|Helena Bonham Carter|Michael Clarke Duncan|Kris Kristofferson,23,Tim Burton,,Richard D. Zanuck,Danny Elfman
280,Terminator 2: Judgment Day,Arnold Schwarzenegger|Linda Hamilton|Robert Patrick|Edward Furlong|Michael Edwards,42,James Cameron,James Cameron|William Wisher Jr.,James Cameron,Brad Fiedel
11322,Public Enemies,Christian Bale|Johnny Depp|Giovanni Ribisi|Billy Crudup|Marion Cotillard,49,Michael Mann,Michael Mann|Ann Biderman|Ronan Bennett,Michael Mann|Kevin Misher,Elliot Goldenthal
4982,American Gangster,Denzel Washington|Russell Crowe|Chiwetel Ejiofor|Josh Brolin|Lymari Nadal,110,Ridley Scott,Steven Zaillian|Mark Jacobson,Brian Grazer|Ridley Scott,Marc Streitenfeld
36955,True Lies,Arnold Schwarzenegger|Jamie Lee Curtis|Tom Arnold|Bill Paxton|Tia Carrere,10,James Cameron,James Cameron,James Cameron|Stephanie Austin,Brad Fiedel
18487,The Taking of Pelham 1 2 3,Denzel Washington|John Travolta|Luis Guzmán|Victor Gojcaj|John Turturro,22,Tony Scott,Brian Helgeland,Richard Baratta|Todd Black|Jason Blumenthal,Harry Gregson-Williams
39451,Little Fockers,Robert De Niro|Ben Stiller|Owen Wilson|Dustin Hoffman|Barbra Streisand,18,Paul Weitz,Larry Stuckey|John Hamburg,Robert De Niro|Jane Rosenthal|Jay Roach|John Hamburg,
27581,The Other Guys,Will Ferrell|Mark Wahlberg|Eva Mendes|Samuel L. Jackson|Dwayne Johnson,29,Adam McKay,Adam McKay|Chris Henchy,Will Ferrell|Patrick Crowley|Adam McKay|Jimmy Miller,
9268,Eraser,Arnold Schwarzenegger|James Caan|Vanessa Williams|James Coburn|Robert Pastorelli,18,Chuck Russell,Walon Green|Walon Green|Tony Puryear|Tony Puryear|Michael S. Chernuchin,Arnold Kopelson|Anne Kopelson,Alan Silvestri
68718,Django Unchained,Jamie Foxx|Christoph Waltz|Leonardo DiCaprio|Kerry Washington|Samuel L. Jackson,115,Quentin Tarantino,Quentin Tarantino,Stacey Sher|Reginald Hudlin|Pilar Savone,
10545,The Hunchback of Notre Dame,Tom Hulce|Demi Moore|Tony Jay|Kevin Kline|Paul Kandel,17,Gary Trousdale|Kirk Wise,Jonathan Roberts|Irene Mecchi|Tab Murphy|Tab Murphy|Bob Tzudiker,Don Hahn,Alan Menken
11688,The Emperor's New Groove,David Spade|John Goodman|Eartha Kitt|Patrick Warburton|Wendie Malick,11,Mark Dindal,David Reynolds|Mark Dindal|Chris Williams,Randy Fullmer,John Debney
76163,The Expendables 2,Sylvester Stallone|Jason Statham|Dolph Lundgren|Bruce Willis|Arnold Schwarzenegger,17,Simon West,Sylvester Stallone|Richard Wenk|Richard Wenk|Ken Kaufman|David Agosto,Kevin King Templeton|Les Weldon|Danny Lerner|Avi Lerner|John Thompson,
2059,National Treasure,Nicolas Cage|Diane Kruger|Justin Bartha|Sean Bean|Jon Voight,38,Jon Turteltaub,Jim Kouf|Cormac Wibberley|Marianne Wibberley,Jerry Bruckheimer|Jon Turteltaub,Trevor Rabin
2486,Eragon,Ed Speleers|Jeremy Irons|Sienna Guillory|Robert Carlyle|Djimon Hounsou,15,Stefen Fangmeier,Peter Buchman,John Davis|Wyck Godfrey,Patrick Doyle
16523,Where the Wild Things Are,Max Records|Catherine Keener|Lauren Ambrose|James Gandolfini|Catherine O'Hara,17,Spike Jonze,Spike Jonze|Dave Eggers,Tom Hanks|Vincent Landay|Gary Goetzman|John B. Carls|Maurice Sendak,
116711,Epic,Josh Hutcherson|Amanda Seyfried|Colin Farrell|Jason Sudeikis|Aziz Ansari,25,Chris Wedge,James V. Hart|Tom J. Astle|Matt Ember|William Joyce|Daniel Shere,Lori Forte|Jerry Davis,Danny Elfman
37710,The Tourist,Johnny Depp|Angelina Jolie|Paul Bettany|Timothy Dalton|Steven Berkoff,46,Florian Henckel von Donnersmarck,Florian Henckel von Donnersmarck|Christopher McQuarrie|Julian Fellowes,Roger Birnbaum|Gary Barber|Graham King|Jonathan Glickman|Tim Headington,James Newton Howard
9946,End of Days,Arnold Schwarzenegger|Gabriel Byrne|Kevin Pollak|Robin Tunney|CCH Pounder,13,Peter Hyams,Andrew W. Marlowe,Armyan Bernstein|Bill Borden,John Debney
1372,Blood Diamond,Leonardo DiCaprio|Djimon Hounsou|Jennifer Connelly|Kagiso Kuypers|Arnold Vosloo,22,Edward Zwick,Charles Leavitt|Charles Leavitt|C. Gaby Mitchell,Edward Zwick|Marshall Herskovitz|Gillian Gorfil|Graham King|Darrell James Roodt,James Newton Howard
106646,The Wolf of Wall Street,Leonardo DiCaprio|Jonah Hill|Margot Robbie|Kyle Chandler|Rob Reiner,140,Martin Scorsese,Terence Winter,Martin Scorsese|Leonardo DiCaprio|Emma Tillinger Koskoff|Riza Aziz|Joey McFarland,
414,Batman Forever,Val Kilmer|Tommy Lee Jones|Jim Carrey|Nicole Kidman|Chris O'Donnell,17,Joel Schumacher,Lee Batchler|Janet Scott Batchler|Akiva Goldsman,Tim Burton|Peter Macgregor-Scott,Elliot Goldenthal
563,Starship Troopers,Casper Van Dien|Dina Meyer|Denise Richards|Jake Busey|Neil Patrick Harris,20,Paul Verhoeven,Edward Neumeier,Alan Marshall|Edward Neumeier|Jon Davison|Frances Doel|Stacy Lumbrezer,Basil Poledouris
83542,Cloud Atlas,Tom Hanks|Halle Berry|Jim Broadbent|Hugo Weaving|Jim Sturgess,30,Tom Tykwer|Lilly Wachowski|Lana Wachowski,Tom Tykwer|Lilly Wachowski|Lana Wachowski,Tom Tykwer|Stefan Arndt|Grant Hill|Lilly Wachowski|Lana Wachowski,Johnny Klimek|Reinhold Heil
41216,Legend of the Guardians: The Owls of Ga'Hoole,Emily Barclay|Abbie Cornish|Essie Davis|Joel Edgerton|Deborra-Lee Furness,22,Zack Snyder,John Orloff|Emil Stern,Zareh Nalbandian,David Hirschfelder
314,Catwoman,Halle Berry|Benjamin Bratt|Sharon Stone|Lambert Wilson|Frances Conroy,58,Pitof,John D. Brancato|Michael Ferris|John Rogers|Theresa Rebeck,Denise Di Novi|Edward McDonnell,Klaus Badelt
184315,Hercules,Dwayne Johnson|Ian McShane|John Hurt|Rufus Sewell|Aksel Hennie,26,Brett Ratner,Evan Spiliotopoulos|Ryan Condal,Beau Flynn|Brett Ratner|Barry Levine,Johannes Vogel
9016,Treasure Planet,Joseph Gordon-Levitt|Brian Murray|David Hyde Pierce|Emma Thompson|Michael Wincott,28,Ron Clements|John Musker,Ron Clements|John Musker|Rob Edwards,Ron Clements|John Musker|Roy Conli,James Newton Howard
18162,Land of the Lost,Will Ferrell|Anna Friel|Danny McBride|Jorma Taccone|Matt Lauer,18,Brad Silberling,Chris Henchy|Dennis McNicholas,Jimmy Miller|Michele Panelli-Venetis|Jessica Elbaum|Sid Krofft|Marty Krofft,Michael Giacchino
138103,The Expendables 3,Sylvester Stallone|Jason Statham|Harrison Ford|Arnold Schwarzenegger|Mel Gibson,31,Patrick Hughes,Sylvester Stallone|Sylvester Stallone|Katrin Benedikt|Creighton Rothenberger,Kevin King Templeton|Les Weldon|Danny Lerner|Avi Lerner|John Thompson,Brian Tyler
257088,Point Break,Edgar Ramírez|Luke Bracey|Teresa Palmer|Delroy Lindo|Ray Winstone,14,Ericson Core,Kurt Wimmer|Kurt Wimmer|W. Peter Iliff|Rick King,David Valdes|Kurt Wimmer|Broderick Johnson|Andrew A. Kosove|John Baldecchi,
10214,Son of the Mask,Jamie Kennedy|Alan Cumming|Traylor Howard|Kal Penn|Steven Wright,7,Lawrence Guterman,Lance Khazei,Erica Huggins,Randy Edelman
205775,In the Heart of the Sea,Chris Hemsworth|Benjamin Walker|Cillian Murphy|Brendan Gleeson|Ben Whishaw,26,Ron Howard,Charles Leavitt|Charles Leavitt|Rick Jaffa|Amanda Silver,Brian Grazer|Ron Howard|Paula Weinstein|Joe Roth|Will Ward,Roque Baños
11692,The Adventures of Pluto Nash,Eddie Murphy|Randy Quaid|Rosario Dawson|Joe Pantoliano|Jay Mohr,14,Ron Underwood,Neil Cuthbert,Martin Bregman|Michael Bregman|Louis A. Stroller,John Powell
22972,Green Zone,Matt Damon|Greg Kinnear|Brendan Gleeson|Amy Ryan|Jason Isaacs,88,Paul Greengrass,Brian Helgeland|Rajiv Chandrasekaran,Lloyd Levin|Tim Bevan|Eric Fellner|Paul Greengrass|Christopher Rouse,John Powell
227973,The Peanuts Movie,Noah Schnapp|Bill Melendez|Venus Schultheis|Hadley Belle Miller|Madisyn Shipman,14,Steve Martino,Bryan Schulz|Craig Schulz|Cornelius Uliano,Paul Feig|Bryan Schulz|Craig Schulz|Cornelius Uliano|Michael J. Travers,Christophe Beck
29193,The Spanish Prisoner,Steve Martin|Campbell Scott|Ben Gazzara|Rebecca Pidgeon|Ricky Jay,6,David Mamet,David Mamet,Jean Doumanian,
1734,The Mummy Returns,Brendan Fraser|Rachel Weisz|John Hannah|Arnold Vosloo|Oded Fehr,19,Stephen Sommers,Stephen Sommers,Sean Daniel|James Jacks,Alan Silvestri
3131,Gangs of New York,Leonardo DiCaprio|Daniel Day-Lewis|Cameron Diaz|Liam Neeson|Brendan Gleeson,29,Martin Scorsese,Steven Zaillian|Jay Cocks|Kenneth Lonergan,Gerry Robert Byrne|Harvey Weinstein|Alberto Grimaldi|Joseph P. Reidy|Laura Fattori,Howard Shore
76758,The Flowers of War,Christian Bale|Ni Ni|Tong Dawei|Zhang Xinyi|Shigeo Kobayashi,8,Zhang Yimou,Liu Heng,Zhang Weiping,
9408,Surf's Up,Shia LaBeouf|Jeff Bridges|Zooey Deschanel|Jon Heder|James Woods,15,Ash Brannon|Chris Buck,Ash Brannon|Chris Buck|Don Rhymer|Christopher Jenkins|Christopher Jenkins,Christopher Jenkins|Lydia Bottegoni,Mychael Danna
9890,The Stepford Wives,Nicole Kidman|Matthew Broderick|Bette Midler|Glenn Close|Christopher Walken,22,Frank Oz,,Scott Rudin|Edgar J. Scherick|Donald De Line|Gabriel Grunfeld|Leslie J. Converse,David Arnold
855,Black Hawk Down,Josh Hartnett|Ewan McGregor|Jason Isaacs|Tom Sizemore|William Fichtner,34,Ridley Scott,Ken Nolan,Jerry Bruckheimer|Ridley Scott,Hans Zimmer
77953,The Campaign,Will Ferrell|Zach Galifianakis|Dylan McDermott|Jason Sudeikis|Sarah Baker,21,Jay Roach,Adam McKay|Chris Henchy|Shawn Harwell,Jay Roach|Will Ferrell|Adam McKay|Zach Galifianakis,
18,The Fifth Element,Bruce Willis|Gary Oldman|Ian Holm|Milla Jovovich|Chris Tucker,115,Luc Besson,Luc Besson|Luc Besson|Robert Mark Kamen,Patrice Ledoux,Eric Serra
37786,Sex and the City 2,Sarah Jessica Parker|Kristin Davis|Cynthia Nixon|Kim Cattrall|Chris Noth,32,Michael Patrick King,Michael Patrick King,Sarah Jessica Parker|John P. Melfi|Darren Star,Aaron Zigman
10501,The Road to El Dorado,Kenneth Branagh|Kevin Kline|Rosie Perez|Armand Assante|Edward James Olmos,12,Don Michael Paul|Bibo Bergeron,Ted Elliott|Terry Rossio,Brooke Breton|Bonne Radford,Hans Zimmer|John Powell
57800,Ice Age: Continental Drift,John Leguizamo|Ray Romano|Chris Wedge|Denis Leary|Seann William Scott,37,Steve Martino|Mike Thurmeier,Michael Berg|Jason Fuchs,,John Powell
150689,Cinderella,Lily James|Cate Blanchett|Richard Madden|Helena Bonham Carter|Stellan Skarsgård,78,Kenneth Branagh,Chris Weitz,David Barron|Simon Kinberg|Tim Lewis,Patrick Doyle
7980,The Lovely Bones,Rachel Weisz|Mark Wahlberg|Susan Sarandon|Saoirse Ronan|Stanley Tucci,17,Peter Jackson,Peter Jackson|Fran Walsh|Philippa Boyens,Peter Jackson|Fran Walsh|Philippa Boyens|Carolynne Cunningham|Aimée Peyronnet,Brian Eno
12,Finding Nemo,Albert Brooks|Ellen DeGeneres|Alexander Gould|Willem Dafoe|Brad Garrett,24,Andrew Stanton,Andrew Stanton|Bob Peterson|David Reynolds|Nathan Stanton|Peter Sohn,Graham Walters,Thomas Newman
122,The Lord of the Rings: The Return of the King,Elijah Wood|Ian McKellen|Viggo Mortensen|Liv Tyler|Orlando Bloom,29,Peter Jackson,Peter Jackson|Fran Walsh|Philippa Boyens,Barrie M. Osborne|Peter Jackson,Howard Shore
121,The Lord of the Rings: The Two Towers,Elijah Wood|Ian McKellen|Viggo Mortensen|Liv Tyler|Orlando Bloom,34,Peter Jackson,Peter Jackson|Fran Walsh|Philippa Boyens,Barrie M. Osborne|Peter Jackson,Howard Shore|Elizabeth Fraser
68737,Seventh Son,Jeff Bridges|Julianne Moore|Ben Barnes|Alicia Vikander|Kit Harington,35,Sergei Bodrov,Charles Leavitt|Matt Greenberg|Max Borenstein,Lionel Wigram|Thomas Tull|Basil Iwanyk,
1995,Lara Croft: Tomb Raider,Angelina Jolie|Jon Voight|Iain Glen|Noah Taylor|Daniel Craig,23,Simon West,Mike Werb|Michael Colleary|Patrick Massett|John Zinman|Sara B. Cooper,Colin Wilson|Lawrence Gordon|Lloyd Levin|Michael Levy|Jib Polhemus,Graeme Revell
157353,Transcendence,Johnny Depp|Paul Bettany|Rebecca Hall|Kate Mara|Morgan Freeman,41,Wally Pfister,Jack Paglen,Broderick Johnson|Andrew A. Kosove|Marisa Polvino|Kate Cohen|Annie Marter,
331,Jurassic Park III,Sam Neill|William H. Macy|Téa Leoni|Trevor Morgan|Alessandro Nivola,15,Joe Johnston,Peter Buchman|Jim Taylor|Alexander Payne,Larry J. Franco|Kathleen Kennedy,Don Davis
61791,Rise of the Planet of the Apes,James Franco|Freida Pinto|John Lithgow|Brian Cox|Tom Felton,28,Rupert Wyatt,Rick Jaffa|Amanda Silver,Rick Jaffa|Amanda Silver|Peter Chernin|Dylan Clark,Patrick Doyle
8204,The Spiderwick Chronicles,Freddie Highmore|Mary-Louise Parker|Nick Nolte|Sarah Bolger|Andrew McCarthy,9,Mark Waters,Karey Kirkpatrick|David Berenbaum|John Sayles,Larry J. Franco|Mark Canton|Karey Kirkpatrick|Ellen Goldsmith-Vein,James Horner
47964,A Good Day to Die Hard,Bruce Willis|Jai Courtney|Sebastian Koch|Mary Elizabeth Winstead|Юлия Снигирь,20,John Moore,Roderick Thorp|Skip Woods,Wyck Godfrey|Alex Young,
10733,The Alamo,Dennis Quaid|Billy Bob Thornton|Jason Patric|Patrick Wilson|Emilio Echevarría,20,John Lee Hancock,Stephen Gaghan|John Lee Hancock|Leslie Bohem,Mark Johnson|Ron Howard,Carter Burwell
9806,The Incredibles,Craig T. Nelson|Holly Hunter|Samuel L. Jackson|Jason Lee|Dominique Louis,44,Brad Bird,,John Walker,Michael Giacchino
1408,Cutthroat Island,Geena Davis|Matthew Modine|Frank Langella|Maury Chaykin|Patrick Malahide,31,Renny Harlin,James Gorman|Michael Frost Beckner|Marc Norman|Robert King,Joel B. Michaels|Laurence Mark|Renny Harlin|James Gorman,
32657,Percy Jackson & the Olympians: The Lightning Thief,Logan Lerman|Brandon T. Jackson|Alexandra Daddario|Jake Abel|Sean Bean,91,Chris Columbus,Craig Titley,Karen Rosenfelt|Chris Columbus|Mark Radcliffe|Michael Barnathan,Christophe Beck
607,Men in Black,Tommy Lee Jones|Will Smith|Linda Fiorentino|Vincent D'Onofrio|Rip Torn,18,Barry Sonnenfeld,Ed Solomon,Walter F. Parkes|Laurie MacDonald,Danny Elfman
863,Toy Story 2,Tom Hanks|Tim Allen|Joan Cusack|Kelsey Grammer|Don Rickles,24,John Lasseter,Andrew Stanton|Rita Hsiao|Doug Chamberlin|Chris Webb,Karen Robert Jackson|Helene Plotkin,
44048,Unstoppable,Denzel Washington|Chris Pine|Rosario Dawson|Ethan Suplee|Kevin Corrigan,20,Tony Scott,Mark Bomback,Eric McLeod|Tony Scott|Mimi Rogers|Julie Yorn|Alex Young,Harry Gregson-Williams
5175,Rush Hour 2,"Chris Tucker|Jackie Chan|Zhang Ziyi|Roselyn Sánchez|Ernie Reyes, Jr.",16,Brett Ratner,Jeff Nathanson,,Lalo Schifrin
2655,What Lies Beneath,Harrison Ford|Michelle Pfeiffer|Diana Scarwid|James Remar|Miranda Otto,15,Robert Zemeckis,Clark Gregg|Sarah Kernochan,Robert Zemeckis|Steve Starkey|Jack Rapke,Alan Silvestri
22794,Cloudy with a Chance of Meatballs,Bill Hader|Anna Faris|James Caan|Mr. T|Benjamin Bratt,41,Phil Lord|Christopher Miller,Phil Lord|Christopher Miller|Rob Greenberg,Chris Juen|Pam Marsden|Lydia Bottegoni,Mark Mothersbaugh
8355,Ice Age: Dawn of the Dinosaurs,Ray Romano|John Leguizamo|Denis Leary|Queen Latifah|Simon Pegg,27,Carlos Saldanha,Michael Berg|Peter Ackerman,Lori Forte|John C. Donkin,John Powell
116745,The Secret Life of Walter Mitty,Ben Stiller|Kristen Wiig|Patton Oswalt|Shirley MacLaine|Adam Scott,13,Ben Stiller,Steve Conrad|James Thurber,Ben Stiller|Stuart Cornfeld|John Goldwyn|Samuel Goldwyn Jr.,Theodore Shapiro
4327,Charlie's Angels,Cameron Diaz|Lucy Liu|Drew Barrymore|Bill Murray|John Forsythe,16,McG,John August|Ed Solomon|Ryan Rowe,Nancy Juvonen|Drew Barrymore|Leonard Goldberg,
1422,The Departed,Leonardo DiCaprio|Matt Damon|Jack Nicholson|Mark Wahlberg|Martin Sheen,71,Martin Scorsese,William Monahan|Alan Mak|Felix Chong,Brad Pitt|Brad Grey|Graham King,
10674,Mulan,Eddie Murphy|Jackie Chan|Ming-Na Wen|Lea Salonga|June Foray,21,Tony Bancroft|Barry Cook,Rita Hsiao|Philip LaZebnik|Chris Sanders|Raymond Singer|Eugenia Bostwick-Singer,Pam Coats,Jerry Goldsmith
7446,Tropic Thunder,Ben Stiller|Jack Black|Robert Downey Jr.|Nick Nolte|Steve Coogan,74,Ben Stiller,Justin Theroux|Justin Theroux|Ben Stiller|Ben Stiller|Etan Cohen,Eric McLeod|Ben Stiller|Stuart Cornfeld|Brian Taylor,Theodore Shapiro
65754,The Girl with the Dragon Tattoo,Daniel Craig|Rooney Mara|Christopher Plummer|Goran Visnjic|Stellan Skarsgård,59,David Fincher,Steven Zaillian,Scott Rudin|Ceán Chaffin|Soren Staermose|Ole Søndberg,
1572,Die Hard: With a Vengeance,Bruce Willis|Jeremy Irons|Samuel L. Jackson|Graham Greene|Colleen Camp,17,John McTiernan,Jonathan Hensleigh|Roderick Thorp,John McTiernan|Michael Tadross,Michael Kamen
10528,Sherlock Holmes,Robert Downey Jr.|Jude Law|Rachel McAdams|Mark Strong|Eddie Marsan,55,Guy Ritchie,Simon Kinberg|Anthony Peckham|Michael Robert Johnson,Joel Silver|Lionel Wigram|Susan Downey|Steve Clark-Hall|Dan Lin,
271969,Ben-Hur,Jack Huston|Toby Kebbell|Rodrigo Santoro|Nazanin Boniadi|Ayelet Zurer,19,Timur Bekmambetov,John Ridley|Keith R. Clarke,Duncan Henderson|Sean Daniel|Joni Levin|Mark Burnett,
10865,Atlantis: The Lost Empire,Michael J. Fox|Corey Burton|Claudia Christian|James Garner|John Mahoney,15,Gary Trousdale|Kirk Wise,Joss Whedon|Tab Murphy|Tab Murphy|Gary Trousdale|Kirk Wise,Don Hahn,James Newton Howard
258509,Alvin and the Chipmunks: The Road Chip,Jason Lee|Justin Long|Bella Thorne|Matthew Gray Gubler|Jesse McCartney,27,Walt Becker,Randi Mayem Singer,"Ross Bagdasarian, Jr.|Janice Karman",Mark Mothersbaugh
2253,Valkyrie,Tom Cruise|Carice van Houten|Kenneth Branagh|Bill Nighy|Terence Stamp,35,Bryan Singer,Christopher McQuarrie|Nathan Alexander,Gilbert Adler|Bryan Singer|Christopher McQuarrie,John Ottman
10661,You Don't Mess with the Zohan,Adam Sandler|John Turturro|Emmanuelle Chriqui|Nick Swardson|Lainie Kazan,183,Dennis Dugan,Adam Sandler|Judd Apatow|Robert Smigel,Adam Sandler|Jack Giarraputo,Rupert Gregson-Williams
257344,Pixels,Adam Sandler|Michelle Monaghan|Peter Dinklage|Josh Gad|Kevin James,72,Chris Columbus,Tim Herlihy|Timothy Dowling|Patrick Jean,Chris Columbus|Mark Radcliffe|Michael Barnathan|Adam Sandler|Allen Covert,
644,A.I. Artificial Intelligence,Haley Joel Osment|Frances O'Connor|Sam Robards|Jake Thomas|Jude Law,23,Steven Spielberg,Steven Spielberg,Steven Spielberg|Kathleen Kennedy|Bonnie Curtis,John Williams
10756,The Haunted Mansion,Eddie Murphy|Terence Stamp|Nathaniel Parker|Marsha Thomason|Jennifer Tilly,25,Rob Minkoff,David Berenbaum,Don Hahn|Andrew Gunn,Mark Mancina
686,Contact,Jodie Foster|Matthew McConaughey|James Woods|John Hurt|Tom Skerritt,108,Robert Zemeckis,James V. Hart|Michael Goldenberg|Carl Sagan|Ann Druyan,Robert Zemeckis|Steve Starkey,Alan Silvestri
9383,Hollow Man,Kevin Bacon|Elisabeth Shue|Josh Brolin|Kim Dickens|Rhona Mitra,10,Paul Verhoeven,Andrew W. Marlowe,Douglas Wick|Alan Marshall,Jerry Goldsmith
179,The Interpreter,Nicole Kidman|Sean Penn|Catherine Keener|Jesper Christensen|Yvan Attal,21,Sydney Pollack,Martin Stellman|Brian Ward,Tim Bevan|Eric Fellner|Kevin Misher,James Newton Howard
76285,Percy Jackson: Sea of Monsters,Logan Lerman|Alexandra Daddario|Douglas Smith|Leven Rambin|Brandon T. Jackson,22,Thor Freudenthal,Marc Guggenheim,Karen Rosenfelt|Chris Columbus|Michael Barnathan,
1996,Lara Croft Tomb Raider: The Cradle of Life,Angelina Jolie|Gerard Butler|Noah Taylor|Djimon Hounsou|Til Schweiger,13,Jan de Bont,Dean Georgaris,Lawrence Gordon|Lloyd Levin,Alan Silvestri
291805,Now You See Me 2,Jesse Eisenberg|Woody Harrelson|Mark Ruffalo|Dave Franco|Morgan Freeman,141,Jon M. Chu,Ed Solomon|Ed Solomon|Pete Chiarelli,Bobby Cohen|Alex Kurtzman|Roberto Orci,
10003,The Saint,Val Kilmer|Elisabeth Shue|Rade Serbedzija|Henry Goodman|Alun Armstrong,28,Phillip Noyce,Jonathan Hensleigh|Jonathan Hensleigh|Wesley Strick,Mace Neufeld|David Brown|Robert Evans|William J. MacDonald|Lis Kern,Graeme Revell
1535,Spy Game,Robert Redford|Brad Pitt|Catherine McCormack|Stephen Dillane|Larry Bryggman,14,Tony Scott,Michael Frost Beckner|David Arata,Douglas Wick|Marc Abraham,Harry Gregson-Williams
2067,Mission to Mars,Gary Sinise|Tim Robbins|Don Cheadle|Connie Nielsen|Jerry O'Connell,17,Brian De Palma,Jim Thomas|Jim Thomas|John Thomas|John Thomas|Graham Yost,Tom Jacobson,Ennio Morricone
46195,Rio,Jesse Eisenberg|Anne Hathaway|Leslie Mann|Jane Lynch|Will.i.am,13,Carlos Saldanha,Carlos Saldanha|Sam Harper|Don Rhymer|Jennifer Ventimilia|Joshua Sternin,John C. Donkin|Bruce Anderson,John Powell
2277,Bicentennial Man,Robin Williams|Sam Neill|Embeth Davidtz|Oliver Platt|Kiersten Warren,17,Chris Columbus,Nicholas Kazan,,James Horner
10357,Volcano,Tommy Lee Jones|Anne Heche|Gaby Hoffmann|Don Cheadle|Joshua Fardon,16,Mick Jackson,Billy Ray|Jerome Armstrong,Neal H. Moritz|Andrew Z. Davis,Alan Silvestri
4477,The Devil's Own,Harrison Ford|Brad Pitt|Margaret Colin|Rubén Blades|Treat Williams,17,Alan J. Pakula,Kevin Jarre|Vincent Patrick|David Aaron Cohen,Lawrence Gordon|Robert F. Colesberry,James Horner
8665,K-19: The Widowmaker,Harrison Ford|Liam Neeson|Peter Sarsgaard|Joss Ackland|John Shrapnel,29,Kathryn Bigelow,Christopher Kyle,Kathryn Bigelow|Edward S. Feldman|Winship Cook,
9387,Conan the Barbarian,Arnold Schwarzenegger|James Earl Jones|Max von Sydow|Sandahl Bergman|Cassandra Gava,17,John Milius,John Milius|Oliver Stone|Robert E. Howard|Edward Summer,Raffaella De Laurentiis|Buzz Feitshans,Basil Poledouris
921,Cinderella Man,Russell Crowe|Renée Zellweger|Paul Giamatti|Craig Bierko|Paddy Considine,68,Ron Howard,Akiva Goldsman|Cliff Hollingsworth,Brian Grazer|Ron Howard|Penny Marshall,Thomas Newman
49852,The Nutcracker: The Untold Story,Elle Fanning|Nathan Lane|John Turturro|Frances de la Tour|Charlie Rowe,12,Andrei Konchalovsky,Chris Solimine|Andrei Konchalovsky,,
4464,Seabiscuit,Jeff Bridges|David McCullough|Chris Cooper|Tobey Maguire|Elizabeth Banks,12,Gary Ross,Gary Ross,Frank Marshall|Gary Ross|Jane Sindell,Randy Newman
664,Twister,Helen Hunt|Bill Paxton|Cary Elwes|Jami Gertz|Philip Seymour Hoffman,16,Jan de Bont,Michael Crichton|Anne-Marie Martin,Kathleen Kennedy|Michael Crichton|Ian Bryce,Mark Mancina
8358,Cast Away,Tom Hanks|Helen Hunt|Chris Noth|Paul Sanchez|Lari White,14,Robert Zemeckis,William Broyles Jr.,Robert Zemeckis|Steve Starkey|Tom Hanks|Jack Rapke,Alan Silvestri
9836,Happy Feet,Elijah Wood|Robin Williams|Brittany Murphy|Hugh Jackman|Nicole Kidman,20,George Miller,George Miller|John Collee|Judy Morris|Warren Coleman,George Miller|Doug Mitchell|Bill Miller,John Powell
2502,The Bourne Supremacy,Matt Damon|Franka Potente|Brian Cox|Julia Stiles|Karl Urban,46,Paul Greengrass,Tony Gilroy,Frank Marshall|Patrick Crowley|Paul Sandberg,John Powell
9772,Air Force One,Harrison Ford|Gary Oldman|Glenn Close|Wendy Crewson|William H. Macy,38,Wolfgang Petersen,,Wolfgang Petersen|Gail Katz|Armyan Bernstein|Jonathan Shestack,Jerry Goldsmith
161,Ocean's Eleven,George Clooney|Brad Pitt|Matt Damon|Andy García|Julia Roberts,23,Steven Soderbergh,Ted Griffin,Jerry Weintraub,David Holmes
52451,The Three Musketeers,Milla Jovovich|Orlando Bloom|Logan Lerman|Ray Stevenson|Matthew Macfadyen,15,Paul W.S. Anderson,Andrew Davies|Alex Litvak,Paul W.S. Anderson|Jeremy Bolt|Robert Kulzer,
76492,Hotel Transylvania,Adam Sandler|Steve Buscemi|David Spade|Kevin James|Selena Gomez,24,Genndy Tartakovsky,Dan Hageman|Dan Hageman,Michelle Murdocca,Mark Mothersbaugh
4523,Enchanted,Amy Adams|Patrick Dempsey|James Marsden|Timothy Spall|Rachel Covey,15,Kevin Lima,Bill Kelly,Barry Sonnenfeld|Barry Josephson,Alan Menken
59961,Safe House,Denzel Washington|Ryan Reynolds|Vera Farmiga|Joel Kinnaman|Brendan Gleeson,17,Daniel Espinosa,David Guggenheim,Scott Stuber,Ramin Djawadi
10481,102 Dalmatians,Glenn Close|Ioan Gruffudd|Alice Evans|Tim McInnerny|Gérard Depardieu,5,Kevin Lima,Kristen Buckley|Kristen Buckley|Brian Regan|Brian Regan|Bob Tzudiker,Edward S. Feldman,
59108,Tower Heist,Ben Stiller|Eddie Murphy|Casey Affleck|Alan Alda|Matthew Broderick,55,Brett Ratner,Ted Griffin|Ted Griffin|Jeff Nathanson|Adam Cooper|Bill Collage,Brian Grazer|Eddie Murphy|Kim Roth,Christophe Beck
1581,The Holiday,Cameron Diaz|Kate Winslet|Jude Law|Jack Black|Eli Wallach,21,Nancy Meyers,Nancy Meyers,Nancy Meyers|Bruce A. Block,Hans Zimmer
9798,Enemy of the State,Will Smith|Gene Hackman|Jon Voight|Regina King|Ian Hart,44,Tony Scott,David Marconi,Jerry Bruckheimer,Trevor Rabin|Harry Gregson-Williams
22897,It's Complicated,Meryl Streep|Alec Baldwin|Steve Martin|John Krasinski|Lake Bell,25,Nancy Meyers,Nancy Meyers,Scott Rudin|Nancy Meyers,Hans Zimmer|Heitor Pereira
298,Ocean's Thirteen,George Clooney|Brad Pitt|Matt Damon|Al Pacino|Bernie Mac,25,Steven Soderbergh,Brian Koppelman|David Levien,Jerry Weintraub,David Holmes
7484,Open Season,Martin Lawrence|Ashton Kutcher|Gary Sinise|Debra Messing|Billy Connolly,17,Jill Culton|Roger Allers|Anthony Stacchi,,,
157350,Divergent,Shailene Woodley|Theo James|Kate Winslet|Miles Teller|Ray Stevenson,21,Neil Burger,Vanessa Taylor|Evan Daugherty,Douglas Wick|Lucy Fisher|Pouya Shahbazian,
853,Enemy at the Gates,Jude Law|Rachel Weisz|Ed Harris|Joseph Fiennes|Bob Hoskins,16,Jean-Jacques Annaud,Jean-Jacques Annaud|Alain Godard,Jean-Jacques Annaud|John D. Schofield,James Horner
10159,The Rundown,"Dwayne Johnson|Seann William Scott|Rosario Dawson|Christopher Walken|Ernie Reyes, Jr.",21,Peter Berg,James Vanderbilt|R.J. Stewart|R.J. Stewart,Marc Abraham|Kevin Misher|Bill Corless|Karen Glasser,Harry Gregson-Williams
9593,Last Action Hero,Arnold Schwarzenegger|F. Murray Abraham|Art Carney|Charles Dance|Frank McRae,22,John McTiernan,Shane Black|Zak Penn|Adam Leff|David Arnott,John McTiernan|Stephen J. Roth,Michael Kamen
1904,Memoirs of a Geisha,Zhang Ziyi|Gong Li|Youki Kudoh|Tsai Chin|Suzuka Ohgo,21,Rob Marshall,Robin Swicord,Steven Spielberg|Douglas Wick|Lucy Fisher,John Williams
9615,The Fast and the Furious: Tokyo Drift,Lucas Black|Nathalie Kelley|Sung Kang|Shad Moss|Brian Tee,56,Justin Lin,Chris Morgan,Neal H. Moritz,Brian Tyler
51052,Arthur Christmas,James McAvoy|Hugh Laurie|Bill Nighy|Jim Broadbent|Imelda Staunton,48,Barry Cook|Sarah Smith,Peter Baynham|Sarah Smith,Peter Lord|David Sproxton|Carla Shelley|Steve Pegram,Harry Gregson-Williams
297,Meet Joe Black,Brad Pitt|Anthony Hopkins|Claire Forlani|Jeffrey Tambor|Marcia Gay Harden,11,Martin Brest,Ron Osborn|Jeff Reno|Kevin Wade|Bo Goldman,Martin Brest|David J. Wally|Celia D. Costas,Thomas Newman
9884,Collateral Damage,Arnold Schwarzenegger|Francesca Neri|Elias Koteas|Cliff Curtis|John Turturro,21,Andrew Davis,Ronald Roose|David Griffiths|Peter Griffiths,Steven Reuther|David Foster,Graeme Revell
16858,All That Jazz,Roy Scheider|Jessica Lange|Leland Palmer|Ann Reinking|Ben Vereen,24,Bob Fosse,Robert Alan Aurthur|Bob Fosse,,Ralph Burns
62764,Mirror Mirror,Julia Roberts|Lily Collins|Armie Hammer|Nathan Lane|Martin Klebba,33,Tarsem Singh,Marc Klein|Jason Keller,Brett Ratner|Ryan Kavanaugh|Bernie Goldmann|Ken Halsband|Nico Soultanakis,Alan Menken
22538,Scott Pilgrim vs. the World,Michael Cera|Mary Elizabeth Winstead|Kieran Culkin|Chris Evans|Anna Kendrick,30,Edgar Wright,Edgar Wright|Michael Bacall,Marc Platt,
9341,The Core,Aaron Eckhart|Hilary Swank|Delroy Lindo|Stanley Tucci|Tchéky Karyo,54,Jon Amiel,Cooper Layne|John Rogers,Cooper Layne|David Foster|Sean Bailey,Christopher Young
12107,Nutty Professor II: The Klumps,Eddie Murphy|Janet Jackson|Larry Miller|John Ales|Richard Gant,19,Peter Segal,Chris Weitz|Paul Weitz|David Sheffield|Barry W. Blaustein,Brian Grazer,
9637,Scooby-Doo,Freddie Prinze Jr.|Sarah Michelle Gellar|Matthew Lillard|Linda Cardellini|Rowan Atkinson,11,Raja Gosnell,James Gunn|Craig Titley,Charles Roven|Richard Suckle,David Newman
49049,Dredd,Karl Urban|Olivia Thirlby|Lena Headey|Wood Harris|Jason Cope,15,Pete Travis,Alex Garland,,Paul Leonard-Morgan
9339,Click,Adam Sandler|Kate Beckinsale|Christopher Walken|David Hasselhoff|Henry Winkler,24,Frank Coraci,Steve Koren|Mark O'Keefe,Steve Koren|Mark O'Keefe|Neal H. Moritz|Adam Sandler|Jack Giarraputo,Rupert Gregson-Williams
16281,Creepshow,Hal Holbrook|Adrienne Barbeau|Fritz Weaver|Leslie Nielsen|Carrie Nye,21,George A. Romero,Stephen King,Richard P. Rubinstein,John Harrison
39691,Cats & Dogs 2 : The Revenge of Kitty Galore,James Marsden|Nick Nolte|Christina Applegate|Bette Midler|Pascale Hutton,18,Brad Peyton,Steve Bencich|Ron J. Friedman,Andrew Lazar|Polly Johnsen,
8247,Jumper,Hayden Christensen|Jamie Bell|Samuel L. Jackson|Rachel Bilson|Michael Rooker,21,Doug Liman,David S. Goyer|Jim Uhls|Simon Kinberg,Arnon Milchan|Simon Kinberg|Lucas Foster|Jay Sanders|Jeffrey Harlacker,
11253,Hellboy II: The Golden Army,Ron Perlman|Selma Blair|Jeffrey Tambor|Doug Jones|John Hurt,11,Guillermo del Toro,Guillermo del Toro|Mike Mignola,Lawrence Gordon|Lloyd Levin|Mike Richardson,Danny Elfman
1949,Zodiac,Jake Gyllenhaal|Robert Downey Jr.|Mark Ruffalo|Anthony Edwards|Brian Cox,26,David Fincher,James Vanderbilt,Ceán Chaffin|James Vanderbilt|Mike Medavoy|Arnold Messer|Brad Fischer,David Shire
8452,The 6th Day,Arnold Schwarzenegger|Michael Rapaport|Tony Goldwyn|Michael Rooker|Sarah Wynter,12,Roger Spottiswoode,Cormac Wibberley|Marianne Wibberley,Arnold Schwarzenegger|Jon Davison|Mike Medavoy,
310,Bruce Almighty,Jim Carrey|Jennifer Aniston|Philip Baker Hall|Catherine Bell|Lisa Ann Walter,11,Tom Shadyac,Steve Oedekerk|Steve Koren|Steve Koren|Mark O'Keefe|Mark O'Keefe,Jim Carrey|Tom Shadyac|Michael Bostick|James D. Brubaker|Steve Koren,John Debney
27578,The Expendables,Sylvester Stallone|Jason Statham|Dolph Lundgren|Eric Roberts|Randy Couture,22,Sylvester Stallone,Sylvester Stallone|Dave Callaham|Dave Callaham,Kevin King Templeton|Avi Lerner|John Thompson,Brian Tyler
954,Mission: Impossible,Tom Cruise|Jon Voight|Emmanuelle Béart|Henry Czerny|Jean Reno,30,Brian De Palma,David Koepp|Steven Zaillian|Robert Towne,Tom Cruise|Paula Wagner,Danny Elfman
70160,The Hunger Games,Jennifer Lawrence|Josh Hutcherson|Liam Hemsworth|Woody Harrelson|Elizabeth Banks,48,Gary Ross,Billy Ray|Gary Ross|Suzanne Collins,Jon Kilik|Nina Jacobson,James Newton Howard
45243,The Hangover Part II,Bradley Cooper|Ed Helms|Zach Galifianakis|Justin Bartha|Ken Jeong,24,Todd Phillips,Craig Mazin|Scot Armstrong,Steve Bing,
364,Batman Returns,Michael Keaton|Danny DeVito|Michelle Pfeiffer|Christopher Walken|Michael Gough,11,Tim Burton,Daniel Waters|Daniel Waters|Wesley Strick,Tim Burton|Denise Di Novi,Danny Elfman
7518,Over the Hedge,Bruce Willis|Garry Shandling|Steve Carell|Wanda Sykes|William Shatner,17,Karey Kirkpatrick|Tim Johnson,Karey Kirkpatrick|Len Blum|Lorne Cameron|David Hoselton,,
11544,Lilo & Stitch,Chris Sanders|Daveigh Chase|Tia Carrere|David Ogden Stiers|Kevin McDonald,11,Chris Sanders|Dean DeBlois,Chris Sanders|Dean DeBlois,Clark Spencer,Alan Silvestri
9986,Charlotte's Web,Julia Roberts|Steve Buscemi|John Cleese|Oprah Winfrey|Cedric the Entertainer,45,Gary Winick,,Jordan Kerner|Tony Winley,Danny Elfman
8656,Deep Impact,Robert Duvall|Téa Leoni|Elijah Wood|Vanessa Redgrave|Morgan Freeman,26,Mimi Leder,Bruce Joel Rubin|Michael Tolkin,Richard D. Zanuck|David Brown,James Horner
146216,RED 2,Bruce Willis|Catherine Zeta-Jones|Anthony Hopkins|Helen Mirren|John Malkovich,61,Dean Parisot,Warren Ellis|Erich Hoeber|Jon Hoeber|Cully Hamner,Lorenzo di Bonaventura|Mark Vahradian,
9291,The Longest Yard,Adam Sandler|Chris Rock|Burt Reynolds|Michael Irvin|Nelly,32,Peter Segal,Albert S. Ruddy|Sheldon Turner,Jack Giarraputo,Teddy Castellucci
55301,Alvin and the Chipmunks: Chipwrecked,Jason Lee|David Cross|Jenny Slate|Andy Buckley|Justin Long,11,Mike Mitchell,Glenn Berger|Jonathan Aibel,,
109418,Grown Ups 2,Adam Sandler|Kevin James|Chris Rock|David Spade|Salma Hayek,55,Dennis Dugan,Adam Sandler|Tim Herlihy|Fred Wolf,Adam Sandler|Jack Giarraputo,Rupert Gregson-Williams
11665,Get Smart,Steve Carell|Anne Hathaway|Dwayne Johnson|Alan Arkin|Terence Stamp,15,Peter Segal,Tom J. Astle|Matt Ember,Charles Roven|Alex Gartner|Michael Ewing,Trevor Rabin
6964,Something's Gotta Give,Jack Nicholson|Diane Keaton|Keanu Reeves|Frances McDormand|Amanda Peet,11,Nancy Meyers,Nancy Meyers,Nancy Meyers|Bruce A. Block,
11324,Shutter Island,Leonardo DiCaprio|Mark Ruffalo|Ben Kingsley|Emily Mortimer|Michelle Williams,26,Martin Scorsese,Laeta Kalogridis,Martin Scorsese|Mike Medavoy|Arnold Messer,
12193,Four Christmases,Vince Vaughn|Reese Witherspoon|Robert Duvall|Sissy Spacek|Jon Voight,25,Seth Gordon,Caleb Wilson|Matt Allen,Reese Witherspoon|Roger Birnbaum|Gary Barber|Vince Vaughn|Jonathan Glickman,Alex Wurman
9928,Robots,Robin Williams|Ewan McGregor|Halle Berry|Mel Brooks|Paula Abdul,20,Chris Wedge|Carlos Saldanha,Lowell Ganz|Babaloo Mandel|David Lindsay-Abaire|David Lindsay-Abaire|Ron Mita,John C. Donkin|Lorne Orleans|William Joyce|Jerry Davis,John Powell
754,Face/Off,John Travolta|Nicolas Cage|Joan Allen|Alessandro Nivola|Gina Gershon,22,John Woo,Mike Werb|Michael Colleary,Barrie M. Osborne|Terence Chang|David Permut|Christopher Godsick,John Powell
10202,Bedtime Stories,Adam Sandler|Keri Russell|Guy Pearce|Courteney Cox|Lucy Lawless,71,Adam Shankman,Tim Herlihy|Matt Lopez,,
4147,Road to Perdition,Tom Hanks|Tyler Hoechlin|Jennifer Jason Leigh|Liam Aiken|Paul Newman,32,Sam Mendes,David Self,Sam Mendes|Richard D. Zanuck|Dean Zanuck,Thomas Newman
50546,Just Go with It,Adam Sandler|Jennifer Aniston|Nicole Kidman|Nick Swardson|Brooklyn Decker,21,Dennis Dugan,Allan Loeb|Timothy Dowling,Adam Sandler|Jack Giarraputo|Heather Parry,Rupert Gregson-Williams
1701,Con Air,Nicolas Cage|John Cusack|John Malkovich|Ving Rhames|Nick Chinlund,44,Simon West,Scott Rosenberg,Jerry Bruckheimer,Trevor Rabin|Mark Mancina
13027,Eagle Eye,Shia LaBeouf|Michelle Monaghan|Rosario Dawson|Michael Chiklis|Anthony Mackie,20,D.J. Caruso,Hillary Seitz|Dan McDermott,Alex Kurtzman|Roberto Orci|Patrick Crowley,Brian Tyler
2289,Cold Mountain,Jude Law|Nicole Kidman|Renée Zellweger|Eileen Atkins|Brendan Gleeson,23,Anthony Minghella,Anthony Minghella,Sydney Pollack|William Horberg,Gabriel Yared
20504,The Book of Eli,Denzel Washington|Gary Oldman|Mila Kunis|Ray Stevenson|Jennifer Beals,45,Albert Hughes|Allen Hughes,Gary Whitta,David Valdes|Joel Silver|Denzel Washington|Broderick Johnson|Andrew A. Kosove,Atticus Ross|Claudia Sarne|Leopold Ross
9574,Flubber,Robin Williams|Marcia Gay Harden|Christopher McDonald|Raymond J. Barry|Clancy Brown,16,Les Mayfield,Bill Walsh|John Hughes,John Hughes|Ricardo Mestres,
11618,The Haunting,Liam Neeson|Catherine Zeta-Jones|Owen Wilson|Lili Taylor|Bruce Dern,21,Jan de Bont,David Self,Colin Wilson|Susan Arnold|Donna Roth,Jerry Goldsmith
2300,Space Jam,Michael Jordan|Wayne Knight|Billy West|Dee Bradley Baker|Theresa Randle,28,Joe Pytka,Herschel Weingrod|Timothy Harris|Steve Rudnick|Leo Benvenuti,Ivan Reitman|Daniel Goldberg|Joe Medjuck,James Newton Howard
12096,The Pink Panther,Steve Martin|Kevin Kline|Jean Reno|Beyoncé Knowles|Emily Mortimer,22,Shawn Levy,Steve Martin|Len Blum|Len Blum|Michael Saltzman,Robert Simonds,Christophe Beck
10200,The Day the Earth Stood Still,Keanu Reeves|Jennifer Connelly|Kathy Bates|Jaden Smith|John Cleese,18,Scott Derrickson,David Scarpa,Erwin Stoff|Paul Harris Boardman|Gregory Goodman,
8834,Conspiracy Theory,Mel Gibson|Julia Roberts|Patrick Stewart|Cylk Cozart|Steve Kahan,17,Richard Donner,Brian Helgeland,Joel Silver|Richard Donner,Carter Burwell
228150,Fury,Brad Pitt|Shia LaBeouf|Logan Lerman|Michael Peña|Jon Bernthal,20,David Ayer,David Ayer,David Ayer|Bill Block|Ethan Smith|John Lesher,Steven Price
6068,Six Days Seven Nights,Harrison Ford|Anne Heche|David Schwimmer|Jacqueline Obradors|Temuera Morrison,62,Ivan Reitman,Michael Browning,Roger Birnbaum|Ivan Reitman,Randy Edelman
41515,Yogi Bear,Dan Aykroyd|Justin Timberlake|Anna Faris|Tom Cavanagh|Christine Taylor,14,Eric Brevig,Joshua Sternin,,
9023,Spirit: Stallion of the Cimarron,Matt Damon|James Cromwell|Daniel Studi|Chopper Bernet|Jeff LeBeau,15,Kelly Asbury|Lorna Cook,John Fusco,Jeffrey Katzenberg|Mireille Soria,Hans Zimmer
38317,Zookeeper,Kevin James|Rosario Dawson|Sylvester Stallone|Nick Nolte|Jon Favreau,22,Frank Coraci,Kevin James|Nick Bakay,,
2157,Lost in Space,Gary Oldman|William Hurt|Matt LeBlanc|Mimi Rogers|Heather Graham,20,Stephen Hopkins,Akiva Goldsman|Irwin Allen,Stephen Hopkins|Akiva Goldsman|Carla Fry|Mark W. Koch,Bruce Broughton
14462,The Manchurian Candidate,Denzel Washington|Meryl Streep|Liev Schreiber|Jon Voight|Kimberly Elise,29,Jonathan Demme,Dean Georgaris|Daniel Pyne,Scott Rudin|Jonathan Demme|Ilona Herzberg|Tina Sinatra,Rachel Portman
161795,Déjà Vu,Stephen Dillane|Victoria Foyt|Vanessa Redgrave|Michael Brandon|Glynis Barber,11,Henry Jaglom,Victoria Foyt|Henry Jaglom,,
159824,Hotel Transylvania 2,Adam Sandler|Andy Samberg|Selena Gomez|Kevin James|Steve Buscemi,22,Genndy Tartakovsky,Dan Hageman|Kevin Hageman,Robert Smigel,
49948,Fantasia 2000,Steve Martin|Itzhak Perlman|Quincy Jones|Bette Midler|James Earl Jones,12,James Algar|Don Hahn|Gaëtan Brizzi|Paul Brizzi|Eric Goldberg|Hendel Butoy|Francis Glebas|Pixote Hunt,,Donald W. Ernst,
2135,The Time Machine,Guy Pearce|Mark Addy|Phyllida Law|Sienna Guillory|Laura Kirk,27,Simon Wells,John Logan,David Valdes|Walter F. Parkes,Klaus Badelt
9822,Mighty Joe Young,Charlize Theron|Rade Serbedzija|Bill Paxton|Regina King|Peter Firth,16,Ron Underwood,Mark Rosenthal|Merian C. Cooper,Tom Jacobson|Ted Hartley,James Horner
9705,Swordfish,John Travolta|Hugh Jackman|Halle Berry|Don Cheadle|Sam Shepard,53,Dominic Sena,,Joel Silver|Jonathan D. Krane|Paul Winze,Christopher Young
1656,The Legend of Zorro,Antonio Banderas|Catherine Zeta-Jones|Adrián Alonso Barona|Julio Oscar Mechoso|Nick Chinlund,17,Martin Campbell,Alex Kurtzman|Roberto Orci,Lloyd Phillips|Walter F. Parkes|Laurie MacDonald,James Horner
12159,What Dreams May Come,Robin Williams|Cuba Gooding Jr.|Annabella Sciorra|Max von Sydow|Jessica Brooks Grant,18,Vincent Ward,Ronald Bass,Barnet Bain|Stephen Deutsch,Michael Kamen
9678,Little Nicky,Adam Sandler|Patricia Arquette|Harvey Keitel|Rhys Ifans|Tom Lister Jr.,20,Steven Brill,,Jack Giarraputo,
4442,The Brothers Grimm,Heath Ledger|Matt Damon|Mackenzie Crook|Roger Ashton-Griffiths|Peter Stormare,20,Terry Gilliam,Terry Gilliam|Ehren Kruger|Tony Grisoni,Charles Roven|Daniel Bobker,Dario Marianelli
75,Mars Attacks!,Jack Nicholson|Glenn Close|Annette Bening|Pierce Brosnan|Danny DeVito,22,Tim Burton,Jonathan Gems,Larry J. Franco|Tim Burton|Laurie Parker,Danny Elfman
330770,Evolution,Max Brebant|Roxane Duran|Julie-Marie Parmentier|Mathieu Goldfeld|Nissim Renard,7,Lucile Hadzihalilovic,Lucile Hadzihalilovic|Alanté Kavaïté,Sylvie Pialat|Benoît Quainon|Julien Naveau|Sebastián Álvarez,
9433,The Edge,Alec Baldwin|Anthony Hopkins|Elle Macpherson|Harold Perrineau|L.Q. Jones,6,Lee Tamahori,David Mamet,Lloyd Phillips|Art Linson,Jerry Goldsmith
19959,Surrogates,Bruce Willis|Radha Mitchell|Rosamund Pike|James Cromwell|Ving Rhames,44,Jonathan Mostow,John D. Brancato|Michael Ferris,David Hoberman|Todd Lieberman|Max Handelman,
11973,Thirteen Days,Kevin Costner|Bruce Greenwood|Steven Culp|Dylan Baker|Shawn Driscoll,6,Roger Donaldson,David Self,Kevin Costner|Armyan Bernstein|Peter O. Almond,Trevor Jones
11228,Daylight,Sylvester Stallone|Amy Brenneman|Viggo Mortensen|Dan Hedaya|Jay O. Sanders,18,Rob Cohen,Leslie Bohem,John Davis|David T. Friendly|Joseph Singer,Randy Edelman
77951,Walking With Dinosaurs,Charlie Rowe|Justin Long|Karl Urban|Angourie Rice|John Leguizamo,12,Barry Cook|Neil Nightingale,John Collee,Jinko Gotoh|Neil Nightingale,
5491,Battlefield Earth,John Travolta|Barry Pepper|Forest Whitaker|Kim Coates|Sabine Karsenti,16,Roger Christian,Corey Mandell|J.D. Shapiro,John Travolta|Jonathan D. Krane|Elie Samaha,Elia Cmiral
10715,Looney Tunes: Back in Action,Brendan Fraser|Jenna Elfman|Steve Martin|Timothy Dalton|Heather Locklear,58,Joe Dante,Larry Doyle,Paula Weinstein|Allison Abbate|Joel Simon|Bernie Goldmann|Christopher DeFaria,Jerry Goldsmith
10197,Nine,Judi Dench|Daniel Day-Lewis|Marion Cotillard|Penélope Cruz|Sophia Loren,14,Rob Marshall,Michael Tolkin,Marc Platt,
9562,Timeline,Paul Walker|Frances O'Connor|Gerard Butler|Billy Connolly|David Thewlis,16,Richard Donner,George Nolfi|Jeff Maguire,Richard Donner|Lauren Shuler Donner|Jim Van Wyck,Brian Tyler
9922,The Postman,Kevin Costner|Will Patton|Olivia Williams|Larenz Tate|Tom Petty,25,Kevin Costner,Eric Roth|Brian Helgeland,Steve Tisch|Kevin Costner|Jim Wilson,James Newton Howard
9447,Babe: Pig in the City,James Cromwell|Mary Stein|Mickey Rooney|Magda Szubanski|E.G. Daily,21,George Miller,George Miller|Judy Morris|Mark Lamprell,George Miller|Doug Mitchell,
274854,The Last Witch Hunter,Vin Diesel|Rose Leslie|Elijah Wood|Ólafur Darri Ólafsson|Rena Owen,22,Breck Eisner,Cory Goodman|Matt Sazama|Burk Sharpless,Vin Diesel|Mark Canton|Bernie Goldmann,
8870,Red Planet,Val Kilmer|Carrie-Anne Moss|Benjamin Bratt|Tom Sizemore|Simon Baker,9,Antony Hoffman,Jonathan Lemkin|Chuck Pfarrer,Bruce Berman|Jorge Saralegui|Mark Canton,Graeme Revell
9992,Arthur and the Invisibles,Freddie Highmore|Mia Farrow|Ron Crawford|Penny Balfour|Doug Rand,27,Luc Besson,Luc Besson|Céline Garcia,Luc Besson|Emmanuel Prévost|Stéphane Lecomte|Jérome de Baecque,Eric Serra
36970,Oceans,Pierce Brosnan|Jacques Perrin|Rie Miyazawa|Aldo Baglio|Matthias Brandt,8,Jacques Perrin|Jacques Cluzaud,Jacques Perrin|Jacques Cluzaud|Stéphane Durand|Christophe Cheysson|Laurent Debas,Nicolas Mauvernay|Jacques Perrin|Manuel Monzón|Connie Nartonis Thompson,
10077,A Sound of Thunder,Heike Makatsch|Armin Rohde|David Oyelowo|Wilfried Hochholdinger|Edward Burns,20,Peter Hyams,Joshua Oppenheimer,Frank Hübner|Andrew Stevens|Jan Fantl|Howard Baldwin|Karen Elise Baldwin,Nick Glennie-Smith
76649,Pompeii,Kit Harington|Carrie-Anne Moss|Emily Browning|Adewale Akinnuoye-Agbaje|Jessica Lucas,36,Paul W.S. Anderson,Lee Batchler|Janet Scott Batchler|Michael Robert Johnson,Paul W.S. Anderson|Jeremy Bolt|Robert Kulzer|Don Carmody|Martin Moszkowicz,Clinton Shorter
293644,Top Cat Begins,Jason Harris|David Hoffman|Bill Lobley|Darin De Paul|Marieve Herington,6,Andrés Couturier,Doug Langdale|James Krieg|Jorge Ramírez Suárez,,
453,A Beautiful Mind,Russell Crowe|Ed Harris|Jennifer Connelly|Christopher Plummer|Paul Bettany,38,Ron Howard,Akiva Goldsman|Sylvia Nasar,Brian Grazer|Ron Howard|Maureen Peyrot|Kathleen McGill,James Horner
8587,The Lion King,Jonathan Taylor Thomas|Matthew Broderick|James Earl Jones|Jeremy Irons|Moira Kelly,28,Roger Allers|Rob Minkoff,Jonathan Roberts|Linda Woolverton|Irene Mecchi|Rick Maki,,Hans Zimmer
72545,Journey 2: The Mysterious Island,Dwayne Johnson|Josh Hutcherson|Kristin Davis|Vanessa Hudgens|Luis Guzmán,10,Brad Peyton,Brian Gunn|Brian Gunn|Mark Gunn|Mark Gunn|Richard Outten,Beau Flynn|Tripp Vinson|Charlotte Huggins,Andrew Lockington
109451,Cloudy with a Chance of Meatballs 2,Bill Hader|Anna Faris|James Caan|Will Forte|Andy Samberg,15,Cody Cameron|Kris Pearn,John Francis Daley|Phil Lord|Christopher Miller|Jonathan M. Goldstein,Pam Marsden|Kirk Bodyfelt,John Powell
9533,Red Dragon,Anthony Hopkins|Edward Norton|Ralph Fiennes|Harvey Keitel|Emily Watson,14,Brett Ratner,Ted Tally,Dino De Laurentiis|Martha De Laurentiis,Danny Elfman
2023,Hidalgo,Viggo Mortensen|Zuleikha Robinson|Omar Sharif|Adam Alexi-Malle|Louise Lombard,16,Joe Johnston,John Fusco,Casey Silver,James Newton Howard
71880,Jack and Jill,Adam Sandler|Katie Holmes|Al Pacino|Eugenio Derbez|Tim Meadows,21,Dennis Dugan,Steve Koren|Adam Sandler|Ben Zook,,
584,2 Fast 2 Furious,Paul Walker|Tyrese Gibson|Eva Mendes|Cole Hauser|Ludacris,40,John Singleton,Michael Brandt|Michael Brandt|Derek Haas|Derek Haas|Gary Scott Thompson,Neal H. Moritz,David Arnold
309809,The Little Prince,Jeff Bridges|Rachel McAdams|Paul Rudd|Marion Cotillard|James Franco,20,Mark Osborne,Irena Brignull|Bob Persichetti,,
4858,The Invasion,Nicole Kidman|Daniel Craig|Jeremy Northam|Jeffrey Wright|Jackson Bond,17,Oliver Hirschbiegel|James McTeigue,David Kajganich,Joel Silver|Jessica Alan|David Gambino,John Ottman
17711,The Adventures of Rocky & Bullwinkle,Rene Russo|Jason Alexander|Piper Perabo|Randy Quaid|Robert De Niro,20,Des McAnuff,Kenneth Lonergan,Robert De Niro|Jane Rosenthal,
328111,The Secret Life of Pets,Louis C.K.|Eric Stonestreet|Kevin Hart|Jenny Slate|Lake Bell,31,Chris Renaud,Ken Daurio|Cinco Paul|Brian Lynch,Christopher Meledandri|Janet Healy,
8698,The League of Extraordinary Gentlemen,Sean Connery|Peta Wilson|Shane West|Stuart Townsend|Jason Flemyng,33,Stephen Norrington,James Robinson,Trevor Albert|Don Murphy,Trevor Jones
93456,Despicable Me 2,Steve Carell|Kristen Wiig|Benjamin Bratt|Miranda Cosgrove|Russell Brand,39,Pierre Coffin|Chris Renaud,Ken Daurio|Cinco Paul,Christopher Meledandri,Heitor Pereira
602,Independence Day,Will Smith|Bill Pullman|Jeff Goldblum|Mary McDonnell|Judd Hirsch,69,Roland Emmerich,Roland Emmerich|Dean Devlin,Dean Devlin,David Arnold
330,The Lost World: Jurassic Park,Jeff Goldblum|Julianne Moore|Pete Postlethwaite|Richard Attenborough|Vince Vaughn,23,Steven Spielberg,David Koepp,Colin Wilson|Gerald R. Molen,John Williams
953,Madagascar,Ben Stiller|Chris Rock|David Schwimmer|Jada Pinkett Smith|Sacha Baron Cohen,21,Eric Darnell|Tom McGrath,Mark Burton|Eric Darnell|Tom McGrath|Billy Frolick,Mireille Soria,Hans Zimmer
9693,Children of Men,Clive Owen|Michael Caine|Julianne Moore|Charlie Hunnam|Chiwetel Ejiofor,73,Alfonso Cuarón,Alfonso Cuarón|David Arata|Timothy J. Sexton|Mark Fergus|Hawk Ostby,Iain Smith|Marc Abraham|Eric Newman|Pablo Casacuberta|Hilary Shor,John Tavener
36657,X-Men,Patrick Stewart|Hugh Jackman|Ian McKellen|Halle Berry|Famke Janssen,19,Bryan Singer,Bryan Singer|Tom DeSanto|David Hayter|David Hayter,Ralph Winter|Lauren Shuler Donner,
8909,Wanted,Angelina Jolie|James McAvoy|Morgan Freeman|Thomas Kretschmann|Terence Stamp,18,Timur Bekmambetov,Michael Brandt|Derek Haas|Chris Morgan,Iain Smith|Jim Lemley|Marc Platt|Jason Netter,Danny Elfman
9802,The Rock,Sean Connery|Nicolas Cage|Ed Harris|John Spencer|David Morse,25,Michael Bay,David Weisberg|Douglas Cook|Mark Rosner,Jerry Bruckheimer|Don Simpson,Hans Zimmer|Nick Glennie-Smith
950,Ice Age: The Meltdown,Ray Romano|John Leguizamo|Denis Leary|Queen Latifah|Seann William Scott,42,Carlos Saldanha,Jon Vitti,Lori Forte,John Powell
1824,50 First Dates,Adam Sandler|Drew Barrymore|Rob Schneider|Sean Astin|Lusia Strus,55,Peter Segal,George Wing,Steve Golin|Nancy Juvonen|Jack Giarraputo,Teddy Castellucci
2976,Hairspray,John Travolta|Michelle Pfeiffer|Christopher Walken|James Marsden|Queen Latifah,152,Adam Shankman,John Waters|Leslie Dixon,Daniel Silverberg,
11026,Exorcist: The Beginning,Stellan Skarsgård|Izabella Scorupco|James D'Arcy|Julian Wadham|Remy Sweeney,26,Renny Harlin,William Wisher Jr.|Alexi Hawley|Caleb Carr,James G. Robinson,Trevor Rabin
332,Inspector Gadget,Matthew Broderick|Rupert Everett|Joely Fisher|Michelle Trachtenberg|Andy Dick,16,David Kellogg,Zak Penn|Dana Olsen|Kerry Ehrin|Kerry Ehrin,,
75656,Now You See Me,Jesse Eisenberg|Mark Ruffalo|Woody Harrelson|Mélanie Laurent|Isla Fisher,18,Louis Leterrier,Ed Solomon|Boaz Yakin|Boaz Yakin|Edward Ricourt|Edward Ricourt,Bobby Cohen|Alex Kurtzman|Roberto Orci,Brian Tyler
38365,Grown Ups,Adam Sandler|Salma Hayek|Maria Bello|Steve Buscemi|Maya Rudolph,20,Dennis Dugan,Adam Sandler|Fred Wolf,,
594,The Terminal,Tom Hanks|Catherine Zeta-Jones|Stanley Tucci|Chi McBride|Diego Luna,23,Steven Spielberg,Jeff Nathanson|Andrew Niccol|Sacha Gervasi,Steven Spielberg|Walter F. Parkes|Laurie MacDonald,John Williams
15189,Hotel for Dogs,Emma Roberts|Jake T. Austin|Don Cheadle|Johnny Simmons|Kyla Pratt,16,Thor Freudenthal,,,
11678,Vertical Limit,Chris O'Donnell|Robin Tunney|Bill Paxton|Scott Glenn|Izabella Scorupco,18,Martin Campbell,Robert King|Robert King,Martin Campbell|Marcia Nasatir|Robert King,James Newton Howard
6538,Charlie Wilson's War,Tom Hanks|Philip Seymour Hoffman|Julia Roberts|Amy Adams|Om Puri,17,Mike Nichols,Aaron Sorkin,Tom Hanks|Gary Goetzman,James Newton Howard
10555,Shark Tale,Will Smith|Robert De Niro|Renée Zellweger|Jack Black|Angelina Jolie,16,Vicky Jenson|Bibo Bergeron|Rob Letterman,Michael J. Wilson|Rob Letterman,Allison Lyon Segan|Bill Damaschke|Janet Healy,Hans Zimmer
1125,Dreamgirls,Jamie Foxx|Beyoncé Knowles|Eddie Murphy|Danny Glover|Jennifer Hudson,23,Bill Condon,Bill Condon,David Geffen|Laurence Mark,Henry Krieger
4551,Be Cool,John Travolta|Uma Thurman|Vince Vaughn|Cedric the Entertainer|André Benjamin,59,F. Gary Gray,Peter Steinfeld,Danny DeVito|Michael Shamberg|Stacey Sher|David Nicksay,John Powell
612,Munich,Eric Bana|Daniel Craig|Ciarán Hinds|Mathieu Kassovitz|Hanns Zischler,19,Steven Spielberg,Eric Roth|Tony Kushner,Steven Spielberg|Kathleen Kennedy|Colin Wilson|Barry Mendel,John Williams
9567,Tears of the Sun,Bruce Willis|Monica Bellucci|Cole Hauser|Eamonn Walker|Johnny Messner,31,Antoine Fuqua,Alex Lasker|Patrick Cirillo,Ian Bryce|Arnold Rifkin|Mike Lobell,Hans Zimmer|Lisa Gerrard
37821,Killers,Katherine Heigl|Ashton Kutcher|Tom Selleck|Catherine O'Hara|Alex Borstein,34,Robert Luketic,Ted Griffin|Bob DeRosa,Scott Aversano|Ashton Kutcher|Mike Karz|Jason Goldberg,
203801,The Man from U.N.C.L.E.,Henry Cavill|Armie Hammer|Alicia Vikander|Elizabeth Debicki|Luca Calvani,27,Guy Ritchie,Guy Ritchie|Guy Ritchie|Lionel Wigram|Lionel Wigram|Jeff Kleeman,Guy Ritchie|John Davis|Lionel Wigram|Steve Clark-Hall,Daniel Pemberton
2539,Spanglish,Adam Sandler|Téa Leoni|Paz Vega|Cloris Leachman|Shelbie Bruce,14,James L. Brooks,,James L. Brooks|Richard Sakai|Julie Ansell,Hans Zimmer
9297,Monster House,Ryan Newman|Steve Buscemi|Mitchel Musso|Sam Lerner|Spencer Locke,17,Gil Kenan,Pamela Pettler|Dan Harmon|Rob Schrab,Steve Starkey|Jack Rapke,Douglas Pipes
3172,Bandits,Bruce Willis|Billy Bob Thornton|Cate Blanchett|Troy Garity|William Converse-Roberts,10,Barry Levinson,Harley Peyton,Barry Levinson|Paula Weinstein|Arnold Rifkin|Ashok Amritraj|Michael Birnbaum,Christopher Young
6520,First Knight,Sean Connery|Richard Gere|Julia Ormond|Ben Cross|Liam Cunningham,16,Jerry Zucker,William Nicholson|William Nicholson|Lorne Cameron|David Hoselton,Jerry Zucker|Hunt Lowry|Kathryn J. McDermott,Jerry Goldsmith
1439,Anna and the King,Jodie Foster|Chow Yun-fat|Bai Ling|Tom Felton|Randall Duk Kim,32,Andy Tennant,Steve Meerson|Peter Krikes,Lawrence Bender|Ed Elbert,George Fenton|Robert Kraft
37958,Immortals,Mickey Rourke|Kellan Lutz|Isabel Lucas|Henry Cavill|Luke Evans,26,Tarsem Singh,Charley Parlapanides|Vlas Parlapanides,Gianni Nunnari|Mark Canton|Ryan Kavanaugh|Ken Halsband|Nico Soultanakis,Trevor Morris
2026,Hostage,Bruce Willis|Kevin Pollak|Jimmy Bennett|Michelle Horn|Ben Foster,14,Florent-Emilio Siri,Doug Richardson,Bruce Willis|Bob Yari|Mark Gordon|Arnold Rifkin,Alexandre Desplat
7450,Titan A.E.,Matt Damon|Bill Pullman|Drew Barrymore|John Leguizamo|Nathan Lane,8,Gary Goldman|Don Bluth,John August|Joss Whedon|Hans Bauer|Randall McCormick|Ben Edlund,Gary Goldman|David Kirschner|Don Bluth,Graeme Revell|Tim Simonec
11375,Hollywood Homicide,Harrison Ford|Josh Hartnett|Lena Olin|Bruce Greenwood|Isaiah Washington,35,Ron Shelton,Ron Shelton|Robert Souza,Ron Shelton|Lou Pitt,Alex Wurman
9425,Soldier,Kurt Russell|Jason Scott Lee|Jason Isaacs|Connie Nielsen|Sean Pertwee,19,Paul W.S. Anderson,David Webb Peoples,Jerry Weintraub|James G. Robinson,Joel McNeely
25769,Carriers,Lou Taylor Pucci|Chris Pine|Piper Perabo|Emily VanCamp|Christopher Meloni,13,Àlex Pastor|David Pastor,Àlex Pastor|David Pastor,Anthony Bregman|Robert Velo|Ray Angelic|Stefanie Azpiazu,Peter Nashel
23685,Monkeybone,Brendan Fraser|Bridget Fonda|John Turturro|Chris Kattan|Giancarlo Esposito,100,Henry Selick,Sam Hamm,Mark Radcliffe|Michael Barnathan,Anne Dudley
11866,Flight of the Phoenix,Dennis Quaid|Tyrese Gibson|Giovanni Ribisi|Miranda Otto|Hugh Laurie,16,John Moore,Scott Frank|Edward Burns,John Davis|Wyck Godfrey|William Aldrich|Alex Blum,Marco Beltrami
9741,Unbreakable,Bruce Willis|Samuel L. Jackson|Robin Wright|Spencer Treat Clark|John Patrick Amedori,40,M. Night Shyamalan,M. Night Shyamalan,Sam Mercer|Barry Mendel|M. Night Shyamalan,James Newton Howard
211672,Minions,Sandra Bullock|Jon Hamm|Michael Keaton|Allison Janney|Steve Coogan,17,Kyle Balda|Pierre Coffin,Brian Lynch,Christopher Meledandri|Janet Healy,Heitor Pereira
23629,Sucker Punch,Emily Browning|Abbie Cornish|Jena Malone|Vanessa Hudgens|Jamie Chung,35,Zack Snyder,Zack Snyder|Zack Snyder|Steve Shibuya,Zack Snyder|Deborah Snyder,Tyler Bates|Marius De Vries
8688,Snake Eyes,Nicolas Cage|Gary Sinise|John Heard|Carla Gugino|Tamara Tunie,23,Brian De Palma,David Koepp|David Koepp|Brian De Palma,Brian De Palma,Ryuichi Sakamoto
10153,Sphere,Dustin Hoffman|Sharon Stone|Samuel L. Jackson|Peter Coyote|Liev Schreiber,12,Barry Levinson,Paul Attanasio|Stephen Hauser,Michael Crichton|Barry Levinson|Andrew Wald,Elliot Goldenthal
153518,The Angry Birds Movie,Jason Sudeikis|Josh Gad|Danny McBride|Maya Rudolph|Bill Hader,32,Fergal Reilly|Clay Kaytis,Jon Vitti,John Cohen,
8676,Fool's Gold,Matthew McConaughey|Kate Hudson|Donald Sutherland|Ewen Bremner|Alexis Dziena,17,Andy Tennant,Andy Tennant|John Claflin|John Claflin|Daniel Zelman|Daniel Zelman,Donald De Line|Bernie Goldmann|Jon Klane,George Fenton
20829,Funny People,Adam Sandler|Seth Rogen|Leslie Mann|Eric Bana|Jonah Hill,78,Judd Apatow,Judd Apatow,Clayton Townsend|Barry Mendel|Judd Apatow|Brendan O'Brien|Andrew J. Cohen,Michael Andrews|Jason Schwartzman
4349,The Kingdom,Jamie Foxx|Jennifer Garner|Chris Cooper|Jason Bateman|Ali Suliman,19,Peter Berg,Matthew Michael Carnahan,Michael Mann|K.C. Hodenfield|Scott Stuber|Tim Smythe|Maria Williams,Danny Elfman
9718,Talladega Nights: The Ballad of Ricky Bobby,Will Ferrell|John C. Reilly|Sacha Baron Cohen|Gary Cole|Michael Clarke Duncan,24,Adam McKay,,Judd Apatow|Jimmy Miller,Alex Wurman
10808,Dr. Dolittle 2,Eddie Murphy|Kristen Wilson|Raven-Symoné|Kyla Pratt|Mandy Moore,48,Steve Carr,Larry Levin,John Davis|Joseph Singer,David Newman
197,Braveheart,Mel Gibson|Catherine McCormack|Sophie Marceau|Patrick McGoohan|Angus Macfadyen,55,Mel Gibson,Randall Wallace,"Mel Gibson|Bruce Davey|Alan Ladd, Jr.|Elisabeth Robinson|Dean Lopata",James Horner
25,Jarhead,Jamie Foxx|Jake Gyllenhaal|Scott MacDonald|Lucas Black|Peter Sarsgaard,20,Sam Mendes,,Sam Mendes|Bobby Cohen|Sam Mercer,Thomas Newman|Jim Morrison
35,The Simpsons Movie,Dan Castellaneta|Julie Kavner|Nancy Cartwright|Yeardley Smith|Hank Azaria,21,David Silverman,Matt Groening|James L. Brooks|Sam Simon|Jon Vitti|David Mirkin,Matt Groening|James L. Brooks|Richard Sakai|Al Jean|Mike Scully,Hans Zimmer
11086,The Majestic,Jim Carrey|Martin Landau|Laurie Holden|David Ogden Stiers|Hal Holbrook,17,Frank Darabont,Michael Sloane,Frank Darabont,Mark Isham
10477,Driven,Kip Pardue|Robert Sean Leonard|Til Schweiger|Estella Warren|Sylvester Stallone,17,Renny Harlin,Sylvester Stallone|Jan Skrentny,Sylvester Stallone|Renny Harlin,BT
1997,Two Brothers,Maï Anh Le|Guy Pearce|Oanh Nguyen|Jaran 'See Tao' Petcharoen|Stéphanie Lagarde,15,Jean-Jacques Annaud,Jean-Jacques Annaud|Alain Godard,Jean-Jacques Annaud|Jake Eberts,Stephen Warbeck
6947,The Village,Bryce Dallas Howard|Joaquin Phoenix|Adrien Brody|William Hurt|Sigourney Weaver,16,M. Night Shyamalan,M. Night Shyamalan,Sam Mercer|Scott Rudin|M. Night Shyamalan,James Newton Howard
3050,Doctor Dolittle,Eddie Murphy|Ossie Davis|Oliver Platt|Peter Boyle|Richard Schiff,12,Betty Thomas,Nat Mauldin|Larry Levin,John Davis|David T. Friendly,Richard Gibbs
2675,Signs,Mel Gibson|Joaquin Phoenix|Rory Culkin|Abigail Breslin|Cherry Jones,15,M. Night Shyamalan,M. Night Shyamalan,Sam Mercer|Frank Marshall|M. Night Shyamalan,James Newton Howard
809,Shrek 2,Mike Myers|Eddie Murphy|Cameron Diaz|Julie Andrews|Antonio Banderas,25,Andrew Adamson|Kelly Asbury|Conrad Vernon,Andrew Adamson|Andrew Adamson|Joe Stillman|J. David Stem|David N. Weiss,Aron Warner|John H. Williams|David Lipman,Harry Gregson-Williams
920,Cars,Owen Wilson|Paul Newman|Bonnie Hunt|Larry the Cable Guy|Tony Shalhoub,48,John Lasseter|Joe Ranft,John Lasseter|Joe Ranft|Dan Fogelman|Jorgen Klubien|Kiel Murray,Darla K. Anderson,Randy Newman
4806,Runaway Bride,Julia Roberts|Richard Gere|Joan Cusack|Rita Wilson|Héctor Elizondo,18,Garry Marshall,Sara Parriott,Tom Rosenberg|Scott Kroopf|Ted Field|Robert W. Cort,James Newton Howard
7451,xXx,Vin Diesel|Asia Argento|Samuel L. Jackson|Danny Trejo|Leila Arcieri,20,Rob Cohen,Rich Wilkes,Neal H. Moritz,Randy Edelman
228165,The SpongeBob Movie: Sponge Out of Water,Tom Kenny|Bill Fagerbakke|Rodger Bumpass|Clancy Brown|Carolyn Lawrence,61,Paul Tibbitt,Glenn Berger|Jonathan Aibel|Stephen Hillenburg|Paul Tibbitt,Mary Parent|Nan Morales|Craig Sost,John Debney
3595,Ransom,Mel Gibson|Gary Sinise|Delroy Lindo|Rene Russo|Lili Taylor,38,Ron Howard,Richard Price|Alexander Ignon,Brian Grazer|Scott Rudin,James Horner
16869,Inglourious Basterds,Brad Pitt|Mélanie Laurent|Christoph Waltz|Eli Roth|Michael Fassbender,71,Quentin Tarantino,Quentin Tarantino,Lawrence Bender,
879,Hook,Robin Williams|Dustin Hoffman|Julia Roberts|Bob Hoskins|Maggie Smith,30,Steven Spielberg,,Bruce Cohen|Kathleen Kennedy|Frank Marshall|Gerald R. Molen|Malia Scotch Marmo,John Williams
1573,Die Hard 2,Bruce Willis|Bonnie Bedelia|William Atherton|Reginald VelJohnson|Franco Nero,44,Renny Harlin,Steven E. de Souza|Doug Richardson,Joel Silver|Lawrence Gordon|Charles Gordon,Michael Kamen
9257,S.W.A.T.,Samuel L. Jackson|Colin Farrell|Michelle Rodriguez|LL Cool J|Josh Charles,16,Clark Johnson,David McKenna|David Ayer|Ron Mita|Jim McClain,Dan Halsted|Neal H. Moritz|Chris Lee,Elliot Goldenthal
1903,Vanilla Sky,Tom Cruise|Penélope Cruz|Cameron Diaz|Kurt Russell|Jason Lee,14,Cameron Crowe,Cameron Crowe,Tom Cruise|Paula Wagner|Cameron Crowe,Nancy Wilson
9697,Lady in the Water,Paul Giamatti|Jeffrey Wright|Bob Balaban|Sarita Choudhury|Cindy Cheung,15,M. Night Shyamalan,M. Night Shyamalan,Sam Mercer|M. Night Shyamalan,James Newton Howard
395,AVP: Alien vs. Predator,Sanaa Lathan|Raoul Bova|Ewen Bremner|Colin Salmon|Tommy Flanagan,25,Paul W.S. Anderson,Paul W.S. Anderson|Dan O'Bannon|Ronald Shusett,David Giler|Walter Hill|John Davis|Gordon Carroll,Harald Kloser
23398,Alvin and the Chipmunks: The Squeakquel,Zachary Levi|David Cross|Jason Lee|Justin Long|Matthew Gray Gubler,17,Betty Thomas,Jon Vitti|Glenn Berger|Jonathan Aibel,"Ross Bagdasarian, Jr.|Janice Karman",David Newman
10590,We Were Soldiers,Mel Gibson|Greg Kinnear|Madeleine Stowe|Sam Elliott|Chris Klein,54,Randall Wallace,Randall Wallace,Randall Wallace|Bruce Davey|Stephen McEveety,Nick Glennie-Smith
117263,Olympus Has Fallen,Gerard Butler|Aaron Eckhart|Angela Bassett|Morgan Freeman|Radha Mitchell,22,Antoine Fuqua,Katrin Benedikt|Creighton Rothenberger,Gerard Butler|Danny Lerner|Antoine Fuqua|Mark Gill|Ed Cathell III,Trevor Morris
200,Star Trek: Insurrection,Patrick Stewart|Jonathan Frakes|Brent Spiner|LeVar Burton|Michael Dorn,11,Jonathan Frakes,Michael Piller,Rick Berman|Peter Lauritson|Patrick Stewart|Michael Piller,Jerry Goldsmith
44943,Battle: Los Angeles,Aaron Eckhart|Ramón Rodríguez|Will Rothhaar|Cory Hardrict|Jim Parrack,62,Jonathan Liebesman,Christopher Bertolini,Neal H. Moritz|Jeffrey Chernov|Ori Marmur,
587,Big Fish,Ewan McGregor|Albert Finney|Billy Crudup|Jessica Lange|Helena Bonham Carter,43,Tim Burton,John August,Bruce Cohen|Dan Jinks|Richard D. Zanuck,Danny Elfman
10395,Wolf,Jack Nicholson|Christopher Plummer|James Spader|Michelle Pfeiffer|Kate Nelligan,15,Mike Nichols,Wesley Strick|Jim Harrison,Douglas Wick,Ennio Morricone
57212,War Horse,Tom Hiddleston|Benedict Cumberbatch|Toby Kebbell|Emily Watson|Jeremy Irvine,32,Steven Spielberg,Lee Hall|Richard Curtis,Steven Spielberg|Kathleen Kennedy,John Williams
152760,The Monuments Men,Matt Damon|Cate Blanchett|George Clooney|Bill Murray|John Goodman,22,George Clooney,George Clooney|Grant Heslov,George Clooney|Grant Heslov,Alexandre Desplat
2756,The Abyss,Ed Harris|Mary Elizabeth Mastrantonio|Michael Biehn|Leo Burmester|Todd Graff,20,James Cameron,James Cameron,Gale Anne Hurd|Van Ling,Alan Silvestri
33909,Wall Street: Money Never Sleeps,Michael Douglas|Shia LaBeouf|Josh Brolin|Carey Mulligan|Frank Langella,20,Oliver Stone,Allan Loeb|Stephen Schiff,,Brian Eno
49017,Dracula Untold,Luke Evans|Sarah Gadon|Dominic Cooper|Art Parkinson|Charles Dance,23,Gary Shore,Matt Sazama|Burk Sharpless,Michael De Luca,Ramin Djawadi
9882,The Siege,Denzel Washington|Annette Bening|Bruce Willis|Tony Shalhoub|Sami Bouajila,14,Edward Zwick,Menno Meyjes|Edward Zwick|Lawrence Wright,Lynda Obst|Edward Zwick,Graeme Revell
2270,Stardust,Claire Danes|Charlie Cox|Michelle Pfeiffer|Robert De Niro|Sienna Miller,44,Matthew Vaughn,Matthew Vaughn|Jane Goldman,Matthew Vaughn|Lorenzo di Bonaventura|Chantal Feghali|Neil Gaiman|Michael Dreyer,
978,Seven Years in Tibet,Brad Pitt|Jamyang Jamtsho Wangchuk|David Thewlis|BD Wong|Mako,10,Jean-Jacques Annaud,Becky Johnston,Iain Smith|Jean-Jacques Annaud|John H. Williams,John Williams
44564,The Dilemma,Kevin James|Vince Vaughn|Winona Ryder|Jennifer Connelly|Queen Latifah,110,Ron Howard,Allan Loeb,Brian Grazer|Vince Vaughn|Ron Howard,
3132,Bad Company,Anthony Hopkins|Chris Rock|Peter Stormare|Gabriel Macht|Kerry Washington,17,Joel Schumacher,Michael Browning|David Himmelstein|Jason Richman|Gary M. Goodman,Jerry Bruckheimer|Mike Stenson|Michael Browning,Trevor Rabin
8814,Doom,Dwayne Johnson|Karl Urban|Rosamund Pike|Ben Daniels|Deobia Oparei,15,Andrzej Bartkowiak,Wesley Strick|Dave Callaham,Lorenzo di Bonaventura|John Wells,Clint Mansell
8427,I Spy,Eddie Murphy|Owen Wilson|Famke Janssen|Keith Dallas|Malcolm McDowell,9,Betty Thomas,Cormac Wibberley|Marianne Wibberley|David Ronn,Betty Thomas,Richard Gibbs
52520,Underworld: Awakening,Kate Beckinsale|Stephen Rea|Michael Ealy|Theo James|India Eisley,31,Måns Mårlind|Björn Stein,Len Wiseman|Len Wiseman|J. Michael Straczynski|Allison Burnett|John Hlavin,Tom Rosenberg|Len Wiseman|Gary Lucchesi|Richard S. Wright,Paul Haslinger
80585,Rock of Ages,Julianne Hough|Diego Boneta|Tom Cruise|Alec Baldwin|Russell Brand,224,Adam Shankman,Justin Theroux|Allan Loeb|Chris D'Arienzo,Tobey Maguire|Adam Shankman|Jennifer Gibgot|Garrett Grant|Scott Prisand,
10592,Hart's War,Bruce Willis|Colin Farrell|Terrence Howard|Marcel Iureș|Cole Hauser,20,Gregory Hoblit,,David Foster|Stephen J. Eads|Arnold Rifkin|Gregory Hoblit|David Ladd,
49021,Killer Elite,Jason Statham|Clive Owen|Robert De Niro|Dominic Purcell|Yvonne Strahovski,18,Gary McKendry,Gary McKendry|Ranulph Fiennes,Sigurjón Sighvatsson|Steve Chasman|Tony Winley|Michael Boughen,Johnny Klimek|Reinhold Heil
11535,Rollerball,Chris Klein|LL Cool J|Rebecca Romijn|Naveen Andrews|Jean Reno,100,John McTiernan,Larry Ferguson|John Pogue,Charles Roven|John McTiernan|Beau St. Clair,Eric Serra
10550,Ballistic: Ecks vs. Sever,Antonio Banderas|Lucy Liu|Gregg Henry|Ray Park|Talisa Soto,5,Wych Kaosayananda,Alan B. McElroy,Elie Samaha|Chris Lee|Wych Kaosayananda,Don Davis
11258,Hard Rain,Morgan Freeman|Christian Slater|Randy Quaid|Minnie Driver|Ed Asner,10,Mikael Salomon,Graham Yost,Gary Levinsohn|Mark Gordon|Ian Bryce|Art Levinson,Christopher Young
12610,Osmosis Jones,Chris Rock|Laurence Fishburne|David Hyde Pierce|Brandy Norwood|Bill Murray,8,Bobby Farrelly|Peter Farrelly,Marc Hyman,Bobby Farrelly|Peter Farrelly|Bradley Thomas|Zak Penn|Dennis Edwards,Randy Edelman
59981,Legends of Oz: Dorothy's Return,Lea Michele|Dan Aykroyd|Patrick Stewart|Hugh Dancy|Jim Belushi,12,Dan St. Pierre,Adam Balsam|Randi Barnes,Bonne Radford|Roland Carroll|Ryan Carroll,
201088,Blackhat,Chris Hemsworth|Leehom Wang|Tang Wei|Viola Davis|Holt McCallany,19,Michael Mann,Morgan Davis Foehl,Michael Mann|Thomas Tull|Jon Jashni,Harry Gregson-Williams|Atticus Ross|Leopold Ross
5137,Sky Captain and the World of Tomorrow,Jude Law|Gwyneth Paltrow|Giovanni Ribisi|Angelina Jolie|Bai Ling,11,Kerry Conran,Kerry Conran,Jude Law|Jon Avnet|Sadie Frost|Marsha Oglesby,Ed Shearmur
3093,Basic Instinct 2,Sharon Stone|David Morrissey|Charlotte Rampling|David Thewlis|Stan Collymore,37,Michael Caton-Jones,,,John Murphy
107846,Escape Plan,Sylvester Stallone|Arnold Schwarzenegger|Jim Caviezel|Vinnie Jones|50 Cent,36,Mikael Håfström,Jason Keller|Miles Chapman|Miles Chapman,Kevin King Templeton|Randall Emmett|Mark Canton|Robbie Brenner|Remington Chase,Alex Heffes
188207,The Legend of Hercules,Kellan Lutz|Liam McIntyre|Gaia Weiss|Scott Adkins|Roxanne McKee,19,Renny Harlin,Sean Hood|Renny Harlin|Daniel Giat|Giulio Steve,Boaz Davidson|Renny Harlin|Les Weldon|Danny Lerner,Tuomas Kantelinen
4614,The Sum of All Fears,Ben Affleck|Morgan Freeman|James Cromwell|Ken Jenkins|Liev Schreiber,21,Phil Alden Robinson,Paul Attanasio|Daniel Pyne|Tom Clancy,Mace Neufeld,Jerry Goldsmith
24021,The Twilight Saga: Eclipse,Kristen Stewart|Robert Pattinson|Taylor Lautner|Ashley Greene|Peter Facinelli,42,David Slade,Melissa Rosenberg,Karen Rosenfelt|Wyck Godfrey,Howard Shore
11371,The Score,Robert De Niro|Edward Norton|Marlon Brando|Angela Bassett|Paul Soles,24,Frank Oz,Kario Salem|Lem Dobbs|Scott Marshall Smith,Gary Foster|Lee Rich,Howard Shore
20352,Despicable Me,Steve Carell|Jason Segel|Russell Brand|Julie Andrews|Will Arnett,33,Pierre Coffin|Chris Renaud,Ken Daurio|Cinco Paul|Sergio Pablos,Christopher Meledandri|Janet Healy|John Cohen,Heitor Pereira|Pharrell Williams
11517,Money Train,Wesley Snipes|Woody Harrelson|Jennifer Lopez|Robert Blake|Chris Cooper,15,Joseph Ruben,Doug Richardson,Neil Canton|Jon Peters,Mark Mancina
214756,Ted 2,Mark Wahlberg|Seth MacFarlane|Amanda Seyfried|Jessica Barth|Giovanni Ribisi,105,Seth MacFarlane,Seth MacFarlane|Alec Sulkin|Wellesley Wild,Scott Stuber|Seth MacFarlane|John Jacobs|Jason Clark,Walter Murphy
26428,Agora,Rachel Weisz|Max Minghella|Oscar Isaac|Ashraf Barhom|Michael Lonsdale,73,Alejandro Amenábar,Alejandro Amenábar|Mateo Gil,Fernando Bovaira,
9824,Mystery Men,Ben Stiller|Geoffrey Rush|Claire Forlani|William H. Macy|Hank Azaria,26,Kinka Usher,Neil Cuthbert,Lawrence Gordon|Lloyd Levin|Mike Richardson,Stephen Warbeck
48988,Hall Pass,Owen Wilson|Jason Sudeikis|Jenna Fischer|Christina Applegate|Nicky Whelan,13,Bobby Farrelly|Peter Farrelly,Bobby Farrelly|Peter Farrelly|Kevin Barnett|Pete Jones|Pete Jones,Bobby Farrelly|Peter Farrelly|Bradley Thomas|Charles B. Wessler,
9008,The Insider,Al Pacino|Russell Crowe|Christopher Plummer|Diane Venora|Bruce McGill,56,Michael Mann,Eric Roth|Michael Mann,Michael Mann|Pieter Jan Brugge,Lisa Gerrard|Pieter Bourke
300673,The Finest Hours,Chris Pine|Casey Affleck|Ben Foster|Eric Bana|Holliday Grainger,22,Craig Gillespie,Scott Silver|Paul Tamasy|Eric Johnson,James Whitaker|Dorothy Aufiero,Carter Burwell
12113,Body of Lies,Leonardo DiCaprio|Russell Crowe|Mark Strong|Ali Suliman|Simon McBurney,19,Ridley Scott,William Monahan|David Ignatius,Ridley Scott|Donald De Line,
38778,Dinner for Schmucks,Steve Carell|Paul Rudd|Stephanie Szostak|Jemaine Clement|Zach Galifianakis,20,Jay Roach,Francis Veber|Francis Veber|David Guion|Michael Handelman,,
72331,Abraham Lincoln: Vampire Hunter,Benjamin Walker|Dominic Cooper|Anthony Mackie|Mary Elizabeth Winstead|Rufus Sewell,36,Timur Bekmambetov,Simon Kinberg|Seth Grahame-Smith,Tim Burton|Jim Lemley|Timur Bekmambetov,
1844,Entrapment,Sean Connery|Catherine Zeta-Jones|Will Patton|Maury Chaykin|Ving Rhames,21,Jon Amiel,William Broyles Jr.|Ronald Bass|Ronald Bass|Michael Hertzberg,Sean Connery|Rhonda Tollefson|Michael Hertzberg,Christopher Young
846,The X Files,David Duchovny|Gillian Anderson|Mitch Pileggi|William B. Davis|John Neville,46,Rob Bowman,Chris Carter|Chris Carter|Frank Spotnitz,Chris Carter|Daniel Sackheim,Mark Snow
9703,The Last Legion,Colin Firth|Ben Kingsley|Aishwarya Rai Bachchan|Peter Mullan|Kevin McKidd,16,Doug Lefler,,Dino De Laurentiis|Raffaella De Laurentiis|Tarak Ben Ammar|Martha De Laurentiis,Patrick Doyle
857,Saving Private Ryan,Tom Hanks|Matt Damon|Vin Diesel|Tom Sizemore|Barry Pepper,38,Steven Spielberg,Robert Rodat,Gary Levinsohn|Steven Spielberg|Mark Gordon|Ian Bryce,John Williams
136797,Need for Speed,Aaron Paul|Dominic Cooper|Imogen Poots|Rami Malek|Ramón Rodríguez,46,Scott Waugh,John Gatins|George Gatins|George Gatins,Mark Sourian|John Gatins|Patrick O’Brien,Nathan Furst
3981,What Women Want,Helen Hunt|Mel Gibson|Marisa Tomei|Lauren Holly|Mark Feuerstein,110,Nancy Meyers,Josh Goldsmith|Josh Goldsmith|Cathy Yuspa|Cathy Yuspa|Diane Drake,Bruce Davey|Nancy Meyers|Susan Cartsonis|Matt Williams|Gina Matthews,Alan Silvestri
425,Ice Age,Ray Romano|John Leguizamo|Denis Leary|Goran Visnjic|Jack Black,18,Chris Wedge,Michael J. Wilson|Michael J. Wilson|Michael Berg|Peter Ackerman,Lori Forte,David Newman
6171,Dreamcatcher,Morgan Freeman|Thomas Jane|Jason Lee|Damian Lewis|Timothy Olyphant,16,Lawrence Kasdan,William Goldman|Lawrence Kasdan,Lawrence Kasdan|Charles Okun,James Newton Howard
72976,Lincoln,Daniel Day-Lewis|Sally Field|David Strathairn|Joseph Gordon-Levitt|James Spader,71,Steven Spielberg,Tony Kushner,Steven Spielberg|Kathleen Kennedy,John Williams
603,The Matrix,Keanu Reeves|Laurence Fishburne|Carrie-Anne Moss|Hugo Weaving|Gloria Foster,36,Lilly Wachowski|Lana Wachowski,Lilly Wachowski|Lana Wachowski,Joel Silver,Don Davis
568,Apollo 13,Tom Hanks|Bill Paxton|Kevin Bacon|Gary Sinise|Ed Harris,27,Ron Howard,William Broyles Jr.|Al Reinert,Brian Grazer,James Horner
9021,The Santa Clause 2,Tim Allen|Elizabeth Mitchell|David Krumholtz|Eric Lloyd|Spencer Breslin,13,Michael Lembeck,Leonardo Benvenuti|Steve Rudnick,Jeffrey Silver|Robert F. Newmyer|Brian Reilly,George S. Clinton
82695,Les Misérables,Hugh Jackman|Russell Crowe|Anne Hathaway|Amanda Seyfried|Sacha Baron Cohen,208,Tom Hooper,William Nicholson,Tim Bevan|Eric Fellner|Cameron Mackintosh,Claude-Michel Schönberg
9489,You've Got Mail,Tom Hanks|Meg Ryan|Katie Sagona|Greg Kinnear|Parker Posey,16,Nora Ephron,Nora Ephron|Delia Ephron,Lauren Shuler Donner|Nora Ephron,George Fenton
12133,Step Brothers,Will Ferrell|John C. Reilly|Mary Steenburgen|Richard Jenkins|Adam Scott,16,Adam McKay,John C. Reilly|Will Ferrell|Will Ferrell|Adam McKay|Adam McKay,Judd Apatow|Jimmy Miller,Jon Brion
9342,The Mask of Zorro,Antonio Banderas|Anthony Hopkins|Catherine Zeta-Jones|Stuart Wilson|Diego Sieres,24,Martin Campbell,Ted Elliott|Ted Elliott|Terry Rossio|Terry Rossio|Randall Jahnson,Doug Claybourne|David Foster,James Horner
41733,Due Date,Robert Downey Jr.|Zach Galifianakis|Michelle Monaghan|Jamie Foxx|Juliette Lewis,18,Todd Phillips,Todd Phillips|Adam Sztykiel|Alan R. Cohen|Alan R. Cohen|Alan Freedland,Todd Phillips|Daniel Goldberg,Christophe Beck
227306,Unbroken,Jack O'Connell|Domhnall Gleeson|Garrett Hedlund|Miyavi|Finn Wittrock,79,Angelina Jolie,William Nicholson|Joel Coen|Ethan Coen|Richard LaGravenese,Clayton Townsend|Erwin Stoff|Angelina Jolie|Matthew Barr,
5551,Space Cowboys,Clint Eastwood|Tommy Lee Jones|Donald Sutherland|James Garner|James Cromwell,16,Clint Eastwood,Ken Kaufman|Howard Klausner,Clint Eastwood|Andrew Lazar,Lennie Niehaus
9350,Cliffhanger,Sylvester Stallone|John Lithgow|Michael Rooker|Janine Turner|Rex Linn,15,Renny Harlin,Michael France|Sylvester Stallone,Alan Marshall|Renny Harlin,Trevor Jones
9208,Broken Arrow,John Travolta|Christian Slater|Samantha Mathis|Delroy Lindo|Bob Gunton,15,John Woo,Graham Yost,Mark Gordon|Terence Chang|Allison Lyon Segan|Bill Badalato,Hans Zimmer
4244,The Kid,Bruce Willis|Spencer Breslin|Emily Mortimer|Lily Tomlin|Chi McBride,57,Jon Turteltaub,Audrey Wells,Jon Turteltaub|Stephen J. Eads|Hunt Lowry|William M. Elvin|Bill Johnson,Jason White
1852,World Trade Center,Nicolas Cage|Maria Bello|Maggie Gyllenhaal|Michael Peña|Jay Hernandez,22,Oliver Stone,Andrea Berloff,Debra Hill|Michael Shamberg|Stacey Sher|Moritz Borman,Craig Armstrong
11820,Mona Lisa Smile,Julia Roberts|Kirsten Dunst|Julia Stiles|Maggie Gyllenhaal|Ginnifer Goodwin,22,Mike Newell,Lawrence Konner|Mark Rosenthal,Paul Schiff|Elaine Goldsmith-Thomas|Deborah Schindler,Rachel Portman
76493,The Dictator,Sacha Baron Cohen|Sayed Badreya|Aasif Mandvi|Megan Fox|Anna Faris,15,Larry Charles,Sacha Baron Cohen|Alec Berg,Scott Rudin|Sacha Baron Cohen|Anthony Hines,Erran Baron Cohen
345,Eyes Wide Shut,Tom Cruise|Nicole Kidman|Madison Eginton|Jackie Sawiris|Sydney Pollack,17,Stanley Kubrick,Stanley Kubrick|Arthur Schnitzler|Frederic Raphael,Stanley Kubrick|Brian W. Cook,Jocelyn Pook
196867,Annie,Quvenzhané Wallis|Jamie Foxx|Rose Byrne|Cameron Diaz|Bobby Cannavale,40,Will Gluck,Aline Brosh McKenna|Will Gluck,Will Smith|Jada Pinkett Smith|James Lassiter|Jay-Z|Caleeb Pinkett,Greg Kurstin
256591,Focus,Will Smith|Margot Robbie|Rodrigo Santoro|Robert Taylor|Gerald McRaney,37,Glenn Ficarra|John Requa,Glenn Ficarra|John Requa,Denise Di Novi,Nick Urata
59962,This Means War,Reese Witherspoon|Chris Pine|Tom Hardy|Laura Vandervoort|Angela Bassett,42,McG,Simon Kinberg|Timothy Dowling|Timothy Dowling|Marcus Gautesen,Will Smith|Simon Kinberg|Robert Simonds|James Lassiter,Christophe Beck
36648,Blade: Trinity,Wesley Snipes|Kris Kristofferson|Dominic Purcell|Jessica Biel|Ryan Reynolds,20,David S. Goyer,David S. Goyer,David S. Goyer|Lynn Harris|Peter Frankfurt|Wesley Snipes,RZA|Ramin Djawadi
1880,Red Dawn,Patrick Swayze|C. Thomas Howell|Lea Thompson|Darren Dalton|Charlie Sheen,18,John Milius,John Milius|Kevin Reynolds|Kevin Reynolds,Buzz Feitshans|Barry Beckerman,Basil Poledouris
9440,Primary Colors,John Travolta|Emma Thompson|Billy Bob Thornton|Kathy Bates|Adrian Lester,17,Mike Nichols,Elaine May,Mike Nichols|Neil A. Machlis|Jonathan D. Krane,Ry Cooder
71679,Resident Evil: Retribution,Milla Jovovich|Sienna Guillory|Michelle Rodriguez|Aryana Engineer|Li Bingbing,26,Paul W.S. Anderson,Paul W.S. Anderson,Paul W.S. Anderson|Jeremy Bolt|Don Carmody|Alexander Dostal,tomandandy
10483,Death Race,Jason Statham|Joan Allen|Ian McShane|Tyrese Gibson|Natalie Martinez,13,Paul W.S. Anderson,Paul W.S. Anderson,Paul W.S. Anderson|Jeremy Bolt|Roger Corman|Paula Wagner,
11412,The Long Kiss Goodnight,Geena Davis|Samuel L. Jackson|Yvonne Zima|Craig Bierko|Tom Amandes,15,Renny Harlin,Shane Black,Shane Black|Stephanie Austin|Geena Davis|Renny Harlin,Alan Silvestri
11983,Proof of Life,Meg Ryan|Russell Crowe|David Morse|Pamela Reed|David Caruso,9,Taylor Hackford,Tony Gilroy,Charles Mulvehill|Taylor Hackford,Danny Elfman
6795,Zathura: A Space Adventure,Jonah Bobo|Josh Hutcherson|Dax Shepard|Kristen Stewart|Tim Robbins,11,Jon Favreau,David Koepp|John Kamps,Michael De Luca|Scott Kroopf|William Teitler,John Debney
550,Fight Club,Edward Norton|Brad Pitt|Meat Loaf|Jared Leto|Helena Bonham Carter,77,David Fincher,Jim Uhls,Art Linson|Ross Grayson Bell|Ceán Chaffin,John King|Michael Simpson
11170,We Are Marshall,Matthew McConaughey|Matthew Fox|Anthony Mackie|David Strathairn|Ian McShane,8,McG,Jamie Linden|Cory Helms,Basil Iwanyk,Christophe Beck
9292,Hudson Hawk,Bruce Willis|Danny Aiello|Andie MacDowell|James Coburn|Richard E. Grant,8,Michael Lehmann,Steven E. de Souza|Daniel Waters,Suzanne Todd|Joel Silver|David Willis|Michael Dryhurst,Michael Kamen
10783,Lucky Numbers,John Travolta|Lisa Kudrow|Tim Roth|Ed O'Neill|Michael Rapaport,15,Nora Ephron,Adam Resnick,Sean Daniel|Nora Ephron|Andrew Lazar,George Fenton
100241,"I, Frankenstein",Aaron Eckhart|Yvonne Strahovski|Bill Nighy|Jai Courtney|Miranda Otto,22,Stuart Beattie,Stuart Beattie,Tom Rosenberg|Gary Lucchesi|Richard S. Wright|Andrew Mason|Sidney Kimmel,Johnny Klimek|Reinhold Heil
257,Oliver Twist,Barney Clark|Ben Kingsley|Jamie Foreman|Harry Eden|Edward Hardwicke,34,Roman Polanski,Ronald Harwood,Roman Polanski|Robert Benmussa|Alain Sarde,Rachel Portman
9947,Elektra,Jennifer Garner|Goran Visnjic|Will Yun Lee|Cary-Hiroyuki Tagawa|Terence Stamp,20,Rob Bowman,Zak Penn|Raven Metzner|Stu Zicherman,Arnon Milchan|Avi Arad|Gary Foster,Christophe Beck
189,Sin City: A Dame to Kill For,Mickey Rourke|Jessica Alba|Josh Brolin|Joseph Gordon-Levitt|Rosario Dawson,50,Robert Rodriguez|Frank Miller,Frank Miller,Robert Rodriguez|Sergei Bespalov|Aaron Kaufman|Alexander Rodnyansky|Mark C. Manuel,Robert Rodriguez|Carl Thiel
12618,Random Hearts,Harrison Ford|Kristin Scott Thomas|Charles S. Dutton|Bonnie Hunt|Dennis Haysbert,24,Sydney Pollack,Kurt Luedtke,Sydney Pollack|Marykay Powell,Dave Grusin
253412,Everest,Jason Clarke|Jake Gyllenhaal|Josh Brolin|John Hawkes|Sam Worthington,36,Baltasar Kormákur,William Nicholson|Simon Beaufoy,Nicky Kentish Barnes|Tim Bevan|Eric Fellner|Brian Oliver|Baltasar Kormákur,Dario Marianelli
1427,Perfume: The Story of a Murderer,Ben Whishaw|Simon Chandler|David Calder|Richard Felix|Birgit Minichmayr,24,Tom Tykwer,Bernd Eichinger|Tom Tykwer|Andrew Birkin,Bernd Eichinger|Gigi Oeri,Tom Tykwer|Johnny Klimek|Reinhold Heil
818,Austin Powers in Goldmember,Mike Myers|Beyoncé Knowles|Seth Green|Michael York|Mindy Sterling,114,Jay Roach,Mike Myers|Michael McCullers,Eric McLeod|Jennifer Todd|Suzanne Todd|John S. Lyons|Demi Moore,George S. Clinton
16577,Astro Boy,Nicolas Cage|Kristen Bell|Bill Nighy|Donald Sutherland|Freddie Highmore,15,David Bowers,Timothy Harris,,
329,Jurassic Park,Sam Neill|Laura Dern|Jeff Goldblum|Richard Attenborough|Bob Peck,27,Steven Spielberg,David Koepp|Michael Crichton,Kathleen Kennedy|Gerald R. Molen,John Williams
12160,Wyatt Earp,Kevin Costner|Dennis Quaid|Gene Hackman|David Andrews|Linden Ashby,24,Lawrence Kasdan,Lawrence Kasdan|Dan Gordon,Kevin Costner|Lawrence Kasdan|Jim Wilson,James Newton Howard
9331,Clear and Present Danger,Harrison Ford|Willem Dafoe|Anne Archer|Joaquim de Almeida|Henry Czerny,18,Phillip Noyce,John Milius|Steven Zaillian|Donald Stewart,Mace Neufeld|Robert Rehme,James Horner
300168,Dragon Blade,Jackie Chan|John Cusack|Adrien Brody|Sharni Vinson|Benny Urquidez,37,Daniel Lee,Daniel Lee,Jackie Chan|Susanna Tsang,
9072,Little Man,Marlon Wayans|Shawn Wayans|Kerry Washington|John Witherspoon|Tracy Morgan,6,Keenen Ivory Wayans,Marlon Wayans|Keenen Ivory Wayans|Shawn Wayans,Marlon Wayans|Keenen Ivory Wayans|Shawn Wayans|Rick Alvarez|Lee R. Mayes,
3536,U-571,Matthew McConaughey|Bill Paxton|Harvey Keitel|Jon Bon Jovi|David Keith,11,Jonathan Mostow,David Ayer|Sam Montgomery,Dino De Laurentiis|Martha De Laurentiis,Richard Marvin
9087,The American President,Michael Douglas|Annette Bening|Michael J. Fox|Martin Sheen|Anna Deavere Smith,18,Rob Reiner,Aaron Sorkin,Rob Reiner,
12177,The Love Guru,Mike Myers|Jessica Alba|Justin Timberlake|Romany Malco|Meagan Good,19,Marco Schnabel,Mike Myers|Graham Gordy,Michael De Luca|Mike Myers,George S. Clinton
12138,3000 Miles to Graceland,Kurt Russell|Kevin Costner|Courteney Cox|Christian Slater|Kevin Pollak,13,Demian Lichtenstein,Richard Recco|Demian Lichtenstein,Elie Samaha|Andrew Stevens|Demian Lichtenstein|Eric Manes|Richard Spero,
273248,The Hateful Eight,Samuel L. Jackson|Kurt Russell|Jennifer Jason Leigh|Walton Goggins|Demián Bichir,18,Quentin Tarantino,Quentin Tarantino,Stacey Sher|Richard N. Gladstein|Shannon McIntosh,Ennio Morricone
9955,Blades of Glory,Will Ferrell|Jon Heder|Will Arnett|Amy Poehler|Jenna Fischer,29,Josh Gordon|Will Speck,,Peter Kohn|Ben Stiller|Stuart Cornfeld|John Jacobs|Lara Breay,Theodore Shapiro
50359,Hop,Russell Brand|James Marsden|Kaley Cuoco|Hank Azaria|Elizabeth Perkins,11,Tim Hill,Ken Daurio|Ken Daurio|Cinco Paul|Cinco Paul|Brian Lynch,,Christopher Lennertz
1271,300,Gerard Butler|Lena Headey|Dominic West|David Wenham|Vincent Regan,87,Zack Snyder,Zack Snyder|Kurt Johnstad|Michael B. Gordon,Gianni Nunnari|Jeffrey Silver|Bernie Goldmann,Tyler Bates
693,Meet the Fockers,Ben Stiller|Teri Polo|Robert De Niro|Dustin Hoffman|Barbra Streisand,19,Jay Roach,Jim Herzfeld|Marc Hyman|John Hamburg,Robert De Niro|Jane Rosenthal|Jay Roach,Randy Newman
14306,Marley & Me,Owen Wilson|Jennifer Aniston|Eric Dane|Kathleen Turner|Alan Arkin,36,David Frankel,Scott Frank|Don Roos,Karen Rosenfelt|Gil Netter,
497,The Green Mile,Tom Hanks|Michael Clarke Duncan|David Morse|Bonnie Hunt|James Cromwell,33,Frank Darabont,Frank Darabont,David Valdes|Frank Darabont,Thomas Newman
11199,Wild Hogs,Tim Allen|John Travolta|Martin Lawrence|William H. Macy|Ray Liotta,17,Walt Becker,Brad Copeland,Brian Robbins|Mike Tollin|Todd Lieberman,Teddy Castellucci
9982,Chicken Little,Zach Braff|Joan Cusack|Dan Molina|Steve Zahn|Garry Marshall,24,Mark Dindal,Steve Bencich|Ron J. Friedman|Mark Kennedy|Ron Anderson|Mark Dindal,Randy Fullmer,John Debney
210577,Gone Girl,Ben Affleck|Rosamund Pike|Carrie Coon|Neil Patrick Harris|Tyler Perry,72,David Fincher,Gillian Flynn,Arnon Milchan|Reese Witherspoon|Ceán Chaffin|Leslie Dixon|Bruna Papandrea,Trent Reznor|Atticus Ross
2501,The Bourne Identity,Matt Damon|Franka Potente|Chris Cooper|Clive Owen|Brian Cox,51,Doug Liman,Tony Gilroy|W. Blake Herron,Doug Liman|Richard N. Gladstein|Patrick Crowley,John Powell
710,GoldenEye,Pierce Brosnan|Sean Bean|Izabella Scorupco|Famke Janssen|Joe Don Baker,20,Martin Campbell,Michael France|Jeffrey Caine|Bruce Feirstein,Barbara Broccoli|Anthony Waye|Michael G. Wilson,Eric Serra
2275,The General's Daughter,John Travolta|Madeleine Stowe|James Cromwell|Timothy Hutton|Leslie Stefanson,16,Simon West,William Goldman|Christopher Bertolini,Mace Neufeld,
37165,The Truman Show,Jim Carrey|Laura Linney|Noah Emmerich|Natascha McElhone|Ed Harris,25,Peter Weir,Andrew Niccol,Scott Rudin|Andrew Niccol|Edward S. Feldman|Adam Schroeder,Burkhard von Dallwitz
9837,The Prince of Egypt,Val Kilmer|Ralph Fiennes|Patrick Stewart|Michelle Pfeiffer|Sandra Bullock,22,Simon Wells|Steve Hickner|Brenda Chapman,Nicholas Meyer|Philip LaZebnik,Steven Spielberg|Jeffrey Katzenberg|Penney Finkelman Cox|Sandra Rabins,Hans Zimmer
10708,Daddy Day Care,Eddie Murphy|Jeff Garlin|Steve Zahn|Regina King|Kevin Nealon,52,Steve Carr,Geoff Rodkey,John Davis|Wyck Godfrey|Matt Berenson,David Newman
136400,2 Guns,Denzel Washington|Mark Wahlberg|Paula Patton|Bill Paxton|Fred Ward,44,Baltasar Kormákur,Blake Masters,George Furla|Randall Emmett|Marc Platt|Adam Siegel|Norton Herrick,Clinton Shorter
10992,Cats & Dogs,Jeff Goldblum|Elizabeth Perkins|Alexander Pollock|Miriam Margolyes|Tobey Maguire,8,Lawrence Guterman,Glenn Ficarra|John Requa,Christopher DeFaria,John Debney
9654,The Italian Job,Mark Wahlberg|Charlize Theron|Edward Norton|Seth Green|Jason Statham,22,F. Gary Gray,Donna Powers|Wayne Powers,Donald De Line,
2642,Two Weeks Notice,Sandra Bullock|Hugh Grant|Alicia Witt|Dana Ivey|Robert Klein,26,Marc Lawrence,Marc Lawrence,Sandra Bullock,John Powell
8916,Antz,Woody Allen|Dan Aykroyd|Anne Bancroft|Danny Glover|Gene Hackman,18,Eric Darnell|Tim Johnson,Chris Weitz|Paul Weitz|Todd Alcott,Aron Warner|Brad Lewis|Patty Wooton,Harry Gregson-Williams|John Powell
19899,Couples Retreat,Vince Vaughn|Malin Åkerman|Jason Bateman|Kristen Bell|Jon Favreau,18,Peter Billingsley,Vince Vaughn|Jon Favreau|Dana Fox,,
2119,Days of Thunder,Tom Cruise|Robert Duvall|Nicole Kidman|Randy Quaid|Cary Elwes,12,Tony Scott,Robert Towne,Jerry Bruckheimer|Don Simpson,Hans Zimmer
9641,Cheaper by the Dozen 2,Steve Martin|Eugene Levy|Bonnie Hunt|Tom Welling|Jonathan Bennett,22,Adam Shankman,Sam Harper,Shawn Levy|Adam Shankman|Jennifer Gibgot|Garrett Grant|Ben Myron,
294254,Maze Runner: The Scorch Trials,Dylan O'Brien|Kaya Scodelario|Thomas Brodie-Sangster|Giancarlo Esposito|Aidan Gillen,37,Wes Ball,T.S. Nowlin,Wyck Godfrey|Marty Bowen|Joe Hartwick Jr.|Ellen Goldsmith-Vein|Lee Stollman,
38167,Eat Pray Love,Julia Roberts|James Franco|Javier Bardem|Billy Crudup|Richard Jenkins,19,Ryan Murphy,Ryan Murphy|Jennifer Salt,Dede Gardner,Dario Marianelli
5994,The Family Man,Nicolas Cage|Téa Leoni|Don Cheadle|Saul Rubinek|Amber Valletta,11,Brett Ratner,David Diamond|David Weissman,Marc Abraham|Tony Ludwig|Alan Riche|Howard Rosenman,Danny Elfman
39514,RED,Bruce Willis|John Malkovich|Helen Mirren|Mary-Louise Parker|Karl Urban,29,Robert Schwentke,Warren Ellis|Erich Hoeber|Jon Hoeber|Cully Hamner,Lorenzo di Bonaventura|Mark Vahradian,Christophe Beck
9563,Any Given Sunday,Al Pacino|Cameron Diaz|Dennis Quaid|James Woods|Jamie Foxx,66,Oliver Stone,John Logan|Oliver Stone,Clayton Townsend|Dan Halsted|Lauren Shuler Donner,Richard Horowitz|Paul Kelly
547,The Horse Whisperer,Robert Redford|Kristin Scott Thomas|Sam Neill|Scarlett Johansson|Dianne Wiest,21,Robert Redford,Eric Roth|Richard LaGravenese,Robert Redford|Patrick Markey|Joseph P. Reidy|Karen Tenkhoff,Thomas Newman|Allison Moorer|Gwil Owen
1538,Collateral,Tom Cruise|Jamie Foxx|Jada Pinkett Smith|Mark Ruffalo|Peter Berg,20,Michael Mann,Stuart Beattie,Michael Mann|Julie Richardson,James Newton Howard
9334,The Scorpion King,Dwayne Johnson|Kelly Hu|Michael Clarke Duncan|Steven Brand|Bernard Hill,18,Chuck Russell,Stephen Sommers|William Osborne|David Hayter,Stephen Sommers|Sean Daniel|James Jacks|Kevin Misher,John Debney
11128,Ladder 49,Joaquin Phoenix|John Travolta|Jacinda Barrett|Robert Patrick|Morris Chestnut,10,Jay Russell,Lewis Colick,Casey Silver,William Ross
75780,Jack Reacher,Tom Cruise|Rosamund Pike|Richard Jenkins|David Oyelowo|Werner Herzog,47,Christopher McQuarrie,Christopher McQuarrie,Gary Levinsohn|Tom Cruise|Paula Wagner|Dana Goldberg|Don Granger,Joe Kraemer
8914,Deep Blue Sea,Thomas Jane|Saffron Burrows|LL Cool J|Michael Rapaport|Samuel L. Jackson,18,Renny Harlin,Duncan Kennedy|Donna Powers|Wayne Powers,Akiva Goldsman|Tony Ludwig|Alan Riche|Don MacBain,Trevor Rabin
13576,This Is It,Michael Jackson|Orianthi|Kenny Ortega|Dorian Holley|Patrick Woodroffe,10,Kenny Ortega,,,
39538,Contagion,Matt Damon|Gwyneth Paltrow|Kate Winslet|Jude Law|Marion Cotillard,18,Steven Soderbergh,Scott Z. Burns,Michael Shamberg|Stacey Sher|Gregory Jacobs,Cliff Martinez
10628,Kangaroo Jack,Jerry O'Connell|Anthony Anderson|Estella Warren|Christopher Walken|Michael Shannon,7,David McNally,Scott Rosenberg|Steve Bing,Jerry Bruckheimer,Trevor Rabin
14836,Coraline,Dakota Fanning|Teri Hatcher|Jennifer Saunders|Dawn French|Keith David,8,Henry Selick,Neil Gaiman|Henry Selick,Harry Linden|Henry Selick|Bill Mechanic|Claire Jennings|Mary Sandell,
8645,The Happening,Mark Wahlberg|Zooey Deschanel|John Leguizamo|Spencer Breslin|Betty Buckley,22,M. Night Shyamalan,M. Night Shyamalan,Sam Mercer|Barry Mendel|M. Night Shyamalan|John Rusk|Deven Khote,James Newton Howard
9509,Man on Fire,Denzel Washington|Dakota Fanning|Marc Anthony|Radha Mitchell|Christopher Walken,12,Tony Scott,Brian Helgeland,Arnon Milchan|Tony Scott|Lucas Foster,Harry Gregson-Williams
10067,The Shaggy Dog,Tim Allen|Kristin Davis|Danny Glover|Spencer Breslin|Robert Downey Jr.,21,Brian Robbins,,Tim Allen|David Hoberman,Alan Menken
9384,Starsky & Hutch,Ben Stiller|Owen Wilson|Snoop Dogg|Fred Williamson|Vince Vaughn,84,Todd Phillips,John O'Brien|John O'Brien|Todd Phillips|Scot Armstrong|Stevie Long,Akiva Goldsman|Stuart Cornfeld|Tony Ludwig|Alan Riche|William Blinn,Theodore Shapiro
9279,Jingle All the Way,Arnold Schwarzenegger|Phil Hartman|Sinbad|Rita Wilson|Jake Lloyd,20,Brian Levant,Randy Kornfield,Chris Columbus|Mark Radcliffe|Michael Barnathan|Richard Vane,David Newman
1487,Hellboy,Ron Perlman|Selma Blair|Rupert Evans|John Hurt|Jeffrey Tambor,21,Guillermo del Toro,Guillermo del Toro,Lawrence Gordon|Lloyd Levin|Mike Richardson,Marco Beltrami
9422,A Civil Action,John Travolta|Robert Duvall|Tony Shalhoub|William H. Macy|Zeljko Ivanek,19,Steven Zaillian,Steven Zaillian,Steven Zaillian|Scott Rudin|Robert Redford|Rachel Pfeffer,Danny Elfman
77174,ParaNorman,Kodi Smit-McPhee|Tucker Albrizzi|Jodelle Ferland|Anna Kendrick|Casey Affleck,21,Sam Fell|Chris Butler,Chris Butler,Travis Knight|Arianne Sutner,
4824,The Jackal,Bruce Willis|Richard Gere|Sidney Poitier|Diane Venora|J.K. Simmons,50,Michael Caton-Jones,Chuck Pfarrer,Kevin Jarre|Sean Daniel|James Jacks|Michael Caton-Jones,Carter Burwell
9620,Paycheck,Ben Affleck|Aaron Eckhart|Uma Thurman|Paul Giamatti|Colm Feore,46,John Woo,Dean Georgaris,John Davis|John Woo|Terence Chang|Michael Hackett,John Powell
9302,Up Close & Personal,Robert Redford|Michelle Pfeiffer|Stockard Channing|Joe Mantegna|Kate Nelligan,12,Jon Avnet,Joan Didion|John Gregory Dunne,John Foreman|Jon Avnet,
10199,The Tale of Despereaux,Matthew Broderick|Dustin Hoffman|Emma Watson|Tracey Ullman|Kevin Kline,18,Robert Stevenhagen|Sam Fell,Gary Ross|Chris Butler|Tim Watts|Brendan Houghton|Dean Roberts,Gary Ross|Allison Thomas,
10771,The Tuxedo,Jackie Chan|Jennifer Love Hewitt|Jason Isaacs|Debi Mazar|Ritchie Coster,15,Kevin Donovan,Michael J. Leeson|Michael J. Wilson|Michael J. Wilson|Phil Hay|Matt Manfredi,John H. Williams|Adam Schroeder,John Debney|Christophe Beck
3512,Under Siege 2: Dark Territory,Steven Seagal|Eric Bogosian|Everett McGill|Katherine Heigl|Morris Chestnut,12,Geoff Murphy,Richard Hatem|Matt Reeves,Arnon Milchan|Steve Perry,Basil Poledouris
137094,Jack Ryan: Shadow Recruit,Chris Pine|Keira Knightley|Kevin Costner|Kenneth Branagh|Lenn Kudrjawizki,29,Kenneth Branagh,David Koepp|Adam Cozad,Mace Neufeld|Lorenzo di Bonaventura|David Barron|Mark Vahradian|Alexander Dostal,
274479,Joy,Jennifer Lawrence|Bradley Cooper|Robert De Niro|Dascha Polanco|Edgar Ramírez,67,David O. Russell,David O. Russell|David O. Russell|Annie Mumolo,John Davis|Jonathan Gordon|David O. Russell|Ken Mok|Megan Ellison,David Campbell|West Dylan Thordson
267860,London Has Fallen,Gerard Butler|Aaron Eckhart|Morgan Freeman|Angela Bassett|Melissa Leo,29,Babak Najafi,Christian Gudegast|Chad St. John|Katrin Benedikt|Katrin Benedikt|Creighton Rothenberger,Gerard Butler|Les Weldon|John Thompson|Mark Gill|Alan Siegel,
8078,Alien: Resurrection,Sigourney Weaver|Winona Ryder|Brad Dourif|Ron Perlman|Michael Wincott,26,Jean-Pierre Jeunet,Joss Whedon,David Giler|Walter Hill|Sigourney Weaver|Gordon Carroll|Bill Badalato,
7485,Shooter,Mark Wahlberg|Michael Peña|Danny Glover|Kate Mara|Elias Koteas,16,Antoine Fuqua,Jonathan Lemkin,Lorenzo di Bonaventura,Mark Mancina
170687,The Boxtrolls,Ben Kingsley|Isaac Hempstead-Wright|Elle Fanning|Dee Bradley Baker|Toni Collette,18,Anthony Stacchi|Graham Annable,Irena Brignull|Adam Pava,Travis Knight|David Bleiman Ichioka,
6435,Practical Magic,Sandra Bullock|Nicole Kidman|Evan Rachel Wood|Goran Visnjic|Stockard Channing,11,Griffin Dunne,Adam Brooks|Akiva Goldsman|Robin Swicord,Denise Di Novi,Alan Silvestri
137106,The Lego Movie,Chris Pratt|Will Ferrell|Elizabeth Banks|Will Arnett|Nick Offerman,35,Phil Lord|Christopher Miller,Phil Lord|Christopher Miller,Roy Lee|Dan Lin,Mark Mothersbaugh
10040,Miss Congeniality 2: Armed and Fabulous,Sandra Bullock|Regina King|Enrique Murciano|William Shatner|Eileen Brennan,14,John Pasquin,Marc Lawrence|Katie Ford|Caryn Lucas,Sandra Bullock|Marc Lawrence|Mary McLaglen,
6278,Reign of Fire,Christian Bale|Matthew McConaughey|Izabella Scorupco|Gerard Butler|Alexander Siddig,15,Rob Bowman,Matt Greenberg|Gregg Shabot|Kevin Peterka,Richard D. Zanuck|Roger Birnbaum|Gary Barber|Lili Fini Zanuck,Ed Shearmur
82682,Gangster Squad,Josh Brolin|Ryan Gosling|Nick Nolte|Emma Stone|Sean Penn,40,Ruben Fleischer,Will Beall,Michael Tadross|Kevin McCormick|Dan Lin|Jon Silk,Steve Jablonsky
17610,Year One,Jack Black|Michael Cera|Olivia Wilde|Oliver Platt|David Cross,24,Harold Ramis,Harold Ramis|Gene Stupnitsky|Lee Eisenberg,Harold Ramis|Clayton Townsend|Judd Apatow|Nicholas Weinstock|Laurel A. Ward,
22954,Invictus,Morgan Freeman|Matt Damon|Tony Kgoroge|Patrick Mofokeng|Matt Stern,46,Clint Eastwood,Anthony Peckham,Clint Eastwood|Mace Neufeld|Robert Lorenz|Lori McCreary,Kyle Eastwood|Michael Stevens
16995,State of Play,Russell Crowe|Ben Affleck|Rachel McAdams|Robin Wright|Jason Bateman,22,Kevin Macdonald,Tony Gilroy|Billy Ray|Matthew Michael Carnahan,Tim Bevan|Eric Fellner|Andrew Hauptman|Kwame Parker|Eric Hayes,Alex Heffes
16558,Duplicity,Clive Owen|Julia Roberts|Paul Giamatti|Tom Wilkinson|Lisa Roberts Gillan,33,Tony Gilroy,Tony Gilroy,Jennifer Fox|Laura Bickford|Kerry Orent,James Newton Howard
9849,My Favorite Martian,Jeff Daniels|Elizabeth Hurley|Daryl Hannah|Christopher Lloyd|Wallace Shawn,8,Donald Petrie,Sherri Stoner|Deanna Oliver,Jerry Leider,
5820,The Sentinel,Michael Douglas|Kiefer Sutherland|Eva Longoria|Martin Donovan|Kim Basinger,15,Clark Johnson,George Nolfi,Arnon Milchan|Michael Douglas|Marcy Drogin,Christophe Beck
16866,Planet 51,Dwayne Johnson|Seann William Scott|Jessica Biel|Justin Long|Gary Oldman,18,Jorge Blanco|Javier Abad|Marcos Martínez,Joe Stillman|Jorge Blanco|Ignacio Pérez Dolset|Javier Abad|Marcos Martínez,Guy Collins|Ignacio Pérez Dolset,James Seymour Brett
201,Star Trek: Nemesis,Patrick Stewart|Jonathan Frakes|Brent Spiner|LeVar Burton|Michael Dorn,18,Stuart Baird,John Logan,Rick Berman|Peter Lauritson,Jerry Goldsmith
11775,Intolerable Cruelty,George Clooney|Catherine Zeta-Jones|Edward Herrmann|Geoffrey Rush|Richard Jenkins,42,Joel Coen,Joel Coen|Ethan Coen|Robert Ramsey|Robert Ramsey|Matthew Stone,Brian Grazer|Joel Coen|Ethan Coen|John Cameron|Grant Heslov,Carter Burwell
87825,Trouble with the Curve,Clint Eastwood|Amy Adams|Justin Timberlake|John Goodman|Matthew Lillard,46,Robert Lorenz,Randy Brown,Clint Eastwood|Robert Lorenz|Michele Weisler,Marco Beltrami
12201,Edge of Darkness,Mel Gibson|Ray Winstone|Danny Huston|Shawn Roberts|Denis O'Hare,20,Martin Campbell,William Monahan|Andrew Bovell,Graham King|Tim Headington|Michael Wearing,
11015,The Relic,Penelope Ann Miller|Tom Sizemore|Linda Hunt|James Whitmore|Clayton Rohner,27,Peter Hyams,Amy Holden Jones|John Raffo|Rick Jaffa|Amanda Silver,Sam Mercer|Gale Anne Hurd,John Debney
9932,Analyze That,Robert De Niro|Billy Crystal|Lisa Kudrow|Joe Viterelli|Cathy Moriarty,10,Harold Ramis,Harold Ramis|Peter Tolan|Kenneth Lonergan|Peter Steinfeld,Jane Rosenthal|Paula Weinstein,
13389,Righteous Kill,Robert De Niro|Carla Gugino|50 Cent|Al Pacino|Donnie Wahlberg,33,Jon Avnet,Russell Gewirtz,,
8838,Mercury Rising,Bruce Willis|Alec Baldwin|Miko Hughes|Chi McBride|Kim Dickens,25,Harold Becker,Lawrence Konner|Mark Rosenthal,Brian Grazer|Karen Kehela Sherwood,John Barry
17332,The Soloist,Robert Downey Jr.|Jamie Foxx|Catherine Keener|Nelsan Ellis|Michael Bunin,12,Joe Wright,Susannah Grant,Gary Foster|Russ Krasnoff,Dario Marianelli
4958,The Legend of Bagger Vance,Matt Damon|Bruce McGill|Charlize Theron|Will Smith|Joel Gretsch,13,Robert Redford,Jeremy Leven,Jake Eberts|Michael Nozik|Robert Redford|Joseph P. Reidy|Chris Brigham,Rachel Portman
786,Almost Famous,Kate Hudson|Billy Crudup|Frances McDormand|Jason Lee|Patrick Fugit,45,Cameron Crowe,Cameron Crowe,Ian Bryce|Cameron Crowe|Lisa Stewart|Steven P. Saeta|Scott M. Martin,Nancy Wilson
9513,Garfield: A Tail of Two Kitties,Bill Murray|Jennifer Love Hewitt|Billy Connolly|Ian Abercrombie|Breckin Meyer,20,Tim Hill,Joel Cohen|Alec Sokolow,John Davis,Christophe Beck
11679,xXx: State of the Union,Ice Cube|Samuel L. Jackson|Willem Dafoe|Scott Speedman|Peter Strauss,15,Lee Tamahori,Simon Kinberg,Arne Schmidt|Neal H. Moritz,Marco Beltrami
38321,Priest,Paul Bettany|Karl Urban|Cam Gigandet|Maggie Q|Lily Collins,11,Scott Stewart,Min-Woo Hyung,Michael De Luca|Mitchell Peck|Joshua Donen,Christopher Young
14411,Sinbad: Legend of the Seven Seas,Brad Pitt|Catherine Zeta-Jones|Michelle Pfeiffer|Joseph Fiennes|Dennis Haysbert,13,Tim Johnson|Patrick Gilmore,John Logan,Jeffrey Katzenberg|Mireille Soria,Harry Gregson-Williams
8413,Event Horizon,Laurence Fishburne|Sam Neill|Kathleen Quinlan|Joely Richardson|Richard T. Jones,15,Paul W.S. Anderson,Philip Eisner,Jeremy Bolt|Lawrence Gordon|Lloyd Levin,Michael Kamen
10052,Dragonfly,Kevin Costner|Joe Morton|Ron Rifkin|Susanna Thompson|Kathy Bates,23,Tom Shadyac,,Tom Shadyac|Roger Birnbaum|Gary Barber|Mark Johnson|Alan B. Curtiss,John Debney
9676,The Black Dahlia,Josh Hartnett|Scarlett Johansson|Aaron Eckhart|Hilary Swank|Mia Kirshner,19,Brian De Palma,Josh Friedman,Art Linson|Avi Lerner|Moshe Diamant|Rudy Cohen,Mark Isham
9664,Flyboys,James Franco|David Ellison|Jean Reno|Philip Winchester|Abdul Salis,16,Tony Bill,David S. Ward,Dean Devlin|Marc Frydman,Trevor Rabin
2100,The Last Castle,Robert Redford|James Gandolfini|Mark Ruffalo|Steve Burton|Delroy Lindo,11,Rod Lurie,Graham Yost|David Scarpa,Robert Lawrence,Jerry Goldsmith|Tom Waits
10384,Supernova,James Spader|Angela Bassett|Robert Forster|Lou Diamond Phillips|Peter Facinelli,12,Walter Hill|Jack Sholder,Daniel Chuba,Ash R. Shah|Daniel Chuba|Jamie Dixon,
137321,Winter's Tale,Colin Farrell|Jessica Brown Findlay|Russell Crowe|William Hurt|Jennifer Connelly,33,Akiva Goldsman,Akiva Goldsman,Akiva Goldsman|Michael Tadross|Marc Platt,Hans Zimmer|Rupert Gregson-Williams
123553,The Mortal Instruments: City of Bones,Lily Collins|Jamie Campbell Bower|Kevin Zegers|Jemima West|Robert Sheehan,22,Harald Zwart,I. Marlene King|Cassandra Clare|Jessica Postigo,Robert Kulzer|Don Carmody,
11260,Meet Dave,Eddie Murphy|Elizabeth Banks|Gabrielle Union|Scott Caan|Ed Helms,16,Brian Robbins,Robbie Greenberg|Bill Corbett,David T. Friendly|Todd Komarnicki|Jon Berg,John Debney
9009,Dark Water,Jennifer Connelly|John C. Reilly|Tim Roth|Dougray Scott|Pete Postlethwaite,12,Walter Salles,Rafael Yglesias,Doug Davison|Roy Lee|Bill Mechanic,Angelo Badalamenti
11374,Edtv,Matthew McConaughey|Woody Harrelson|Sally Kirkland|Jenna Elfman|Martin Landau,51,Ron Howard,Émile Gaudreault|Lowell Ganz|Babaloo Mandel|Sylvie Bouchard,Brian Grazer|Ron Howard|Jeffrey T. Barabe,Randy Edelman
2309,Inkheart,Brendan Fraser|Sienna Guillory|Andy Serkis|Eliza Bennett|Paul Bettany,20,Iain Softley,David Lindsay-Abaire,Barry Mendel|Ileen Maisel|Cornelia Funke,
8285,The Spirit,Gabriel Macht|Scarlett Johansson|Samuel L. Jackson|Eva Mendes|Paz Vega,15,Frank Miller,Frank Miller,Michael Uslan|Gigi Pritzker|Deborah Del Prete|F.J. DeSanto|Linda McDonough,David Newman
210860,Mortdecai,Johnny Depp|Gwyneth Paltrow|Ewan McGregor|Paul Bettany|Olivia Munn,14,David Koepp,Eric Aronson|Kyril Bonfiglioli,Johnny Depp|Gigi Pritzker|Andrew Lazar|Patrick McCormick|Christi Dembrowski,
2312,In the Name of the King: A Dungeon Siege Tale,Jason Statham|John Rhys-Davies|Ray Liotta|Leelee Sobieski|Burt Reynolds,19,Uwe Boll,Jason Rappaport|Doug Taylor|Dan Stroncak,Brandon Baker|Dan Clarke|Michael Roesch|Peter Scheerer|Jonathan Shore,
9839,Beyond Borders,Angelina Jolie|Clive Owen|Teri Polo|Linus Roache|Noah Emmerich,50,Martin Campbell,,Lloyd Phillips|Dan Halsted|John D. Schofield|Philip A. Patterson|Dieter Meyer,James Horner
381902,The Monkey King 2,Aaron Kwok|Gong Li|William Feng|Xiao Shen Yang|Him Law,11,Soi Cheang,Wu Cheng'en|Elvis Man,,
13922,The Great Raid,Benjamin Bratt|James Franco|Connie Nielsen|Marton Csokas|Joseph Fiennes,56,John Dahl,Doug Miro|Carlo Bernard,Lawrence Bender|Marty Katz,
293660,Deadpool,Ryan Reynolds|Morena Baccarin|Ed Skrein|T.J. Miller|Gina Carano,47,Tim Miller,Rhett Reese|Paul Wernick,Lauren Shuler Donner|Simon Kinberg|Ryan Reynolds,
9713,Holy Man,Eddie Murphy|Jeff Goldblum|Kelly Preston|Robert Loggia|Jon Cryer,5,Stephen Herek,Tom Schulman,,Alan Silvestri
190859,American Sniper,Bradley Cooper|Sienna Miller|Kyle Gallner|Cole Konis|Ben Reed,81,Clint Eastwood,Jason Hall|Chris Kyle|Scott McEwen|Jim DeFelice,Clint Eastwood,
257445,Goosebumps,Jack Black|Dylan Minnette|Odeya Rush|Amy Ryan|Jillian Bell,54,Rob Letterman,Scott Alexander|Larry Karaszewski|Darren Lemke,Neal H. Moritz|Deborah Forte,Danny Elfman
9007,Just Like Heaven,Reese Witherspoon|Mark Ruffalo|Donal Logue|Dina Spybey-Waters|Ben Shenkman,42,Mark Waters,Leslie Dixon|Peter Tolan,Walter F. Parkes|Laurie MacDonald|Marc Levy|Veronica Brooks,Rolfe Kent
889,The Flintstones in Viva Rock Vegas,Mark Addy|Stephen Baldwin|Kristen Johnston|Jane Krakowski|Joan Collins,14,Brian Levant,Jim Cash|Jack Epps Jr.|Deborah Kaplan|Harry Elfont,Bruce Cohen|Bart Brown,David Newman
1370,Rambo III,Sylvester Stallone|Richard Crenna|Kurtwood Smith|Spiros Focás|Sasson Gabai,16,Peter MacDonald,Sylvester Stallone|Sheldon Lettich,Buzz Feitshans,Jerry Goldsmith
4942,Leatherheads,George Clooney|Renée Zellweger|John Krasinski|Wayne Duvall|Stephen Root,14,George Clooney,Duncan Brantley|Rick Reilly,George Clooney|Casey Silver|Grant Heslov,Randy Newman
347969,The Ridiculous 6,Adam Sandler|Taylor Lautner|Steve Buscemi|Terry Crews|Danny Trejo,68,Frank Coraci,Adam Sandler|Tim Herlihy,Adam Sandler|Allen Covert|Ted Sarandos,Rupert Gregson-Williams|Elmo Weber
24438,Did You Hear About the Morgans?,Hugh Grant|Sarah Jessica Parker|Mary Steenburgen|Sam Elliott|Natalia Klimas,16,Marc Lawrence,Marc Lawrence,Martin Shafer|Liz Glotzer|Melissa Wells|Sara Woodhatch,Theodore Shapiro
116741,The Internship,Owen Wilson|Vince Vaughn|Rose Byrne|Max Minghella|Aasif Mandvi,117,Shawn Levy,Vince Vaughn|Vince Vaughn|Jared Stern,Vince Vaughn|Shawn Levy,Christophe Beck
35791,Resident Evil: Afterlife,Milla Jovovich|Wentworth Miller|Ali Larter|Kim Coates|Kacey Clarke,15,Paul W.S. Anderson,Paul W.S. Anderson,Paul W.S. Anderson|Jeremy Bolt|Robert Kulzer|Bernd Eichinger|Samuel Hadida,tomandandy
72431,Red Tails,Bryan Cranston|David Oyelowo|Cuba Gooding Jr.|Daniela Ruah|Terrence Howard,16,Anthony Hemingway,John Ridley|John Ridley,Rick McCallum|Chas. Floyd Johnson,
1813,The Devil's Advocate,Keanu Reeves|Al Pacino|Charlize Theron|Jeffrey Jones|Judith Ivey,47,Taylor Hackford,Jonathan Lemkin|Tony Gilroy,Arnon Milchan|Arnold Kopelson|Anne Kopelson,James Newton Howard
87428,That's My Boy,Adam Sandler|Susan Sarandon|Eva Amurri Martino|Leighton Meester|Andy Samberg,28,Sean Anders,David Caspe,,Rupert Gregson-Williams
8840,DragonHeart,Dennis Quaid|David Thewlis|Pete Postlethwaite|Dina Meyer|Julie Christie,18,Rob Cohen,Charles Edward Pogue|Patrick Read Johnson,Raffaella De Laurentiis,Randy Edelman
10589,After the Sunset,Pierce Brosnan|Salma Hayek|Woody Harrelson|Troy Garity|Russell Hornsby,35,Brett Ratner,Craig Rosenberg|Paul Zbyszewski,Beau Flynn|Tripp Vinson|Jay Stern|James M. Freitag|Keith Goldberg,Lalo Schifrin
71676,Ghost Rider: Spirit of Vengeance,Nicolas Cage|Ciarán Hinds|Violante Placido|Fergus Riordan|Johnny Whitworth,11,Brian Taylor|Mark Neveldine,David S. Goyer|David S. Goyer|Roy Thomas|Seth Hoffman|Scott M. Gimple,Michael De Luca|Avi Arad|Steven Paul|Ashok Amritraj|Ari Arad,David Sardy
1722,Captain Corelli's Mandolin,Nicolas Cage|Penélope Cruz|John Hurt|Christian Bale|Irene Papas,13,John Madden,Shawn Slovo,Tim Bevan|Eric Fellner|Mark Huffam|Kevin Loader,Stephen Warbeck
10022,The Pacifier,Vin Diesel|Lauren Graham|Faith Ford|Chris Potter|Brittany Snow,76,Adam Shankman,Thomas Lennon|Ben Garant,Roger Birnbaum|Gary Barber|Jennifer Gibgot|Jonathan Glickman,
11358,Walking Tall,Dwayne Johnson|Johnny Knoxville|Neal McDonough|Kristen Wilson|Cobie Smulders,49,Kevin Bray,Brian Koppelman|David Levien|Channing Gibson|David Klass,Lucas Foster|Paul Schiff|Ashok Amritraj|David Hoberman|Jim Burke,Graeme Revell
13,Forrest Gump,Tom Hanks|Robin Wright|Gary Sinise|Mykelti Williamson|Sally Field,66,Robert Zemeckis,Eric Roth,Wendy Finerman|Steve Tisch|Steve Starkey,Alan Silvestri
6477,Alvin and the Chipmunks,Jason Lee|David Cross|Cameron Richardson|Jane Lynch|Justin Long,16,Tim Hill,Jon Vitti|Jon Vitti|Will McRobb|Chris Viscardi,Janice Karman|Ross Bagdasarian,Christopher Lennertz
1597,Meet the Parents,Ben Stiller|Robert De Niro|Teri Polo|Blythe Danner|Owen Wilson,19,Jay Roach,Jim Herzfeld|John Hamburg,Robert De Niro|Jane Rosenthal|Jay Roach|Nancy Tenenbaum,Randy Newman
10530,Pocahontas,Irene Bedard|Mel Gibson|David Ogden Stiers|John Kassir|Russell Means,16,Mike Gabriel|Eric Goldberg,Susannah Grant|Philip LaZebnik|Chris Buck|Carl Binder,James Pentecost,Alan Menken
1924,Superman,Christopher Reeve|Marlon Brando|Margot Kidder|Gene Hackman|Ned Beatty,92,Richard Donner,Mario Puzo|Mario Puzo|Tom Mankiewicz|David Newman|Robert Benton,Pierre Spengler,John Williams
9327,The Nutty Professor,Eddie Murphy|Jada Pinkett Smith|James Coburn|Larry Miller|Dave Chappelle,21,Tom Shadyac,Steve Oedekerk|Tom Shadyac|David Sheffield|Barry W. Blaustein,,
8488,Hitch,Will Smith|Eva Mendes|Kevin James|Amber Valletta|Julie Ann Emery,17,Andy Tennant,Kevin Bisch,Will Smith|James Lassiter,George Fenton
10603,George of the Jungle,Brendan Fraser|Leslie Mann|Thomas Haden Church|John Cleese|Richard Roundtree,49,Sam Weisman,Dana Olsen|Audrey Wells,Jon Avnet|David Hoberman|Jordan Kerner,Marc Shaiman
8273,American Wedding,Jason Biggs|Alyson Hannigan|Seann William Scott|Eddie Kaye Thomas|Thomas Ian Nicholas,15,Jesse Dylan,Adam Herz,Chris Bender|Chris Moore|Adam Herz|Craig Perry|Warren Zide,Christophe Beck
109424,Captain Phillips,Tom Hanks|Catherine Keener|Max Martini|Chris Mulkey|Yul Vazquez,17,Paul Greengrass,Billy Ray,Scott Rudin|Michael De Luca|Dana Brunetti,Henry Jackman
35056,Date Night,Tina Fey|Steve Carell|Mark Wahlberg|Taraji P. Henson|Jimmi Simpson,29,Shawn Levy,Josh Klausner,Shawn Levy|Tom McNulty|Billy Rosenberg,Christophe Beck
8839,Casper,Christina Ricci|Bill Pullman|Cathy Moriarty|Eric Idle|Joe Nipote,34,Brad Silberling,,Colin Wilson,James Horner
156022,The Equalizer,Denzel Washington|Marton Csokas|Chloë Grace Moretz|David Harbour|Haley Bennett,38,Antoine Fuqua,Richard Wenk,Steve Tisch|Mace Neufeld|Denzel Washington|Richard Wenk|Michael Sloan,Harry Gregson-Williams
7303,Maid in Manhattan,Jennifer Lopez|Ralph Fiennes|Natasha Richardson|Stanley Tucci|Tyler Posey,18,Wayne Wang,Kevin Wade|John Hughes,Paul Schiff|Elaine Goldsmith-Thomas|Deborah Schindler,Alan Silvestri
8963,Crimson Tide,Denzel Washington|Gene Hackman|Matt Craven|George Dzundza|Viggo Mortensen,18,Tony Scott,Michael Schiffer|Michael Schiffer|Richard P. Henrick,Jerry Bruckheimer|Don Simpson,Hans Zimmer
1402,The Pursuit of Happyness,Will Smith|Jaden Smith|Thandie Newton|Brian Howe|James Karen,49,Gabriele Muccino,Steve Conrad,Steve Tisch|Will Smith,Andrea Guerra
9315,Flightplan,Jodie Foster|Peter Sarsgaard|Sean Bean|Kate Beahan|Michael Irby,15,Robert Schwentke,Billy Ray|Peter A. Dowling,Brian Grazer,James Horner
8984,Disclosure,Michael Douglas|Demi Moore|Donald Sutherland|Dylan Baker|Jacqueline Kim,12,Barry Levinson,Paul Attanasio,Barry Levinson,
795,City of Angels,Nicolas Cage|Meg Ryan|Andre Braugher|Dennis Franz|Colm Feore,16,Brad Silberling,Wim Wenders|Richard Reitinger|Dana Stevens,Charles Roven|Robert Cavallo|Arnon Milchan|Dawn Steel|Alan Glazer,Gabriel Yared
24,Kill Bill: Vol. 1,Uma Thurman|Lucy Liu|Vivica A. Fox|Daryl Hannah|David Carradine,36,Quentin Tarantino,Quentin Tarantino,Lawrence Bender|Katsuji Morishita,RZA
11353,Bowfinger,Steve Martin|Eddie Murphy|Heather Graham|Christine Baranski|Jamie Kennedy,43,Frank Oz,Steve Martin,Brian Grazer|Kathleen M. Courtney,David Newman
393,Kill Bill: Vol. 2,Uma Thurman|David Carradine|Daryl Hannah|Michael Madsen|Gordon Liu Chia-Hui,27,Quentin Tarantino,Quentin Tarantino,Lawrence Bender,Robert Rodriguez|RZA
9618,Tango & Cash,Sylvester Stallone|Kurt Russell|Teri Hatcher|Jack Palance|Brion James,16,Andrei Konchalovsky|Albert Magnoli,Randy Feldman,,Harold Faltermeyer
9374,Death Becomes Her,Meryl Streep|Bruce Willis|Goldie Hawn|Isabella Rossellini|Ian Ogilvy,20,Robert Zemeckis,Martin Donovan,Robert Zemeckis|Steve Starkey,Alan Silvestri
8584,Shanghai Noon,Jackie Chan|Owen Wilson|Lucy Liu|Xander Berkeley|Roger Yuan,22,Tom Dey,Miles Millar|Alfred Gough,Roger Birnbaum|Gary Barber|Jonathan Glickman,Randy Edelman
2320,Executive Decision,Kurt Russell|Steven Seagal|Halle Berry|John Leguizamo|Oliver Platt,18,Stuart Baird,Jim Thomas|John Thomas,Joel Silver|Jim Thomas|John Thomas,Jerry Goldsmith
58224,Mr. Popper's Penguins,Jim Carrey|Carla Gugino|Madeline Carroll|Angela Lansbury|Ophelia Lovibond,17,Mark Waters,Sean Anders|John Morris,,
1729,The Forbidden Kingdom,Jackie Chan|Jet Li|Michael Angarano|Liu Yifei|Li Bingbing,15,Rob Minkoff,John Fusco,Philip Lee|Casey Silver|Scott Fischer,David Buckley
175574,Free Birds,Owen Wilson|Woody Harrelson|Amy Poehler|George Takei|Colm Meaney,17,Jimmy Hayward,John J. Strauss|Jimmy Hayward|Scott Mosier|David I. Stern,,
8077,Alien³,Sigourney Weaver|Charles S. Dutton|Charles Dance|Pete Postlethwaite|Ralph Brown,25,David Fincher,Larry Ferguson|David Giler|Walter Hill,David Giler|Walter Hill|Sigourney Weaver|Gordon Carroll,Elliot Goldenthal
8818,Evita,Madonna|Antonio Banderas|Jonathan Pryce|Jimmy Nail|Victoria Sus,12,Alan Parker,Alan Parker|Tim Rice,Robert Stigwood|Alan Parker|Andrew G. Vajna,
8195,Ronin,Robert De Niro|Jean Reno|Natascha McElhone|Stellan Skarsgård|Sean Bean,33,John Frankenheimer,David Mamet|J.D. Zeik|J.D. Zeik,Frank Mancuso Jr.,Elia Cmiral
10586,The Ghost and the Darkness,Michael Douglas|Val Kilmer|Tom Wilkinson|John Kani|Emily Mortimer,15,Stephen Hopkins,William Goldman,Gale Anne Hurd|A. Kitman Ho|Paul B. Radin,Jerry Goldsmith
116149,Paddington,Nicole Kidman|Peter Capaldi|Ben Whishaw|Michael Gambon|Imelda Staunton,68,Paul King,Paul King|Michael Bond,David Heyman,
80035,The Watch,Ben Stiller|Vince Vaughn|Jonah Hill|Richard Ayoade|Rosemarie DeWitt,19,Akiva Schaffer,Seth Rogen|Evan Goldberg|Jared Stern,Shawn Levy,Christophe Beck
10632,The Hunted,Tommy Lee Jones|Benicio del Toro|Connie Nielsen|Leslie Stefanson|John Finn,5,William Friedkin,Art Monterastelli|David Griffiths|Peter Griffiths,James Jacks|Ricardo Mestres,Brian Tyler
12117,Instinct,Anthony Hopkins|Cuba Gooding Jr.|Donald Sutherland|Maura Tierney|George Dzundza,27,Jon Turteltaub,Gerald Di Pego,Michael Taylor|Barbara Boyle,
1792,Stuck on You,Matt Damon|Greg Kinnear|Eva Mendes|Wen Yann Shih|Seymour Cassel,40,Bobby Farrelly|Peter Farrelly,Bobby Farrelly|Peter Farrelly,Bobby Farrelly|Peter Farrelly|Bradley Thomas|Charles B. Wessler,Michael Andrews|Charlie Gartner
13260,Semi-Pro,Will Ferrell|Maura Tierney|Woody Harrelson|David Koechner|Will Arnett,16,Kent Alterman,Scot Armstrong,,
72197,The Pirates! In an Adventure with Scientists!,Hugh Grant|Brendan Gleeson|Jeremy Piven|Brian Blessed|Salma Hayek,13,Peter Lord|Jeff Newitt,Gideon Defoe,,
3580,Changeling,Angelina Jolie|Jeffrey Donovan|John Malkovich|Geoff Pierson|Amy Ryan,74,Clint Eastwood,J. Michael Straczynski,Clint Eastwood|Brian Grazer|Robert Lorenz|Ron Howard,
12123,Chain Reaction,Keanu Reeves|Morgan Freeman|Rachel Weisz|Fred Ward|Kevin Dunn,75,Andrew Davis,Josh Friedman|J. F. Lawton|Arne Schmidt|Rick Seaman|Michael Bortman,Arne Schmidt|Andrew Davis,Jerry Goldsmith
9566,The Fan,Robert De Niro|Wesley Snipes|Ellen Barkin|John Leguizamo|Benicio del Toro,10,Tony Scott,Phoef Sutton,Wendy Finerman,Hans Zimmer
9833,The Phantom of the Opera,Gerard Butler|Emmy Rossum|Patrick Wilson|Miranda Richardson|Minnie Driver,9,Joel Schumacher,Joel Schumacher|Andrew Lloyd Webber,Andrew Lloyd Webber,
4517,Elizabeth: The Golden Age,Cate Blanchett|Clive Owen|Geoffrey Rush|Laurence Fox|Tom Hollander,22,Shekhar Kapur,William Nicholson|Michael Hirst,,A. R. Rahman|Craig Armstrong
8202,Æon Flux,Charlize Theron|Marton Csokas|Jonny Lee Miller|Sophie Okonedo|Frances McDormand,52,Karyn Kusama,Phil Hay|Matt Manfredi,Gale Anne Hurd|Gary Lucchesi|Henning Molfenter|Charlie Woebcken|Martha Griffin,Graeme Revell
16072,Gods and Generals,Stephen Lang|Jeff Daniels|Robert Duvall|Kevin Conway|C. Thomas Howell,21,Ronald F. Maxwell,Ronald F. Maxwell,Ronald F. Maxwell,Randy Edelman|John Frizzell
34314,Turbulence,Ray Liotta|Lauren Holly|Brendan Gleeson|Héctor Elizondo|Rachel Ticotin,45,Robert Butler,Jonathan Brett,David Valdes|Martin Ransohoff,Shirley Walker
19724,Imagine That,Eddie Murphy|Thomas Haden Church|Yara Shahidi|Ronny Cox|Stephen Rannazzisi,21,Karey Kirkpatrick,Ed Solomon|Chris Matheson,Lorenzo di Bonaventura|Ed Solomon,Mark Mancina
145220,Muppets Most Wanted,Ricky Gervais|Ty Burrell|Tina Fey|Steve Whitmire|Eric Jacobson,66,James Bobin,Nicholas Stoller|James Bobin,David Hoberman|Todd Lieberman,
14623,Thunderbirds,Brady Corbet|Soren Fulton|Debora Weston|Lou Hirsch|Alex Barringer,28,Jonathan Frakes,Michael McCullers|Peter Hewitt|William Osborne|William Osborne,Tim Bevan|Eric Fellner|Mark Huffam|Jo Burn|Chris Clark,Hans Zimmer|Ramin Djawadi
42297,Burlesque,Cher|Christina Aguilera|Eric Dane|Cam Gigandet|Julianne Hough,33,Steve Antin,Steve Antin,Donald De Line,Christophe Beck
2841,A Very Long Engagement,Audrey Tautou|Gaspard Ulliel|Dominique Pinon|Chantal Neuwirth|André Dussollier,69,Jean-Pierre Jeunet,Jean-Pierre Jeunet|Guillaume Laurant,,Angelo Badalamenti
802,Lolita,James Mason|Sue Lyon|Shelley Winters|Peter Sellers|Lois Maxwell,11,Stanley Kubrick,Stanley Kubrick|James B. Harris,James B. Harris,Nelson Riddle
10375,D-Tox,Sylvester Stallone|Courtney B. Vance|Tom Berenger|Charles S. Dutton|Jeffrey Wright,12,Jim Gillespie,Howard Swindle,Karen Kehela Sherwood|Ric Kidney,John Powell
36586,Blade II,Wesley Snipes|Kris Kristofferson|Ron Perlman|Leonor Varela|Norman Reedus,48,Guillermo del Toro,David S. Goyer,Peter Frankfurt|Patrick J. Palmer|Wesley Snipes,Marco Beltrami
11321,Seven Pounds,Will Smith|Rosario Dawson|Sarah Jane Morris|Woody Harrelson|Michael Ealy,17,Gabriele Muccino,Grant Nieporte,Will Smith|Todd Black|Jason Blumenthal,Angelo Milli
70074,Bullet to the Head,Sylvester Stallone|Sung Kang|Sarah Shahi|Adewale Akinnuoye-Agbaje|Jason Momoa,19,Walter Hill,Alessandro Camon,Joel Silver|Kevin King Templeton|Miles Millar|Alfred Gough|Alexandra Milchan,Steve Mazzaro
242,The Godfather: Part III,Al Pacino|Diane Keaton|Andy García|Talia Shire|Sofia Coppola,38,Francis Ford Coppola,Francis Ford Coppola|Mario Puzo,Francis Ford Coppola|Gray Frederickson|Fred Roos|Fred Fuchs|Nicholas Gage,Carmine Coppola
9621,Elizabethtown,Orlando Bloom|Kirsten Dunst|Susan Sarandon|Alec Baldwin|Bruce McGill,13,Cameron Crowe,Cameron Crowe,,Nancy Wilson
1819,"You, Me and Dupree",Kate Hudson|Owen Wilson|Matt Dillon|Michael Douglas|Seth Rogen,14,Anthony Russo|Joe Russo,Michael LeSieur,Owen Wilson|Scott Stuber,Theodore Shapiro
8536,Superman II,Gene Hackman|Christopher Reeve|Ned Beatty|Jackie Cooper|Sarah Douglas,50,Richard Lester,Mario Puzo|Mario Puzo|David Newman|Leslie Newman,Pierre Spengler,Ken Thorne
8046,Gigli,Ben Affleck|Jennifer Lopez|Justin Bartha|Lainie Kazan|Lenny Venito,18,Martin Brest,Martin Brest,Martin Brest|Casey Silver,John Powell
1717,All the King's Men,Sean Penn|Jude Law|Kate Winslet|James Gandolfini|Patricia Clarkson,12,Steven Zaillian,Steven Zaillian,Steven Zaillian|Mike Medavoy|Ken Lemberger,James Horner
479,Shaft,Samuel L. Jackson|Jeffrey Wright|Christian Bale|Busta Rhymes|Dan Hedaya,12,John Singleton,,Scott Rudin|John Singleton|Mark Roybal,David Arnold|Isaac Hayes
9444,Anastasia,Meg Ryan|John Cusack|Christopher Lloyd|Angela Lansbury|Hank Azaria,12,Gary Goldman|Don Bluth,Susan Gauthier|Bob Tzudiker|Noni White|Bruce Graham,Gary Goldman|Don Bluth|Laura Jo 'L.J.' Wentworth,David Newman
824,Moulin Rouge!,Nicole Kidman|Ewan McGregor|John Leguizamo|Jim Broadbent|Richard Roxburgh,100,Baz Luhrmann,Baz Luhrmann|Craig Pearce,Steve E. Andrews|Baz Luhrmann|Catherine Martin|Martin Brown|Fred Baron,Craig Armstrong
11456,Domestic Disturbance,John Travolta|Vince Vaughn|Teri Polo|Matt O'Leary|Steve Buscemi,9,Harold Becker,Lewis Colick,Harold Becker,Mark Mancina
261023,Black Mass,Johnny Depp|Joel Edgerton|Benedict Cumberbatch|Dakota Johnson|Kevin Bacon,65,Scott Cooper,Jez Butterworth|Mark Mallouk,Brian Oliver|Patrick McCormick|Scott Cooper|Tyler Thompson|John Lesher,Junkie XL
3683,Flags of Our Fathers,Ryan Phillippe|Adam Beach|Jesse Bradford|John Benjamin Hickey|John Slattery,28,Clint Eastwood,William Broyles Jr.|Paul Haggis,Clint Eastwood|Steven Spielberg|Robert Lorenz,Clint Eastwood
22803,Law Abiding Citizen,Jamie Foxx|Gerard Butler|Colm Meaney|Bruce McGill|Leslie Bibb,20,F. Gary Gray,Kurt Wimmer,Lucas Foster|Kurt Wimmer|Gerard Butler|Mark Gill|Alan Siegel,Brian Tyler
285923,Grindhouse,Kurt Russell|Zoë Bell|Rosario Dawson|Vanessa Ferlito|Sydney Tamiia Poitier,32,Robert Rodriguez|Quentin Tarantino|Edgar Wright|Eli Roth|Rob Zombie|Jason Eisener,Robert Rodriguez|Quentin Tarantino|Edgar Wright|Eli Roth|Rob Zombie,Robert Rodriguez|Quentin Tarantino|Elizabeth Avellan|Eli Roth|Andy Gould,
39437,Beloved,Oprah Winfrey|Danny Glover|Thandie Newton|Lisa Gay Hamilton|Albert Hall,9,Jonathan Demme,Richard LaGravenese|Adam Brooks|Akosua Busia|Toni Morrison,,
1950,Lucky You,Eric Bana|Drew Barrymore|Robert Duvall|Debra Messing|Robert Downey Jr.,8,Curtis Hanson,Eric Roth|Eric Roth|Curtis Hanson,Curtis Hanson|Carol Fenelon|Denise Di Novi,Christopher Young
640,Catch Me If You Can,Leonardo DiCaprio|Tom Hanks|Christopher Walken|Martin Sheen|Nathalie Baye,123,Steven Spielberg,Jeff Nathanson,Steven Spielberg|Walter F. Parkes,
97630,Zero Dark Thirty,Jessica Chastain|Jason Clarke|Mark Strong|Joel Edgerton|Chris Pratt,31,Kathryn Bigelow,Mark Boal,Kathryn Bigelow|Mark Boal|Megan Ellison,Alexandre Desplat
9767,The Break-Up,Vince Vaughn|Jennifer Aniston|Joey Lauren Adams|Cole Hauser|Jon Favreau,16,Peyton Reed,Vince Vaughn|Jeremy Garelick|Jeremy Garelick|Jay Lavender|Jay Lavender,Vince Vaughn|Scott Stuber,
11631,Mamma Mia!,Meryl Streep|Pierce Brosnan|Amanda Seyfried|Colin Firth|Stellan Skarsgård,26,Phyllida Lloyd,Catherine Johnson,Gary Goetzman|Judy Craymer,Benny Andersson|Björn Ulvaeus|Stig Anderson
32856,Valentine's Day,Jessica Alba|Jessica Biel|Bradley Cooper|Eric Dane|Patrick Dempsey,23,Garry Marshall,Katherine Fugate|Abby Kohn|Marc Silverstein,Mike Karz|Wayne Allan Rice,
6519,The Dukes of Hazzard,Johnny Knoxville|Seann William Scott|Jessica Simpson|Willie Nelson|Burt Reynolds,22,Jay Chandrasekhar,John O'Brien|John O'Brien|Jonathan L. Davis,Bill Gerber,Nathan Barr
8741,The Thin Red Line,Sean Penn|Adrien Brody|Jim Caviezel|Ben Chaplin|George Clooney,26,Terrence Malick,Terrence Malick,Grant Hill|Robert Michael Geisler|John Roberdeau|Sheila Davis Lawrence,Hans Zimmer
49520,The Change-Up,Olivia Wilde|Ryan Reynolds|Jason Bateman|Leslie Mann|Mircea Monroe,19,David Dobkin,Jon Lucas|Scott Moore,Neal H. Moritz|David Dobkin,
1850,Man on the Moon,Jim Carrey|Courtney Love|Bob Zmuda|Danny DeVito|Gerry Becker,17,Miloš Forman,Scott Alexander|Larry Karaszewski,Danny DeVito|Michael Shamberg|Stacey Sher,Michael Stipe|Mike Mills
524,Casino,Robert De Niro|Sharon Stone|Joe Pesci|James Woods|Don Rickles,45,Martin Scorsese,Martin Scorsese|Nicholas Pileggi,Barbara De Fina|Joseph P. Reidy,
26389,From Paris with Love,John Travolta|Jonathan Rhys Meyers|Kasia Smutniak|Richard Durden|Bing Yin,25,Pierre Morel,Luc Besson|Adi Hasak,India Osborne,David Buckley
11817,Bulletproof Monk,Seann William Scott|Jaime King|Karel Roden|Chow Yun-fat|K. C. Collins,15,Paul Hunter,Ethan Reiff|Cyrus Voris,Charles Roven|John Woo|Terence Chang,
2123,"Me, Myself & Irene",Jim Carrey|Renée Zellweger|Anthony Anderson|Robert Forster|Richard Jenkins,16,Bobby Farrelly|Peter Farrelly,Bobby Farrelly|Peter Farrelly|Mike Cerrone,Bobby Farrelly|Peter Farrelly|Bradley Thomas,Lee Scott|Pete Yorn
9907,Barnyard,Courteney Cox|Kevin James|Sam Elliott|Danny Glover|Wanda Sykes,20,Steve Oedekerk,,Steve Oedekerk|Nicholisa Contis|Paul Marshall|Mark Beam|Andrew Egiziano,John Debney
9969,Deck the Halls,Danny DeVito|Matthew Broderick|Kristin Davis|Kristin Chenoweth|Fred Armisen,21,John Whitesell,,Arnon Milchan|Michael Costigan|John Whitesell,George S. Clinton
18239,The Twilight Saga: New Moon,Kristen Stewart|Robert Pattinson|Taylor Lautner|Billy Burke|Ashley Greene,37,Chris Weitz,Melissa Rosenberg,Karen Rosenfelt|Wyck Godfrey|Kerry Kohansky|Bill Bannerman|David Roker,Alexandre Desplat
808,Shrek,Mike Myers|Eddie Murphy|Cameron Diaz|John Lithgow|Vincent Cassel,29,Andrew Adamson|Vicky Jenson,,Jeffrey Katzenberg|Aron Warner|John H. Williams,Harry Gregson-Williams|John Powell
38050,The Adjustment Bureau,Matt Damon|Emily Blunt|John Slattery|Anthony Mackie|Lauren Hodges,20,George Nolfi,Philip K. Dick|George Nolfi,George Nolfi|Chris Moore|Bill Carraro|Eric Kripke|Michael Hackett,Thomas Newman
8367,Robin Hood: Prince of Thieves,Kevin Costner|Morgan Freeman|Christian Slater|Mary Elizabeth Mastrantonio|Alan Rickman,35,Kevin Reynolds,Pen Densham|John Watson,Pen Densham|Richard Barton Lewis|John Watson,Michael Kamen
9390,Jerry Maguire,Tom Cruise|Cuba Gooding Jr.|Renée Zellweger|Kelly Preston|Alison Armitage,23,Cameron Crowe,Cameron Crowe,James L. Brooks|Laurence Mark|Cameron Crowe|Richard Sakai,
72105,Ted,Mark Wahlberg|Mila Kunis|Seth MacFarlane|Joel McHale|Giovanni Ribisi,50,Seth MacFarlane,Seth MacFarlane|Seth MacFarlane|Alec Sulkin|Wellesley Wild,Seth MacFarlane|John Jacobs|Jason Clark,Walter Murphy
2898,As Good as It Gets,Jack Nicholson|Helen Hunt|Greg Kinnear|Cuba Gooding Jr.|Skeet Ulrich,56,James L. Brooks,James L. Brooks|Mark Andrus|Mark Andrus,James L. Brooks,
10312,Patch Adams,Robin Williams|Philip Seymour Hoffman|Bob Gunton|Peter Coyote|Michael Jeter,28,Tom Shadyac,Steve Oedekerk,Barry Kemp|Charles Newirth|Mike Farrell|Marvin Minoff,Marc Shaiman
109443,Anchorman 2: The Legend Continues,Will Ferrell|Steve Carell|Paul Rudd|Christina Applegate|David Koechner,27,Adam McKay,Will Ferrell|Adam McKay,Judd Apatow,Andrew Feltenstein|John Nau
2022,Mr. Deeds,Adam Sandler|Winona Ryder|John Turturro|Allen Covert|Peter Gallagher,13,Steven Brill,Tim Herlihy,Sid Ganis|Jack Giarraputo,Teddy Castellucci
37686,Super 8,Joel Courtney|Elle Fanning|Riley Griffiths|Kyle Chandler|Ryan Lee,24,J.J. Abrams,J.J. Abrams,Steven Spielberg|J.J. Abrams|Bryan Burk,Michael Giacchino
462,Erin Brockovich,Julia Roberts|Albert Finney|Aaron Eckhart|Marg Helgenberger|Cherry Jones,10,Steven Soderbergh,Susannah Grant,Danny DeVito|Michael Shamberg|Stacey Sher,Thomas Newman
9919,How to Lose a Guy in 10 Days,Kate Hudson|Matthew McConaughey|Kathryn Hahn|Annie Parisse|Adam Goldberg,22,Donald Petrie,Burr Steers|Kristen Buckley|Brian Regan,Lynda Obst|Robert Evans|Richard Vane|Christine Forsyth-Peters,
187017,22 Jump Street,Jonah Hill|Channing Tatum|Dave Franco|Ice Cube|Nick Offerman,25,Phil Lord|Christopher Miller,Jonah Hill|Michael Bacall|Michael Bacall|Rodney Rothman|Oren Uziel,Neal H. Moritz|Jonah Hill|Channing Tatum,Mark Mothersbaugh
628,Interview with the Vampire,Brad Pitt|Tom Cruise|Kirsten Dunst|Antonio Banderas|Christian Slater,15,Neil Jordan,Anne Rice,David Geffen|Stephen Woolley|Redmond Morris,Elliot Goldenthal
10201,Yes Man,Jim Carrey|Zooey Deschanel|Rhys Darby|Sasha Alexander|Fionnula Flanagan,20,Peyton Reed,Nicholas Stoller|Jarrad Paul|Andrew Mogel,Richard D. Zanuck|David Heyman,Lyle Workman|Mark Oliver Everett
302699,Central Intelligence,Dwayne Johnson|Kevin Hart|Amy Ryan|Aaron Paul|Danielle Nicolet,37,Rawson Marshall Thurber,Peter Steinfeld|Rawson Marshall Thurber|Ike Barinholtz|Ike Barinholtz|David Stassen,Michael Fottrell|Scott Stuber|Paul Young|Peter Principato,
9441,Stepmom,Julia Roberts|Susan Sarandon|Ed Harris|Jena Malone|Liam Aiken,10,Chris Columbus,Gigi Levangie Grazer,Wendy Finerman|Chris Columbus|Mark Radcliffe|Michael Barnathan,John Williams
274167,Daddy's Home,Will Ferrell|Mark Wahlberg|Linda Cardellini|Thomas Haden Church|Scarlett Estevez,21,Sean Anders,Adam McKay|Chris Henchy|Brian Burns|Brian Burns,Will Ferrell|Adam McKay|Chris Henchy|John Morris,Michael Andrews
224141,Into the Woods,Meryl Streep|Emily Blunt|James Corden|Anna Kendrick|Chris Pine,19,Rob Marshall,James Lapine,Rob Marshall|Callum McDougall|Marc Platt|John DeLuca,
388,Inside Man,Denzel Washington|Clive Owen|Jodie Foster|Christopher Plummer|Willem Dafoe,64,Spike Lee,Russell Gewirtz,Brian Grazer,Terence Blanchard
2112,Payback,Mel Gibson|Kris Kristofferson|Gregg Henry|Maria Bello|David Paymer,14,Brian Helgeland,Brian Helgeland|Terry Hayes,Bruce Davey,Chris Boardman
10329,Congo,Laura Linney|Dylan Walsh|Ernie Hudson|Tim Curry|Grant Heslov,21,Frank Marshall,John Patrick Shanley,Sam Mercer|Kathleen Kennedy,Jerry Goldsmith
74465,We Bought a Zoo,Matt Damon|Scarlett Johansson|Thomas Haden Church|Colin Ford|Maggie Elizabeth Jones,15,Cameron Crowe,Aline Brosh McKenna|Cameron Crowe,,
13811,Knowing,Nicolas Cage|Rose Byrne|Chandler Canterbury|Ben Mendelsohn|Nadia Townsend,17,Alex Proyas,Ryne Douglas Pearson|Ryne Douglas Pearson|Juliet Snowden|Stiles White,Steve Tisch|Alex Proyas|Todd Black|Jason Blumenthal|Ryne Douglas Pearson,Marco Beltrami
6877,Failure to Launch,Matthew McConaughey|Sarah Jessica Parker|Zooey Deschanel|Justin Bartha|Bradley Cooper,12,Tom Dey,Tom J. Astle|Matt Ember,Scott Rudin|Scott Aversano,Rolfe Kent
10320,The Ring Two,Naomi Watts|Simon Baker|Elizabeth Perkins|David Dorfman|Gary Cole,17,Hideo Nakata,Ehren Kruger,Walter F. Parkes|Laurie MacDonald,Henning Lohner|Martin Tillman
50646,"Crazy, Stupid, Love.",Steve Carell|Julianne Moore|Ryan Gosling|Emma Stone|Marisa Tomei,28,Glenn Ficarra|John Requa,Dan Fogelman,Denise Di Novi|Steve Carell,Christophe Beck|Nick Urata
8920,Garfield,Bill Murray|Breckin Meyer|Jennifer Love Hewitt|Stephen Tobolowsky|Evan Arnold,14,Peter Hewitt,Joel Cohen|Alec Sokolow,John Davis,Tim Boland|Christophe Beck
13673,Christmas with the Kranks,Tim Allen|Jamie Lee Curtis|Dan Aykroyd|M. Emmet Walsh|Elizabeth Franz,17,Joe Roth,Chris Columbus,Chris Columbus|Mark Radcliffe|Michael Barnathan,
60308,Moneyball,Brad Pitt|Jonah Hill|Philip Seymour Hoffman|Robin Wright|Chris Pratt,67,Bennett Miller,Steven Zaillian|Aaron Sorkin|Stan Chervin,Brad Pitt|Michael De Luca|Rachael Horovitz,Mychael Danna
6950,Outbreak,Dustin Hoffman|Rene Russo|Morgan Freeman|Kevin Spacey|Cuba Gooding Jr.,14,Wolfgang Petersen,Robert Roy Pool|Laurence Dworet,Wolfgang Petersen|Arnold Kopelson,James Newton Howard
225574,Non-Stop,Liam Neeson|Julianne Moore|Scoot McNairy|Michelle Dockery|Nate Parker,28,Jaume Collet-Serra,John W. Richardson|John W. Richardson|Christopher Roach|Christopher Roach|Ryan Engle,Joel Silver|Andrew Rona|Alex Heineman,John Ottman
13836,Race to Witch Mountain,Dwayne Johnson|AnnaSophia Robb|Alexander Ludwig|Carla Gugino|Chris Marquette,45,Andy Fickman,Mark Bomback|Matt Lopez,,
752,V for Vendetta,Natalie Portman|Hugo Weaving|Stephen Rea|Stephen Fry|John Hurt,77,James McTeigue,Lilly Wachowski|Lana Wachowski,Joel Silver|Lorne Orleans|Grant Hill|Lilly Wachowski|Lana Wachowski,Dario Marianelli
6038,Shanghai Knights,Jackie Chan|Owen Wilson|Fann Wong|Aaron Taylor-Johnson|Aidan Gillen,47,David Dobkin,Miles Millar|Alfred Gough,Roger Birnbaum|Gary Barber,Randy Edelman
9975,Curious George,Will Ferrell|Drew Barrymore|David Cross|Eugene Levy|Dick Van Dyke,23,Matthew O'Callaghan,Mike Werb|Ken Kaufman|Ken Kaufman,Ron Howard|David Kirschner|Jon Shapiro,Heitor Pereira
11451,Herbie Fully Loaded,Lindsay Lohan|Michael Keaton|Matt Dillon|Breckin Meyer|Justin Long,16,Angela Robinson,Thomas Lennon|Miles Millar|Alfred Gough|Mark Perez|Ben Garant,Robert Simonds,Mark Mothersbaugh|The Blacksmoke Organisation
12103,Don't Say a Word,Michael Douglas|Sean Bean|Brittany Murphy|Skye McCole Bartusiak|Guy Torry,16,Gary Fleder,Patrick Smith Kelly|Anthony Peckham,Arnon Milchan|Arnold Kopelson|Anne Kopelson,Mark Isham
60304,Hansel & Gretel: Witch Hunters,Jeremy Renner|Gemma Arterton|Famke Janssen|Pihla Viitala|Derek Mears,23,Tommy Wirkola,Tommy Wirkola|Dante Harper,Will Ferrell|Adam McKay|Tommy Wirkola|Kevin Messick,Atli Örvarsson
2251,Unfaithful,Richard Gere|Diane Lane|Olivier Martinez|Erik Per Sullivan|Zeljko Ivanek,12,Adrian Lyne,William Broyles Jr.|Alvin Sargent,Adrian Lyne|G. Mac Brown,
46529,I Am Number Four,Alex Pettyfer|Timothy Olyphant|Teresa Palmer|Dianna Agron|Callan McAuliffe,49,D.J. Caruso,Miles Millar|Alfred Gough|Marti Noxon,Michael Bay|James M. Freitag|Emily Berger,Trevor Rabin
231,Syriana,George Clooney|Matt Damon|Jeffrey Wright|Chris Cooper|Amanda Peet,31,Stephen Gaghan,Stephen Gaghan,Jennifer Fox|Georgia Kacandes|Michael Nozik,Alexandre Desplat
300671,13 Hours: The Secret Soldiers of Benghazi,James Badge Dale|John Krasinski|Max Martini|Pablo Schreiber|Toby Stephens,33,Michael Bay,Chuck Hogan,Michael Bay|Erwin Stoff,Lorne Balfe
228326,The Book of Life,Diego Luna|Channing Tatum|Zoe Saldana|Christina Applegate|Eugenio Derbez,28,Jorge R. Gutierrez,Doug Langdale|Jorge R. Gutierrez,Guillermo del Toro|Brad Booker,Gustavo Santaolalla
9754,Firewall,Harrison Ford|Paul Bettany|Virginia Madsen|Carly Schroeder|Jimmy Bennett,19,Richard Loncraine,,Armyan Bernstein|Jonathan Shestack|Basil Iwanyk,Alexandre Desplat
66,Absolute Power,Clint Eastwood|Gene Hackman|Ed Harris|Scott Glenn|Laura Linney,11,Clint Eastwood,William Goldman,Clint Eastwood|Michael Maurer|Karen S. Spiegel,Clint Eastwood|Lennie Niehaus
4421,G.I. Jane,Demi Moore|Viggo Mortensen|Anne Bancroft|Jason Beghe|Daniel von Bargen,14,Ridley Scott,David Twohy|Danielle Alexandra,Suzanne Todd|Ridley Scott|Demi Moore|Roger Birnbaum,Trevor Jones
2649,The Game,Michael Douglas|Sean Penn|Deborah Kara Unger|James Rebhorn|Spike Jonze,46,David Fincher,John D. Brancato|Michael Ferris,Steve Golin|Ceán Chaffin,Howard Shore
588,Silent Hill,Radha Mitchell|Sean Bean|Laurie Holden|Deborah Kara Unger|Kim Coates,16,Christophe Gans,Roger Avary,Samuel Hadida|Don Carmody,
10393,The Replacements,Keanu Reeves|Gene Hackman|Brooke Langton|Orlando Jones|Faizon Love,15,Howard Deutch,Vince McKewin,Dylan Sellers,John Debney
71552,American Reunion,Jason Biggs|Alyson Hannigan|Seann William Scott|Chris Klein|Thomas Ian Nicholas,22,Jon Hurwitz|Hayden Schlossberg,Adam Herz,,Lyle Workman
9631,The Negotiator,Samuel L. Jackson|Kevin Spacey|David Morse|Ron Rifkin|John Spencer,47,F. Gary Gray,James DeMonaco|Kevin Fox,Arnon Milchan|David Hoberman,
216282,Into the Storm,Richard Armitage|Sarah Wayne Callies|Matt Walsh|Nathan Kress|Alycia Debnam-Carey,98,Steven Quale,John Swetnam,Todd Garner,Brian Tyler
306,Beverly Hills Cop III,Eddie Murphy|Judge Reinhold|Héctor Elizondo|Gilbert R. Hill|Timothy Carhart,23,John Landis,"Danilo Bach|Daniel Petrie, Jr.",Mace Neufeld|Robert Rehme,Nile Rodgers
928,Gremlins 2: The New Batch,Zach Galligan|Phoebe Cates|John Glover|Robert Prosky|Robert Picardo,27,Joe Dante,Chris Columbus,Michael Finnell,Jerry Goldsmith
205587,The Judge,Robert Duvall|Robert Downey Jr.|Vera Farmiga|Vincent D'Onofrio|Jeremy Strong,16,David Dobkin,David Dobkin|Nick Schenk|Nick Schenk|Bill Dubuque,Susan Downey|David Dobkin|David Gambino,Thomas Newman
6623,The Peacemaker,George Clooney|Nicole Kidman|Marcel Iureș|Goran Visnjic|Armin Mueller-Stahl,23,Mimi Leder,Michael Schiffer,Branko Lustig|Walter F. Parkes,Hans Zimmer
1577,Resident Evil: Apocalypse,Milla Jovovich|Sienna Guillory|Oded Fehr|Thomas Kretschmann|Sophie Vavasseur,87,Alexander Witt,Paul W.S. Anderson,Paul W.S. Anderson|Jeremy Bolt|Don Carmody,Jeff Danna
9801,Bridget Jones: The Edge of Reason,Renée Zellweger|Hugh Grant|Colin Firth|Jim Broadbent|Gemma Jones,43,Beeban Kidron,Adam Brooks|Richard Curtis|Helen Fielding|Andrew Davies,Tim Bevan|Eric Fellner|Jonathan Cavendish|Oswald Wolkenstein,Harry Gregson-Williams|Stuart Roslyn
2116,Out of Time,Denzel Washington|Eva Mendes|Sanaa Lathan|John Billingsley|Dean Cain,12,Carl Franklin,David Collard,Neal H. Moritz|Jesse Beaton|Stokely Chaffin,Graeme Revell
9624,On Deadly Ground,Steven Seagal|Michael Caine|Joan Chen|John C. McGinley|R. Lee Ermey,10,Steven Seagal,Ed Horowitz|Robin U. Russin,A. Kitman Ho|Steven Seagal|Julius R. Nasso,Basil Poledouris
14199,The Adventures of Sharkboy and Lavagirl,Taylor Lautner|Taylor Dooley|Cayden Boyd|David Arquette|Kristin Davis,8,Robert Rodriguez,Robert Rodriguez|Marcel Rodriguez,Elizabeth Avellan,
1907,The Beach,Leonardo DiCaprio|Guillaume Canet|Tilda Swinton|Virginie Ledoyen|Staffan Kihlbom,16,Danny Boyle,John Hodge,Andrew Macdonald|Callum McDougall,Angelo Badalamenti
4599,Raising Helen,Kate Hudson|John Corbett|Joan Cusack|Hayden Panettiere|Spencer Breslin,28,Garry Marshall,Jack Amiel|Michael Begler|Patrick J. Clifton|Beth Rigazio,Ashok Amritraj|David Hoberman,
22832,Ninja Assassin,Rain|Naomie Harris|Sung Kang|Randall Duk Kim|Rick Yune,38,James McTeigue,J. Michael Straczynski|Matthew Sand,Joel Silver|Grant Hill|Lilly Wachowski|Lana Wachowski,
10390,For Love of the Game,Kevin Costner|Kelly Preston|John C. Reilly|Jena Malone|J.K. Simmons,7,Sam Raimi,Dana Stevens,,Basil Poledouris
9879,Striptease,Demi Moore|Burt Reynolds|Armand Assante|Ving Rhames|Robert Patrick,18,Andrew Bergman,Andrew Bergman,Mike Lobell|Andrew Bergman,Howard Shore
38579,Marmaduke,Owen Wilson|Emma Stone|George Lopez|Christopher Mintz-Plasse|Steve Coogan,18,Tom Dey,Tim Rasmussen|Vince Di Meglio,John Davis,Christopher Lennertz
44603,Hereafter,Matt Damon|Bryce Dallas Howard|George McLaren|Thierry Neuvic|Cyndi Mayo Davis,26,Clint Eastwood,Peter Morgan,,
11892,Murder by Numbers,Sandra Bullock|Ben Chaplin|Ryan Gosling|Michael Pitt|Agnes Bruckner,26,Barbet Schroeder,Tony Gayton,Barbet Schroeder,Clint Mansell
9691,Assassins,Sylvester Stallone|Antonio Banderas|Julianne Moore|Anatoli Davydov|Muse Watson,17,Richard Donner,Brian Helgeland|Lilly Wachowski|Lana Wachowski,Joel Silver|Bruce A. Evans|Raynold Gideon|Richard Donner|Jim Van Wyck,
1248,Hannibal Rising,Gaspard Ulliel|Aaran Thomas|Gong Li|Dominic West|Rhys Ifans,17,Peter Webber,Thomas Harris,Dino De Laurentiis|Tarak Ben Ammar|Martha De Laurentiis,Shigeru Umebayashi|Ilan Eshkeri
12220,The Story of Us,Bruce Willis|Michelle Pfeiffer|Rob Reiner|Colleen Rennison|Jake Sandvig,17,Rob Reiner,Jessie Nelson|Alan Zweibel,Rob Reiner|Jessie Nelson|Alan Zweibel,Eric Clapton|Marc Shaiman
72710,The Host,Saoirse Ronan|Diane Kruger|Jake Abel|William Hurt|Frances Fisher,36,Andrew Niccol,Andrew Niccol,Nick Wechsler|Stephenie Meyer|Paula Mae Schwartz|Steve Schwartz,
10782,Basic,John Travolta|Connie Nielsen|Samuel L. Jackson|Giovanni Ribisi|Tim Daly,17,John McTiernan,James Vanderbilt,Michael Tadross|James Vanderbilt|Mike Medavoy|Arnold Messer,Klaus Badelt
9573,Blood Work,Clint Eastwood|Jeff Daniels|Anjelica Huston|Wanda De Jesus|Tina Lifford,18,Clint Eastwood,Brian Helgeland,Clint Eastwood|Judie Hoyt,Lennie Niehaus
4959,The International,Clive Owen|Naomi Watts|Armin Mueller-Stahl|Ulrich Thomsen|Brían F. O'Byrne,36,Tom Tykwer,Eric Singer,,
10061,Escape from L.A.,Kurt Russell|Stacy Keach|Steve Buscemi|Pam Grier|Cliff Robertson,17,John Carpenter,Debra Hill|Kurt Russell|John Carpenter,Debra Hill|Kurt Russell,John Carpenter|Shirley Walker
10386,The Iron Giant,Eli Marienthal|Jennifer Aniston|Vin Diesel|Christopher McDonald|Harry Connick Jr.,29,Brad Bird,Brad Bird|Tim McCanlies,Allison Abbate|Pete Townshend|Des McAnuff,Michael Kamen
421,The Life Aquatic with Steve Zissou,Bill Murray|Anjelica Huston|Cate Blanchett|Willem Dafoe|Owen Wilson,16,Wes Anderson,Wes Anderson|Noah Baumbach,Scott Rudin|Wes Anderson|Barry Mendel|Dan Beers,Mark Mothersbaugh
316152,Free State of Jones,Matthew McConaughey|Gugu Mbatha-Raw|Mahershala Ali|Keri Russell|Jacob Lofland,38,Gary Ross,Gary Ross|Leonard Hartman,Jon Kilik|Scott Stuber|Gary Ross,
11615,The Life of David Gale,Kevin Spacey|Kate Winslet|Laura Linney|Gabriel Mann|Rhona Mitra,125,Alan Parker,Charles Randolph,Nicolas Cage|Alan Parker,Alex Parker|Jake Parker
13498,Man of the House,Tommy Lee Jones|Cedric the Entertainer|Christina Milian|Paula Garcés|Monica Keena,21,Stephen Herek,Scott Lobdell|John J. McLaughlin,,
241554,Run All Night,Liam Neeson|Ed Harris|Joel Kinnaman|Boyd Holbrook|Bruce McGill,18,Jaume Collet-Serra,Brad Ingelsby,Michael Tadross|Roy Lee|Brooklyn Weaver,Alan Silvestri
2252,Eastern Promises,Naomi Watts|Viggo Mortensen|Vincent Cassel|Armin Mueller-Stahl|Sinéad Cusack,19,David Cronenberg,Steven Knight,Robert Lantos|Paul Webster,Howard Shore
11968,Into the Blue,Paul Walker|Jessica Alba|Scott Caan|Ashley Scott|Josh Brolin,9,John Stockwell,Matt Johnson,David Zelon,
10047,The Messenger: The Story of Joan of Arc,Milla Jovovich|Dustin Hoffman|Faye Dunaway|John Malkovich|Vincent Cassel,32,Luc Besson,Luc Besson|Andrew Birkin,Luc Besson|Patrice Ledoux,
38319,Your Highness,Danny McBride|James Franco|Natalie Portman|Zooey Deschanel|Justin Theroux,27,David Gordon Green,Ben Best|Ben Best|Danny McBride|Danny McBride,Scott Stuber,
69668,Dream House,Daniel Craig|Naomi Watts|Rachel Weisz|Marton Csokas|Elias Koteas,20,Jim Sheridan,David Loucka,James G. Robinson|Ehren Kruger|Daniel Bobker|David C. Robinson,John Debney
9770,Mad City,John Travolta|Dustin Hoffman|Mia Kirshner|Alan Alda|Robert Prosky,15,Costa-Gavras,Tom Matthews|Eric Williams,Arnold Kopelson|Anne Kopelson,
11212,Baby's Day Out,Joe Mantegna|Lara Flynn Boyle|Joe Pantoliano|Brian Haley|Cynthia Nixon,8,Patrick Read Johnson,John Hughes,John Hughes|Richard Vane,Bruce Broughton
10533,The Scarlet Letter,Demi Moore|Gary Oldman|Robert Duvall|Robert Prosky|Edward Hardwicke,11,Roland Joffé,Douglas Day Stewart,Roland Joffé|Andrew G. Vajna,John Barry
38363,Fair Game,Naomi Watts|Sean Penn|Ty Burrell|Brooke Smith|Bruce McGill,18,Doug Liman,Jez Butterworth|John-Henry Butterworth,,
9923,Domino,Keira Knightley|Mickey Rourke|Edgar Ramírez|Delroy Lindo|Mo'Nique,26,Tony Scott,,Tony Scott|Samuel Hadida|David Hadida|Peter Toumasis,Harry Gregson-Williams
11863,Jade,David Caruso|Linda Fiorentino|Chazz Palminteri|Michael Biehn|Richard Crenna,21,William Friedkin,Joe Eszterhas,Robert Evans,James Horner
18501,Gamer,Gerard Butler|Michael C. Hall|Logan Lerman|Amber Valletta|Terry Crews,29,Brian Taylor|Mark Neveldine,Brian Taylor|Mark Neveldine,Tom Rosenberg|Gary Lucchesi|Richard S. Wright|Skip Williamson,
109491,Beautiful Creatures,Alden Ehrenreich|Alice Englert|Jeremy Irons|Viola Davis|Emmy Rossum,47,Richard LaGravenese,Richard LaGravenese,David Valdes|Erwin Stoff|Broderick Johnson|Andrew A. Kosove|Molly Smith,
9275,Death to Smoochy,Robin Williams|Catherine Keener|Edward Norton|Danny DeVito|Jon Stewart,10,Danny DeVito,Adam Resnick,Peter Macgregor-Scott|Andrew Lazar,David Newman
329833,Zoolander 2,Ben Stiller|Owen Wilson|Will Ferrell|Penélope Cruz|Kristen Wiig,124,Ben Stiller,Justin Theroux|Ben Stiller|John Hamburg|Nicholas Stoller,Scott Rudin|Clayton Townsend|Jeff Mann|Ben Stiller|Stuart Cornfeld,
12634,The Big Bounce,Owen Wilson|Morgan Freeman|Gary Sinise|Sara Foster|Willie Nelson,15,George Armitage,Sebastian Gutierrez,Jorge Saralegui|Steve Bing|George Armitage,George S. Clinton
10416,What Planet Are You From?,Garry Shandling|Annette Bening|John Goodman|Greg Kinnear|Linda Fiorentino,12,Mike Nichols,Ed Solomon|Peter Tolan|Garry Shandling,Mike Nichols|Garry Shandling,Carter Burwell
47327,Drive Angry,Nicolas Cage|Amber Heard|William Fichtner|Billy Burke|David Morse,51,Patrick Lussier,Patrick Lussier|Todd Farmer,Michael De Luca|Ed Cathell III|René Besson,
15268,Street Fighter: The Legend of Chun-Li,Kristin Kreuk|Chris Klein|Neal McDonough|Michael Clarke Duncan|Moon Bloodgood,7,Andrzej Bartkowiak,Justin Marks,,Stephen Endelman
10796,The One,Jet Li|Jason Statham|Carla Gugino|Delroy Lindo|James Morrison,19,James Wong,Glenn Morgan|James Wong,Charles Newirth|Steve Chasman|Glenn Morgan|James Wong,Trevor Rabin
9548,The Adventures of Ford Fairlane,Andrew Dice Clay|Wayne Newton|Priscilla Presley|Morris Day|Lauren Holly,55,Renny Harlin,Daniel Waters|James Cappe|David Arnott,Joel Silver|Steve Perry,Boris Blank
18947,The Boat That Rocked,Tom Sturridge|Philip Seymour Hoffman|Rhys Ifans|Bill Nighy|Emma Thompson,30,Richard Curtis,Richard Curtis,Tim Bevan|Eric Fellner|Ronaldo Vasconcellos|Hilary Bevan Jones|Emma Freud,
1900,Traffic,Michael Douglas|Benicio del Toro|Jacob Vargas|Tomás Milián|Russell G. Jones,29,Steven Soderbergh,Stephen Gaghan|Simon Moore,Edward Zwick|Marshall Herskovitz|Laura Bickford,Cliff Martinez
89,Indiana Jones and the Last Crusade,Harrison Ford|Sean Connery|Denholm Elliott|Alison Doody|John Rhys-Davies,51,Steven Spielberg,Menno Meyjes|Jeffrey Boam,Robert Watts|Arthur F. Repola,John Williams
96724,Anna Karenina,Keira Knightley|Jude Law|Aaron Taylor-Johnson|Kelly Macdonald|Matthew Macfadyen,54,Joe Wright,Tom Stoppard,Tim Bevan|Eric Fellner|Paul Webster,
198184,Chappie,Sharlto Copley|Dev Patel|Ninja|Yolandi Visser|Jose Pablo Cantillo,45,Neill Blomkamp,Neill Blomkamp|Terri Tatchell,Simon Kinberg|Neill Blomkamp,Hans Zimmer
9481,The Bone Collector,Denzel Washington|Angelina Jolie|Queen Latifah|Michael Rooker|Michael McGlone,21,Phillip Noyce,Jeremy Iacone,Martin Bregman|Michael Bregman|Louis A. Stroller,Craig Armstrong
4547,Panic Room,Jodie Foster|Kristen Stewart|Forest Whitaker|Dwight Yoakam|Jared Leto,16,David Fincher,David Koepp,David Koepp|Ceán Chaffin|Gavin Polone|Judy Hofflund,
53953,The Tooth Fairy,Lochlyn Munro|Chandra West|Steve Bacic|Jianna Ballard|Carrie Fleming,15,Chuck Bowman,,,
6415,Three Kings,George Clooney|Mark Wahlberg|Ice Cube|Spike Jonze|Cliff Curtis,17,David O. Russell,David O. Russell,Charles Roven|Paul Junger Witt|Edward McDonnell,Carter Burwell
181283,Child 44,Tom Hardy|Gary Oldman|Noomi Rapace|Joel Kinnaman|Paddy Considine,24,Daniel Espinosa,Richard Price,Ridley Scott|Greg Shapiro|Michael Schaefer,
9896,Rat Race,Cuba Gooding Jr.|Seth Green|Whoopi Goldberg|Breckin Meyer|Amy Smart,20,Jerry Zucker,Andy Breckman,Jerry Zucker|Sean Daniel|Janet Zucker,John Powell
167,K-PAX,Jeff Bridges|Kevin Spacey|Mary McCormack|Alfre Woodard|Ajay Naidu,30,Iain Softley,Charles Leavitt,Lawrence Gordon|Lloyd Levin|Robert F. Colesberry,Ed Shearmur
11232,Kate & Leopold,Meg Ryan|Hugh Jackman|Liev Schreiber|Breckin Meyer|Natasha Lyonne,16,James Mangold,James Mangold|Steven Rogers|Steven Rogers,Cathy Konrad,Rolfe Kent
1636,Bedazzled,Elizabeth Hurley|Brendan Fraser|Frances O'Connor|Orlando Jones|Paul Adelstein,11,Harold Ramis,Harold Ramis|Larry Gelbart|Peter Tolan,Harold Ramis|Trevor Albert|Michael Haley|Suzanne Herrington,David Newman
2148,The Cotton Club,Richard Gere|Gregory Hines|Diane Lane|Lonette McKee|Bob Hoskins,32,Francis Ford Coppola,Francis Ford Coppola|William Kennedy,Robert Evans,John Barry
5176,3:10 to Yuma,Russell Crowe|Christian Bale|Logan Lerman|Dallas Roberts|Peter Fonda,44,James Mangold,Elmore Leonard|Michael Brandt|Derek Haas|Halsted Welles,Cathy Konrad,
260346,Taken 3,Liam Neeson|Forest Whitaker|Maggie Grace|Famke Janssen|Dougray Scott,56,Olivier Megaton,Luc Besson|Robert Mark Kamen,Luc Besson,Nathaniel Méchaly
1389,Out of Sight,George Clooney|Jennifer Lopez|Ving Rhames|Don Cheadle|Albert Brooks,16,Steven Soderbergh,Scott Frank,Danny DeVito|Michael Shamberg|Stacey Sher,David Holmes
9894,The Cable Guy,Jim Carrey|Matthew Broderick|Leslie Mann|Jack Black|George Segal,17,Ben Stiller,Lou Holtz Jr.,Judd Apatow|Andrew Licht|Jeffrey A. Mueller,
7504,Earth,Aamir Khan|Nandita Das|Maia Sethna|Kitu Gidwani|Arif Zakaria,10,Deepa Mehta,Deepa Mehta,Deepa Mehta|Anne Masson,A. R. Rahman
8592,Dick Tracy,Warren Beatty|Al Pacino|Madonna|Charlie Korsmo|Glenne Headly,25,Warren Beatty,Jim Cash|Jack Epps Jr.,Warren Beatty,Alan Silvestri
913,The Thomas Crown Affair,Pierce Brosnan|Rene Russo|Denis Leary|Ben Gazzara|Frankie Faison,13,John McTiernan,Leslie Dixon|Kurt Wimmer,Pierce Brosnan|Beau St. Clair|Roger Paradiso|Bruce Moriarty,Bill Conti
11091,Riding in Cars with Boys,Drew Barrymore|Steve Zahn|Adam Garcia|Brittany Murphy|Logan Lerman,17,Penny Marshall,Morgan Ward,Julie Ansell,Hans Zimmer
1368,First Blood,Sylvester Stallone|Richard Crenna|Brian Dennehy|Bill McKinney|Jack Starrett,23,Ted Kotcheff,Sylvester Stallone|Michael Kozoll|William Sackheim,Buzz Feitshans,Jerry Goldsmith
593,Solaris,Donatas Banionis|Natalya Bondarchuk|Jüri Järvet|Anatoliy Solonitsyn|Nikolay Grinko,10,Andrei Tarkovsky,Andrei Tarkovsky|Fridrikh Gorenshteyn,Viacheslav Tarasov,Vyacheslav Ovchinnikov|Eduard Artemev
5393,Happily N'Ever After,George Carlin|Andy Dick|Sarah Michelle Gellar|Lisa Kaplan|Michael McShane,17,Yvette Kaplan|Paul Bolger|Greg Tiernan,Robert Moreland,Charlie Woebcken|John H. Williams|Chad Hammes|Dr. Volker Baas|Silke Zakarneh,
9095,Mary Reilly,Julia Roberts|John Malkovich|George Cole|Michael Gambon|Glenn Close,11,Stephen Frears,Christopher Hampton,Norma Heyman|Ned Tanen|Nancy Graham Tanen,George Fenton
8874,My Best Friend's Wedding,Julia Roberts|Dermot Mulroney|Cameron Diaz|Rupert Everett|Philip Bosco,23,P.J. Hogan,Ronald Bass,Jerry Zucker|Ronald Bass,James Newton Howard
11467,America's Sweethearts,Julia Roberts|Billy Crystal|Catherine Zeta-Jones|John Cusack|Hank Azaria,38,Joe Roth,Billy Crystal|Peter Tolan,Billy Crystal|Susan Arnold|Donna Roth,James Newton Howard
320,Insomnia,Al Pacino|Robin Williams|Hilary Swank|Maura Tierney|Martin Donovan,25,Christopher Nolan,Hillary Seitz,Paul Junger Witt|Edward McDonnell|Broderick Johnson|Andrew A. Kosove,David Julyan
199,Star Trek: First Contact,Patrick Stewart|Jonathan Frakes|Brent Spiner|LeVar Burton|Michael Dorn,14,Jonathan Frakes,Ronald D. Moore|Brannon Braga,Rick Berman|Peter Lauritson,Jerry Goldsmith
20533,Jonah Hex,Josh Brolin|John Malkovich|Megan Fox|Michael Fassbender|Will Arnett,26,Jimmy Hayward,Brian Taylor|Brian Taylor|Mark Neveldine|Mark Neveldine|William Farmer,Akiva Goldsman|Andrew Lazar|Richard Middleton|Joshua Levinson|Margot Lulick,Marco Beltrami|Mastodon
10684,Courage Under Fire,Denzel Washington|Meg Ryan|Lou Diamond Phillips|Matt Damon|Michael Moriarty,20,Edward Zwick,Patrick Sheane Duncan,John Davis|Debra Martin Chase,James Horner
1624,Liar Liar,Jim Carrey|Maura Tierney|Cary Elwes|Jennifer Tilly|Swoosie Kurtz,13,Tom Shadyac,Paul Guay|Stephen Mazur,Brian Grazer,John Debney
325789,The Infiltrator,Bryan Cranston|Diane Kruger|John Leguizamo|Daniel Mays|Benjamin Bratt,21,Brad Furman,Ellen Brown Furman,Brad Furman|Don Sikorski|Paul M. Brennan|Miriam Segal,Chris Hajian
113464,Inchon,Laurence Olivier|Jacqueline Bisset|Ben Gazzara|Toshirō Mifune|Richard Roundtree,14,Terence Young,Robin Moore|Robin Moore|Laird Koenig|Paul Savage,Sidney Beckerman|Mitsuharu Ishii,Jerry Goldsmith
888,The Flintstones,John Goodman|Elizabeth Perkins|Rick Moranis|Rosie O'Donnell|Kyle MacLachlan,15,Brian Levant,Steven E. de Souza|Tom S. Parker|Jim Jennewein|Joseph Barbera|William Hanna,Bruce Cohen|Colin Wilson,Ted Nichols|Marty Paich
82675,Taken 2,Liam Neeson|Maggie Grace|Famke Janssen|Rade Serbedzija|Luke Grimes,31,Olivier Megaton,Luc Besson|Robert Mark Kamen,Luc Besson,Nathaniel Méchaly
4256,Scary Movie 3,Pamela Anderson|Jenny McCarthy|Marny Eng|Charlie Sheen|Simon Rex,17,David Zucker,Craig Mazin|Pat Proft,Robert K. Weiss,James L. Venable
1493,Miss Congeniality,Sandra Bullock|Benjamin Bratt|Michael Caine|Candice Bergen|William Shatner,17,Donald Petrie,Marc Lawrence|Katie Ford|Caryn Lucas,Sandra Bullock,Ed Shearmur
88751,Journey to the Center of the Earth,Brendan Fraser|Josh Hutcherson|Anita Briem|Seth Meyers|Jean Michel Paré,10,Eric Brevig,Michael D. Weiss|Jennifer Flackett|Mark Levin,Beau Flynn,Andrew Lockington
11130,The Princess Diaries 2: Royal Engagement,Anne Hathaway|Julie Andrews|Héctor Elizondo|John Rhys-Davies|Heather Matarazzo,20,Garry Marshall,Shonda Rhimes,Whitney Houston|Mario Iscovich|Debra Martin Chase,John Debney
9944,The Pelican Brief,Julia Roberts|Denzel Washington|Sam Shepard|William Atherton|John Lithgow,12,Alan J. Pakula,Alan J. Pakula,Pieter Jan Brugge|Alan J. Pakula,James Horner
10731,The Client,Susan Sarandon|Tommy Lee Jones|Mary-Louise Parker|Anthony LaPaglia|Bradley Whitford,15,Joel Schumacher,Akiva Goldsman|Robert Getchell,Arnon Milchan|Steven Reuther,Howard Shore
7350,The Bucket List,Jack Nicholson|Morgan Freeman|Sean Hayes|Beverly Todd|Alfonso Freeman,22,Rob Reiner,Justin Zackham,Rob Reiner|Craig Zadan|Alan Greisman|Neil Meron,
9869,Patriot Games,Harrison Ford|Anne Archer|Patrick Bergin|Thora Birch|James Fox,26,Phillip Noyce,W. Peter Iliff|Donald Stewart,Mace Neufeld|Robert Rehme,James Horner
4379,Monster-in-Law,Jennifer Lopez|Jane Fonda|Michael Vartan|Wanda Sykes|Adam Scott,18,Robert Luketic,Anya Kochoff,Chris Bender|Paula Weinstein|J.C. Spink,David Newman|Rosey
146233,Prisoners,Hugh Jackman|Jake Gyllenhaal|Paul Dano|Maria Bello|Melissa Leo,34,Denis Villeneuve,Aaron Guzikowski,Broderick Johnson|Andrew A. Kosove|Kira Davis|Adam Kolbrenner,Jóhann Jóhannsson
2034,Training Day,Denzel Washington|Ethan Hawke|Scott Glenn|Tom Berenger|Harris Yulin,14,Antoine Fuqua,David Ayer,Jeffrey Silver|Robert F. Newmyer,Mark Mancina
926,Galaxy Quest,Tim Allen|Sigourney Weaver|Alan Rickman|Tony Shalhoub|Sam Rockwell,21,Dean Parisot,David Howard|Robert Gordon,Mark Johnson|Charles Newirth,David Newman
4248,Scary Movie 2,Anna Faris|Marlon Wayans|James DeBello|Shawn Wayans|David Cross,15,Keenen Ivory Wayans,Marlon Wayans|Shawn Wayans|Alyson Fouse|Greg Grabianski|Dave Polsky,Eric L. Gold,Mark McGrath
64328,The Muppets,Amy Adams|Jason Segel|Emily Blunt|John Krasinski|Zach Galifianakis,47,James Bobin,Jason Segel|Nicholas Stoller,,
36647,Blade,Wesley Snipes|Stephen Dorff|Kris Kristofferson|N'Bushe Wright|Donal Logue,48,Stephen Norrington,David S. Goyer,Peter Frankfurt|Wesley Snipes|Robert Engelman,Mark Isham
7214,Coach Carter,Samuel L. Jackson|Rob Brown|Robert Ri'chard|Rick Gonzalez|Channing Tatum,10,Thomas Carter,Mark Schwahn|John Gatins,Brian Robbins|Mike Tollin|David Gale,Trevor Rabin
1537,Changing Lanes,Ben Affleck|Samuel L. Jackson|Kim Staunton|Toni Collette|Sydney Pollack,11,Roger Michell,Michael Tolkin|Chap Taylor,Scott Rudin,David Arnold
9360,Anaconda,Jennifer Lopez|Ice Cube|Jon Voight|Eric Stoltz|Owen Wilson,10,Luis Llosa,,Jack Epps Jr.|Verna Harrah|Carole Little|Leonard Rabinowitz,Randy Edelman
6282,Coyote Ugly,Piper Perabo|Adam Garcia|John Goodman|Izabella Miko|Tyra Banks,20,David McNally,Gina Wendkos,Jerry Bruckheimer|Chad Oman,Trevor Horn
508,Love Actually,Keira Knightley|Heike Makatsch|Emma Thompson|Laura Linney|Hugh Grant,39,Richard Curtis,Richard Curtis,Tim Bevan|Eric Fellner|Duncan Kenworthy,Craig Armstrong
9487,A Bug's Life,Kevin Spacey|Julia Louis-Dreyfus|Hayden Panettiere|Phyllis Diller|Bonnie Hunt,16,Andrew Stanton|John Lasseter,Andrew Stanton|Andrew Stanton|John Lasseter|Joe Ranft|Don McEnery,Darla K. Anderson|Kevin Reher,Randy Newman
768,From Hell,Johnny Depp|Heather Graham|Ian Holm|Robbie Coltrane|Ian Richardson,26,Albert Hughes|Allen Hughes,Terry Hayes|Rafael Yglesias,Jane Hamsher|Don Murphy,Trevor Jones
2636,The Specialist,Sylvester Stallone|Sharon Stone|James Woods|Rod Steiger|Eric Roberts,12,Luis Llosa,Alexandra Seros,Jerry Weintraub,John Barry
10478,Tin Cup,Kevin Costner|Don Johnson|Cheech Marin|George Perez|Rene Russo,12,Ron Shelton,Ron Shelton|John Norville,David V. Lester|Gary Foster,William Ross
27983,"Yours, Mine and Ours",Lucille Ball|Henry Fonda|Van Johnson|Tom Bosley|Louise Troy,9,Melville Shavelson,Bob Carroll Jr.|Madelyn Davis,Robert F. Blumofe,
9981,Kicking & Screaming,Will Ferrell|Robert Duvall|Kate Walsh|Musetta Vander|Josh Hutcherson,20,Jesse Dylan,Steve Rudnick|Leo Benvenuti,Jimmy Miller|Mia Apatow,Mark Isham
7453,The Hitchhiker's Guide to the Galaxy,Martin Freeman|Zooey Deschanel|Sam Rockwell|Yasiin Bey|John Malkovich,20,Garth Jennings,Douglas Adams|Karey Kirkpatrick,Roger Birnbaum|Gary Barber|Jay Roach|Jonathan Glickman|Nick Goldsmith,Joby Talbot
15045,Fat Albert,Kenan Thompson|Shedrack Anderson III|Jermaine Williams|Keith Robinson|Alphonso McAuley,13,Joel Zwick,Bill Cosby|Charles Kipps,John Davis,Richard Gibbs|Jared Lee Gosselin
7737,Resident Evil: Extinction,Milla Jovovich|Oded Fehr|Ali Larter|Iain Glen|Mike Epps,14,Russell Mulcahy,Paul W.S. Anderson,Paul W.S. Anderson|Jeremy Bolt|Robert Kulzer|Bernd Eichinger|Samuel Hadida,Charlie Clouser
232672,Blended,Drew Barrymore|Adam Sandler|Wendi McLendon-Covey|Bella Thorne|Terry Crews,31,Frank Coraci,Ivan Menchell|Clare Sera,Adam Sandler|Jack Giarraputo|Mike Karz,
17379,Last Holiday,Queen Latifah|LL Cool J|Timothy Hutton|Giancarlo Esposito|Alicia Witt,7,Wayne Wang,Jeffrey Price|Peter S. Seaman,,
8987,The River Wild,Meryl Streep|David Strathairn|Kevin Bacon|Benjamin Bratt|John C. Reilly,10,Curtis Hanson,Denis O'Neill,David Foster|Lawrence Turman,Jerry Goldsmith
11359,The Indian in the Cupboard,Hal Scardino|Litefoot|Lindsay Crouse|Richard Jenkins|Rishi Bhat,10,Frank Oz,Melissa Mathison,Kathleen Kennedy|Frank Marshall|Jane Startz,Randy Edelman
82525,Savages,Blake Lively|Taylor Kitsch|Aaron Taylor-Johnson|Benicio del Toro|Salma Hayek,15,Oliver Stone,Oliver Stone|Shane Salerno|Don Winslow,Moritz Borman|Eric Kopeloff|Evan Bates,Adam Peters
9759,Cellular,Chris Evans|Kim Basinger|Jason Statham|Jessica Biel|William H. Macy,19,David R. Ellis,Larry Cohen|Chris Morgan,Dean Devlin|Lauren Lloyd,John Ottman
9486,Johnny English,Rowan Atkinson|John Malkovich|Natalie Imbruglia|Tasha de Vasconcelos|Ben Miller,17,Peter Howitt,,Tim Bevan|Eric Fellner|Mark Huffam,Ed Shearmur
9906,The Ant Bully,Julia Roberts|Meryl Streep|Nicolas Cage|Paul Giamatti|Bruce Campbell,20,John A. Davis,,Tom Hanks|Gary Goetzman|John A. Davis|Alex Johns|Kim Saxon,John Debney
841,Dune,Kyle MacLachlan|Francesca Annis|Leonardo Cimino|Brad Dourif|José Ferrer,21,David Lynch,David Lynch,Raffaella De Laurentiis,Toto
4688,Across the Universe,Evan Rachel Wood|Jim Sturgess|Joe Anderson|Dana Fuchs|Martin Luther,27,Julie Taymor,Dick Clement|Ian La Frenais,Jennifer Todd|Matthew Gross|Richard Baratta,
4148,Revolutionary Road,Leonardo DiCaprio|Kate Winslet|Michael Shannon|Kathryn Hahn|David Harbour,19,Sam Mendes,Justin Haythe,Bobby Cohen|John Hart|Scott Rudin,
2207,16 Blocks,Bruce Willis|Yasiin Bey|David Morse|Jenna Stern|David Zayas,21,Richard Donner,Richard Wenk|Richard Wenk,Avi Lerner|Randall Emmett|John Thompson|Jim Van Wyck,Klaus Badelt
9381,Babylon A.D.,Vin Diesel|Michelle Yeoh|Mélanie Thierry|Lambert Wilson|Charlotte Rampling,19,Mathieu Kassovitz,Mathieu Kassovitz|Éric Besnard,Alain Goldman|Benoît Jaubert,
9625,The Glimmer Man,Steven Seagal|Keenen Ivory Wayans|Bob Gunton|Brian Cox|Michelle Johnson,12,John Gray,Kevin Brodbin,Steven Seagal|Julius R. Nasso,Trevor Rabin
9304,Multiplicity,Michael Keaton|Andie MacDowell|Harris Yulin|Eugene Levy|Zack Duhame,29,Harold Ramis,Lowell Ganz|Babaloo Mandel|Chris Miller|Mary Hale,Harold Ramis|Lee R. Mayes,George Fenton
20856,Aliens in the Attic,Carter Jenkins|Austin Butler|Kevin Nealon|Robert Hoffman|Doris Roberts,18,John Schultz,Mark Burton|Adam F. Goldberg,,
5955,The Pledge,Jack Nicholson|Aaron Eckhart|Helen Mirren|Robin Wright|Vanessa Redgrave,16,Sean Penn,Jerzy Kromolowski|Mary Olson-Kromolowski,Sean Penn|Elie Samaha|Michael Fitzgerald,Klaus Badelt|Hans Zimmer
9899,The Producers,Matthew Broderick|Uma Thurman|Will Ferrell|Eileen Essell|Gary Beach,21,Susan Stroman,Mel Brooks|Thomas Meehan,Mel Brooks|Jonathan Sanger|Leah Zappy|Amy Herman,Glen Kelly
9826,The Phantom,Billy Zane|Kristy Swanson|Treat Williams|Catherine Zeta-Jones|James Remar,15,Simon Wincer,Jeffrey Boam,"Alan Ladd, Jr.|Robert Evans",
21355,All the Pretty Horses,Matt Damon|Henry Thomas|Penélope Cruz|Sam Shepard|Robert Patrick,8,Billy Bob Thornton,Cormac McCarthy|Ted Tally,,
10858,Nixon,Anthony Hopkins|Joan Allen|Powers Boothe|Ed Harris|Bob Hoskins,34,Oliver Stone,Oliver Stone|Stephen J. Rivele,Oliver Stone|Dan Halsted,John Williams
11439,The Ghost Writer,Ewan McGregor|Pierce Brosnan|Jon Bernthal|Kim Cattrall|Tom Wilkinson,33,Roman Polanski,Roman Polanski|Robert Harris,Roman Polanski|Robert Benmussa|Alain Sarde,Alexandre Desplat
9457,Deep Rising,Treat Williams|Famke Janssen|Anthony Heald|Kevin J. O'Connor|Una Damon,15,Stephen Sommers,Stephen Sommers,Laurence Mark|John Baldecchi,Jerry Goldsmith
12412,Miracle at St. Anna,Derek Luke|Michael Ealy|Laz Alonso|John Turturro|Valentina Cervi,25,Spike Lee,James McBride,Spike Lee|Luigi Musini|Roberto Cicutto,
1494,Curse of the Golden Flower,Chow Yun-fat|Gong Li|Jay Chou|Liu Ye|Qin Jun-Jie,8,Zhang Yimou,Zhang Yimou|Chow Yun-fat|Bian Zhihong|Wang Bin,William Kong|Zhang Weiping,Shigeru Umebayashi
13184,Bangkok Dangerous,Nicolas Cage|Shahkrit Yamnarm|Charlie Yeung|Panward Hemmanee|Nirattisai Kaljaruek,10,Danny Pang|Oxide Pang Chun,Jason Richman,Nicolas Cage|Norman Golightly|William Sherak|Jason Shuman|Matt Summers,Brian Tyler
2185,Big Trouble,Tim Allen|Rene Russo|Patrick Warburton|Ben Foster|Zooey Deschanel,33,Barry Sonnenfeld,Robert Ramsey,Barry Sonnenfeld,James Newton Howard
6639,Love in the Time of Cholera,Javier Bardem|Unax Ugalde|Benjamin Bratt|Catalina Sandino Moreno|Héctor Elizondo,14,Mike Newell,Ronald Harwood,Scott Steindorff,Antonio Pinto
38153,Shadow Conspiracy,Charlie Sheen|Donald Sutherland|Linda Hamilton|Stephen Lang|Nicholas Turturro,15,George P. Cosmatos,Adi Hasak,Adi Hasak,
58233,Johnny English Reborn,Rowan Atkinson|Dominic West|Gillian Anderson|Rosamund Pike|Daniel Kaluuya,32,Oliver Parker,William Davies,,
116977,Foodfight!,Charlie Sheen|Wayne Brady|Hilary Duff|Eva Longoria|Christopher Lloyd,21,Lawrence Kasanoff,Lawrence Kasanoff|Joshua Wexler|Brent V. Friedman|Rebecca Swanson|Sean Catherine Derek,,
68734,Argo,Ben Affleck|Bryan Cranston|Alan Arkin|John Goodman|Victor Garber,61,Ben Affleck,Chris Terrio,Ben Affleck|George Clooney|Grant Heslov,Alexandre Desplat
5503,The Fugitive,Harrison Ford|Tommy Lee Jones|Sela Ward|Julianne Moore|Joe Pantoliano,62,Andrew Davis,Jeb Stuart|David Twohy|David Twohy,Arnold Kopelson,James Newton Howard
27573,The Bounty Hunter,Gerard Butler|Jennifer Aniston|Gio Perez|Siobhan Fallon|Joel Garland,18,Andy Tennant,Sarah Maur Thorp,Neal H. Moritz,
819,Sleepers,Robert De Niro|Brad Pitt|Kevin Bacon|Jason Patric|Ron Eldard,21,Barry Levinson,Barry Levinson,Steve Golin|Barry Levinson|Lorenzo Carcaterra|Gerrit van der Meer,John Williams
1369,Rambo: First Blood Part II,Sylvester Stallone|Richard Crenna|Charles Napier|Steven Berkoff|Julia Nickson,19,George P. Cosmatos,James Cameron|Sylvester Stallone,Buzz Feitshans,Jerry Goldsmith
9623,The Juror,Demi Moore|Alec Baldwin|Joseph Gordon-Levitt|Anne Heche|James Gandolfini,15,Brian Gibson,Ted Tally,Irwin Winkler|Rob Cowan,James Newton Howard
10895,Pinocchio,Mel Blanc|Don Brodie|Walter Catlett|Marion Darlington|Frankie Darro,12,Ben Sharpsteen|Hamilton Luske,,Walt Disney,Paul J. Smith|Leigh Harline
10935,Heaven's Gate,Kris Kristofferson|Christopher Walken|John Hurt|Isabelle Huppert|Sam Waterston,23,Michael Cimino,Michael Cimino,Joann Carelli,David Mansfield
834,Underworld: Evolution,Kate Beckinsale|Scott Speedman|Tony Curran|Shane Brolly|Derek Jacobi,17,Len Wiseman,Danny McBride,Tom Rosenberg|Kevin Grevioux|Gary Lucchesi|Richard S. Wright|David Coatsworth,Marco Beltrami
228066,Victor Frankenstein,James McAvoy|Daniel Radcliffe|Jessica Brown Findlay|Andrew Scott|Charles Dance,16,Paul McGuigan,Max Landis,John Davis,
711,Finding Forrester,Sean Connery|Rob Brown|F. Murray Abraham|Anna Paquin|Busta Rhymes,13,Gus Van Sant,Mike Rich,Sean Connery|Jonathan King|Laurence Mark|Rhonda Tollefson|Dany Wolf,
10468,28 Days,Sandra Bullock|Viggo Mortensen|Dominic West|Elizabeth Perkins|Alan Tudyk,27,Betty Thomas,Susannah Grant,Celia D. Costas,
10027,Unleashed,Jet Li|Morgan Freeman|Bob Hoskins|Vincent Regan|Dylan Brown,23,Louis Leterrier,,Luc Besson|Jet Li|Pierre Spengler|Steve Chasman|Mehdi Sayah,Massive Attack
11812,The Sweetest Thing,Cameron Diaz|Christina Applegate|Thomas Jane|Selma Blair|Jason Bateman,11,Roger Kumble,Nancy Pimental,Cathy Konrad,
37233,The Firm,Tom Cruise|Jeanne Tripplehorn|Gene Hackman|Holly Hunter|Ed Harris,22,Sydney Pollack,Robert Towne|David Rayfiel|David Rabe,John Davis|Sydney Pollack|Scott Rudin,
37950,Charlie St. Cloud,Zac Efron|Amanda Crew|Charlie Tahan|Augustus Prew|Donal Logue,25,Burr Steers,Lewis Colick|Lewis Colick|Craig Pearce|Craig Pearce,Marc Platt,
27582,The Mechanic,Jason Statham|Ben Foster|Donald Sutherland|Mini Anden|Tony Goldwyn,17,Simon West,Richard Wenk|Karl Gajdusek,William Chartoff|David Winkler|René Besson,Mark Isham
64688,21 Jump Street,Channing Tatum|Jonah Hill|Brie Larson|Dave Franco|Ellie Kemper,19,Phil Lord|Christopher Miller,Jonah Hill|Michael Bacall|Michael Bacall,Neal H. Moritz|Stephen J. Cannell,Mark Mothersbaugh
509,Notting Hill,Julia Roberts|Hugh Grant|Gina McKee|Tim McInnerny|Rhys Ifans,27,Roger Michell,Richard Curtis,Duncan Kenworthy,Trevor Jones
7443,Chicken Run,Mel Gibson|Miranda Richardson|Timothy Spall|Imelda Staunton|Jane Horrocks,14,Nick Park|Peter Lord,Nick Park|Peter Lord|Karey Kirkpatrick,Nick Park|Peter Lord|David Sproxton|Lenny Young|Jacky Chrisp,Harry Gregson-Williams|John Powell
5966,Along Came Polly,Ben Stiller|Jennifer Aniston|Philip Seymour Hoffman|Debra Messing|Alec Baldwin,26,John Hamburg,John Hamburg,Danny DeVito|Michael Shamberg|Stacey Sher,Theodore Shapiro
11066,Boomerang,Eddie Murphy|Robin Givens|Halle Berry|David Alan Grier|Grace Jones,13,Reginald Hudlin,Barry W. Blaustein,Brian Grazer,Marcus Miller
136795,The Heat,Sandra Bullock|Melissa McCarthy|Demián Bichir|Michael Rapaport|Taran Killam,23,Paul Feig,Katie Dippold,Jenno Topping|Peter Chernin,Michael Andrews
8095,Cleopatra,Elizabeth Taylor|Richard Burton|Rex Harrison|Roddy McDowall|Martin Landau,23,Joseph L. Mankiewicz,Joseph L. Mankiewicz|Sidney Buchman|Ranald MacDougall,Walter Wanger,Alex North
87826,Here Comes the Boom,Salma Hayek|Kevin James|Henry Winkler|Joe Rogan|Reggie Lee,14,Frank Coraci,Kevin James|Allan Loeb|Rock Reuben,Kevin James|Jeff Sussman,Rupert Gregson-Williams
11560,High Crimes,Ashley Judd|Morgan Freeman|Jim Caviezel|Amanda Peet|Adam Scott,36,Carl Franklin,Yuri Zeltser,Arnon Milchan|Janet Yang|Jesse Beaton,
25189,The Mirror Has Two Faces,Barbra Streisand|Jeff Bridges|Lauren Bacall|George Segal|Mimi Rogers,8,Barbra Streisand,Gérard Oury,,
2637,The Mothman Prophecies,Richard Gere|Laura Linney|Will Patton|Bob Tracey|Debra Messing,33,Mark Pellington,Richard Hatem,Tom Rosenberg|Gary Lucchesi|Gary W. Goldstein,
18480,Brüno,Sacha Baron Cohen|Richard Bey|Ron Paul|Gustaf Hammarsten|Clifford Bañagale,11,Larry Charles,Sacha Baron Cohen|Sacha Baron Cohen|Anthony Hines|Anthony Hines|Peter Baynham,Sacha Baron Cohen|Dan Mazer|Jay Roach|Monica Levinson,Erran Baron Cohen
709,Licence to Kill,Timothy Dalton|Carey Lowell|Robert Davi|Talisa Soto|Anthony Zerbe,19,John Glen,Richard Maibaum|Michael G. Wilson,Albert R. Broccoli|Tom Pevsner|Michael G. Wilson,Michael Kamen
49730,Red Riding Hood,Amanda Seyfried|Gary Oldman|Billy Burke|Shiloh Fernandez|Max Irons,22,Catherine Hardwicke,David Leslie Johnson,Leonardo DiCaprio|Julie Yorn|Jennifer Killoran,Alex Heffes|Brian Reitzell
2749,15 Minutes,Robert De Niro|Charlize Theron|Edward Burns|Kelsey Grammer|Avery Brooks,86,John Herzfeld,John Herzfeld,Nick Wechsler|Keith Addis|John Herzfeld|David Blocker,Anthony Marinelli|J. Peter Robinson
9607,Super Mario Bros.,Bob Hoskins|John Leguizamo|Dennis Hopper|Samantha Mathis|Fisher Stevens,10,Annabel Jankel|Rocky Morton,Ed Solomon|Parker Bennett|Terry Runte,Jake Eberts|Roland Joffé,Alan Silvestri
1830,Lord of War,Nicolas Cage|Bridget Moynahan|Jared Leto|Ethan Hawke|Eamonn Walker,20,Andrew Niccol,Andrew Niccol,Nicolas Cage|Andreas Grosch|Andrew Niccol|Norman Golightly|Christopher Roberts,Antonio Pinto
79,Hero,Jet Li|Tony Leung Chiu-Wai|Maggie Cheung|Donnie Yen|Zhang Ziyi,27,Zhang Yimou,,Zhang Yimou|William Kong|Zhenyan Zhang,Dun Tan
54054,One for the Money,Katherine Heigl|Jason O'Mara|Daniel Sunjata|John Leguizamo|Sherri Shepherd,17,Julie Anne Robinson,Liz Brixius|Stacy Sherman|Karen Ray,Wendy Finerman|Tom Rosenberg|Gary Lucchesi|Sidney Kimmel,Deborah Lurie
228967,The Interview,James Franco|Seth Rogen|Lizzy Caplan|Randall Park|Diana Bang,38,Seth Rogen|Evan Goldberg,Seth Rogen|Evan Goldberg|Dan Sterling|Dan Sterling,Seth Rogen|Evan Goldberg|James Weaver,Henry Jackman
46528,The Warrior's Way,Kate Bosworth|Jang Dong-gun|Geoffrey Rush|Danny Huston|Ti Lung,13,Sngmoo Lee,Sngmoo Lee,Barrie M. Osborne|Lee Joo-Ick|Michael Peyser|Steven Nam|Carol Kim,Javier Navarrete
27936,Micmacs,Dany Boon|Dominique Pinon|André Dussollier|Jean-Pierre Marielle|Julie Ferrier,12,Jean-Pierre Jeunet,Jean-Pierre Jeunet|Guillaume Laurant,Jean-Pierre Jeunet|Frédéric Brillion|Gilles Legrand,Raphaël Beau
65,8 Mile,Eminem|Mekhi Phifer|Brittany Murphy|Kim Basinger|Michael Shannon,19,Curtis Hanson,,Curtis Hanson|Brian Grazer|Jimmy Iovine,
280391,Why I Did (Not) Eat My Father,Jamel Debbouze|Arié Elmaleh|Mélissa Theuriau|Patrice Thibaud|Christian Hecq,17,Jamel Debbouze,,,
9476,A Knight's Tale,Heath Ledger|Rufus Sewell|Shannyn Sossamon|Paul Bettany|Laura Fraser,16,Brian Helgeland,Brian Helgeland,Brian Helgeland|Tim Van Rellim|Todd Black,Carter Burwell
10610,The Medallion,Jackie Chan|Lee Evans|Claire Forlani|Julian Sands|John Rhys-Davies,23,Gordon Chan,Gordon Chan|Alfred Cheung Kin-Ting|Bey Logan|Bennett Davlin|Paul Wheeler,Alfred Cheung Kin-Ting,Adrian Lee
745,The Sixth Sense,Bruce Willis|Toni Collette|Olivia Williams|Haley Joel Osment|Donnie Wahlberg,51,M. Night Shyamalan,M. Night Shyamalan,Kathleen Kennedy|Frank Marshall|Barry Mendel,James Newton Howard
49527,Man on a Ledge,Sam Worthington|Elizabeth Banks|Jamie Bell|Ed Harris|Edward Burns,56,Asger Leth,Pablo F. Fenjves,Lorenzo di Bonaventura|Mark Vahradian,Henry Jackman
73937,The Big Year,Owen Wilson|Steve Martin|Jack Black|Rashida Jones|Jim Parsons,18,David Frankel,Howard Franklin,Curtis Hanson|Karen Rosenfelt|Stuart Cornfeld,
1885,The Karate Kid,Ralph Macchio|Pat Morita|William Zabka|Martin Kove|Chad McQueen,10,John G. Avildsen,Robert Mark Kamen,Jerry Weintraub,Bill Conti
168672,American Hustle,Christian Bale|Bradley Cooper|Amy Adams|Jeremy Renner|Jennifer Lawrence,31,David O. Russell,David O. Russell|Eric Singer,Charles Roven|Jonathan Gordon|Richard Suckle|Megan Ellison,Danny Elfman
18240,The Proposal,Sandra Bullock|Ryan Reynolds|Mary Steenburgen|Craig T. Nelson|Betty White,71,Anne Fletcher,Pete Chiarelli,David Hoberman|Todd Lieberman,Aaron Zigman
10398,Double Jeopardy,Tommy Lee Jones|Ashley Judd|Bruce Greenwood|Annabeth Gish|Benjamin Weir,8,Bruce Beresford,David Weisberg|Douglas Cook,Leonard Goldberg,
165,Back to the Future Part II,Michael J. Fox|Christopher Lloyd|Lea Thompson|Elisabeth Shue|James Tolkan,55,Robert Zemeckis,Robert Zemeckis|Bob Gale|Bob Gale,Bob Gale|Neil Canton,Alan Silvestri
240832,Lucy,Scarlett Johansson|Morgan Freeman|Choi Min-sik|Amr Waked|Julian Rhind-Tutt,59,Luc Besson,Luc Besson,Virginie Besson-Silla,Eric Serra
216015,Fifty Shades of Grey,Dakota Johnson|Jamie Dornan|Jennifer Ehle|Eloise Mumford|Victor Rasuk,17,Sam Taylor-Johnson,Kelly Marcel,Michael De Luca|Dana Brunetti|E.L. James,Danny Elfman
12279,Spy Kids 3-D: Game Over,Antonio Banderas|Carla Gugino|Alexa PenaVega|Daryl Sabara|Sylvester Stallone,33,Robert Rodriguez,Robert Rodriguez,Robert Rodriguez|Elizabeth Avellan,Robert Rodriguez|Rebecca Rodriguez
1645,A Time to Kill,Matthew McConaughey|Sandra Bullock|Samuel L. Jackson|Kevin Spacey|Oliver Platt,23,Joel Schumacher,Akiva Goldsman,Arnon Milchan|Michael G. Nathanson|Hunt Lowry|John Grisham,Elliot Goldenthal
11007,Cheaper by the Dozen,Steve Martin|Bonnie Hunt|Piper Perabo|Tom Welling|Hilary Duff,17,Shawn Levy,Joel Cohen|Alec Sokolow|Sam Harper|Craig Titley,Michael Barnathan|Robert Simonds|Ben Myron,Christophe Beck
193756,Lone Survivor,Mark Wahlberg|Taylor Kitsch|Emile Hirsch|Ben Foster|Yousuf Azami,47,Peter Berg,Peter Berg,Akiva Goldsman|Mark Wahlberg|Barry Spikings|Randall Emmett|Sarah Aubrey,Steve Jablonsky|Explosions in the Sky
11287,A League of Their Own,Tom Hanks|Geena Davis|Madonna|Lori Petty|Jon Lovitz,27,Penny Marshall,Lowell Ganz|Babaloo Mandel,Robert Greenhut,Hans Zimmer
259693,The Conjuring 2,Patrick Wilson|Vera Farmiga|Madison Wolfe|Frances O'Connor|Lauren Esposito,30,James Wan,James Wan|Carey Hayes|Chad Hayes|David Leslie Johnson,Rob Cowan|Peter Safran,
37799,The Social Network,Jesse Eisenberg|Andrew Garfield|Justin Timberlake|Armie Hammer|Max Minghella,99,David Fincher,Aaron Sorkin,Scott Rudin|Michael De Luca|Ceán Chaffin|Dana Brunetti,
10184,He's Just Not That Into You,Ben Affleck|Jennifer Aniston|Drew Barrymore|Jennifer Connelly|Kevin Connolly,41,Ken Kwapis,Abby Kohn|Marc Silverstein|Greg Behrendt,,
4257,Scary Movie 4,Anna Faris|Regina Hall|Craig Bierko|Bill Pullman|Anthony Anderson,20,David Zucker,Jim Abrahams|Craig Mazin|Pat Proft,Craig Mazin,James L. Venable
4234,Scream 3,David Arquette|Neve Campbell|Courteney Cox|Patrick Dempsey|Scott Foley,23,Wes Craven,Ehren Kruger,Cathy Konrad|Kevin Williamson|Marianne Maddalena,Marco Beltrami
196,Back to the Future Part III,Michael J. Fox|Christopher Lloyd|Mary Steenburgen|Thomas F. Wilson|Lea Thompson,54,Robert Zemeckis,Robert Zemeckis|Bob Gale|Bob Gale,Bob Gale|Neil Canton,Alan Silvestri
257091,Get Hard,Will Ferrell|Kevin Hart|Alison Brie|Craig T. Nelson|T.I.,31,Etan Cohen,Ian Roberts|Ian Roberts|Etan Cohen|Adam McKay|Jay Martel,Will Ferrell|Adam McKay,Christophe Beck
6114,Dracula,Gary Oldman|Winona Ryder|Anthony Hopkins|Keanu Reeves|Richard E. Grant,29,Francis Ford Coppola,James V. Hart,Francis Ford Coppola|Fred Fuchs,Wojciech Kilar
24803,Julie & Julia,Meryl Streep|Amy Adams|Stanley Tucci|Chris Messina|Linda Emond,15,Nora Ephron,Nora Ephron,Amy Robinson|Nora Ephron|Laurence Mark|Eric Steel|J.J. Sacha,Alexandre Desplat
109410,42,Chadwick Boseman|T.R. Knight|Harrison Ford|Nicole Beharie|Christopher Meloni,22,Brian Helgeland,Brian Helgeland,Thomas Tull,Mark Isham
1213,The Talented Mr. Ripley,Matt Damon|Gwyneth Paltrow|Jude Law|Cate Blanchett|Philip Seymour Hoffman,63,Anthony Minghella,Anthony Minghella,Tom Sternberg|William Horberg,Gabriel Yared
100042,Dumb and Dumber To,Jim Carrey|Jeff Daniels|Rachel Melvin|Kathleen Turner|Brady Bluhm,82,Bobby Farrelly|Peter Farrelly,Bobby Farrelly|Peter Farrelly|Mike Cerrone|Bennett Yellin|Sean Anders,Bobby Farrelly|Peter Farrelly|Bradley Thomas|Charles B. Wessler|Riza Aziz,Empire of the Sun
9036,Eight Below,Paul Walker|Bruce Greenwood|Moon Bloodgood|Jason Biggs|Gerard Plunkett,7,Frank Marshall,David DiGilio,Roger Birnbaum|Gary Barber,
257211,The Intern,Robert De Niro|Anne Hathaway|Rene Russo|Anders Holm|JoJo Kushner,25,Nancy Meyers,Nancy Meyers,Nancy Meyers|Suzanne McNeill Farwell,Theodore Shapiro
323675,Ride Along 2,Kevin Hart|Ice Cube|Olivia Munn|Tika Sumpter|Ken Jeong,72,Tim Story,Phil Hay|Matt Manfredi,Ice Cube|Larry Brezner|William Packer|Matt Alvarez,Christopher Lennertz
9361,The Last of the Mohicans,Daniel Day-Lewis|Madeleine Stowe|Russell Means|Eric Schweig|Jodhi May,15,Michael Mann,Michael Mann|Christopher Crowe,Michael Mann|Hunt Lowry,
1677,Ray,Jamie Foxx|Kerry Washington|Regina King|Harry Lennix|Clifton Powell,24,Taylor Hackford,Taylor Hackford|James L. White|James L. White,Taylor Hackford|Howard Baldwin|Karen Elise Baldwin|Stuart Benjamin,Craig Armstrong
187,Sin City,Jessica Alba|Devon Aoki|Clive Owen|Rosario Dawson|Mickey Rourke,52,Robert Rodriguez|Frank Miller,Frank Miller,Elizabeth Avellan,Robert Rodriguez|John Debney|Graeme Revell
7461,Vantage Point,Dennis Quaid|Matthew Fox|Forest Whitaker|Sigourney Weaver|William Hurt,29,Pete Travis,Barry Levy,Neal H. Moritz,Atli Örvarsson
16538,"I Love You, Man",Paul Rudd|Jason Segel|Rashida Jones|Andy Samberg|J.K. Simmons,46,John Hamburg,John Hamburg|Larry Levin|Larry Levin,John Hamburg|Donald De Line,
9889,Shallow Hal,Gwyneth Paltrow|Jack Black|Jason Alexander|Joe Viterelli|Bruce McGill,19,Bobby Farrelly|Peter Farrelly,Bobby Farrelly|Peter Farrelly|Sean Moynihan,Bobby Farrelly|Peter Farrelly|Bradley Thomas|Charles B. Wessler,
820,JFK,Kevin Costner|Tommy Lee Jones|Gary Oldman|Kevin Bacon|Michael Rooker,81,Oliver Stone,Oliver Stone|Zachary Sklar,Oliver Stone|A. Kitman Ho|Clayton Townsend|Joseph P. Reidy,John Williams
11565,Big Momma's House 2,Martin Lawrence|Nia Long|Emily Procter|Zachary Levi|Mark Moses,8,John Whitesell,Don Rhymer,David T. Friendly|Michael Green,George S. Clinton
6073,The Mexican,Brad Pitt|Julia Roberts|James Gandolfini|J.K. Simmons|Gene Hackman,14,Gore Verbinski,J.H. Wyman,Lawrence Bender|John Baldecchi,Alan Silvestri
16996,17 Again,Zac Efron|Leslie Mann|Matthew Perry|Tyler Steelman|Allison Miller,49,Burr Steers,Jason Filardi,Adam Shankman|Jennifer Gibgot,Rolfe Kent
193610,The Other Woman,Cameron Diaz|Leslie Mann|Kate Upton|Don Johnson|Nikolaj Coster-Waldau,16,Nick Cassavetes,Melissa Stack,Julie Yorn,
19912,The Final Destination,Bobby Campo|Shantel VanSanten|Nick Zano|Haley Webb|Krista Allen,13,David R. Ellis,Eric Bress,Craig Perry|Warren Zide,
296098,Bridge of Spies,Tom Hanks|Mark Rylance|Amy Ryan|Alan Alda|Sebastian Koch,66,Steven Spielberg,Joel Coen|Ethan Coen|Matt Charman,Steven Spielberg|Marc Platt|Kristie Macosko Krieger,Thomas Newman
8007,Behind Enemy Lines,Owen Wilson|Gene Hackman|Gabriel Macht|Charles Malik Whitfield|David Keith,19,John Moore,David Veloz|Zak Penn,John Davis,Don Davis
32823,Get Him to the Greek,Jonah Hill|Russell Brand|Rose Byrne|Elisabeth Moss|Colm Meaney,25,Nicholas Stoller,Nicholas Stoller,Judd Apatow|David L. Bushell|Rodney Rothman|Phil Eisen,Lyle Workman
4380,Shall We Dance?,Richard Gere|Jennifer Lopez|Susan Sarandon|Lisa Ann Walter|Stanley Tucci,18,Peter Chelsom,Audrey Wells,Simon Fields,Gabriel Yared|John Altman
11551,Small Soldiers,Gregory Smith|Kirsten Dunst|Denis Leary|Phil Hartman|David Cross,23,Joe Dante,Ted Elliott|Terry Rossio|Adam Rifkin|Gavin Scott,Colin Wilson|Michael Finnell,Jerry Goldsmith
10336,Spawn,Michael Jai White|Martin Sheen|John Leguizamo|Theresa Randle|Nicol Williamson,10,Mark A.Z. Dippé,Alan B. McElroy,Clint Goldman,Graeme Revell
11362,The Count of Monte Cristo,Jim Caviezel|Guy Pearce|Richard Harris|James Frain|Dagmara Domińczyk,10,Kevin Reynolds,Jay Wolpert,Gary Barber,
50348,The Lincoln Lawyer,Matthew McConaughey|Marisa Tomei|Ryan Phillippe|William H. Macy|Josh Lucas,21,Brad Furman,John Romano,Tom Rosenberg|Gary Lucchesi|Richard S. Wright|Sidney Kimmel,Cliff Martinez
48138,Unknown,Liam Neeson|Diane Kruger|January Jones|Aidan Quinn|Bruno Ganz,18,Jaume Collet-Serra,Stephen Cornwell|Oliver Butcher,Joel Silver|Leonard Goldberg|Andrew Rona,John Ottman|Alexander Rudd
1124,The Prestige,Hugh Jackman|Christian Bale|Michael Caine|Scarlett Johansson|Andy Serkis,41,Christopher Nolan,Christopher Nolan|Jonathan Nolan,Christopher Nolan|Aaron Ryder|Emma Thomas,David Julyan
227159,Horrible Bosses 2,Jason Bateman|Jason Sudeikis|Charlie Day|Jennifer Aniston|Kevin Spacey,19,Sean Anders,John Francis Daley|Sean Anders|Sean Anders|John Morris|John Morris,,Christopher Lennertz
68179,Escape from Planet Earth,Brendan Fraser|Rob Corddry|Ricky Gervais|Jessica Alba|Sarah Jessica Parker,17,Callan Brunker,Cory Edwards|Tony Leech|Callan Brunker|Bob Barlen,Jonathan Shestack|Preston Stutzman,
1579,Apocalypto,Rudy Youngblood|Raoul Max Trujillo|Gerardo Taracena|Iazua Larios|Antonio Monroy,39,Mel Gibson,Mel Gibson|Farhad Safinia,Mel Gibson|Bruce Davey,James Horner
708,The Living Daylights,Timothy Dalton|Maryam d'Abo|Jeroen Krabbé|Joe Don Baker|John Rhys-Davies,49,John Glen,Richard Maibaum|Michael G. Wilson,Albert R. Broccoli|Tom Pevsner|Michael G. Wilson,John Barry
34851,Predators,Topher Grace|Alice Braga|Laurence Fishburne|Adrien Brody|Danny Trejo,12,Nimród Antal,Alex Litvak|Michael Finch,Robert Rodriguez|John Davis|Elizabeth Avellan,John Debney
9930,Legal Eagles,Robert Redford|Debra Winger|Daryl Hannah|Brian Dennehy|Terence Stamp,29,Ivan Reitman,Jim Cash|Jack Epps Jr.,Ivan Reitman,Elmer Bernstein
1586,Secret Window,Johnny Depp|John Turturro|Timothy Hutton|Charles S. Dutton|Len Cariou,14,David Koepp,David Koepp,Gavin Polone,Philip Glass|Geoff Zanelli
2044,The Lake House,Keanu Reeves|Sandra Bullock|Shohreh Aghdashloo|Christopher Plummer|Ebon Moss-Bachrach,20,Alejandro Agresti,David Auburn,Doug Davison|Roy Lee,Rachel Portman
9913,The Skeleton Key,Kate Hudson|Gena Rowlands|Peter Sarsgaard|John Hurt|Joy Bryant,20,Iain Softley,Ehren Kruger,Iain Softley|Michael Shamberg|Stacey Sher|Daniel Bobker|Lorenzo P. Lampthwait,Ed Shearmur
71864,The Odd Life of Timothy Green,Jennifer Garner|Joel Edgerton|Ron Livingston|Rosemarie DeWitt|CJ Adams,23,Peter Hedges,Peter Hedges,,
10761,Made of Honor,Patrick Dempsey|Michelle Monaghan|Kevin McKidd|Chris Messina|Richmond Arquette,22,Paul Weiland,,Neal H. Moritz,Rupert Gregson-Williams
209451,Jersey Boys,Christopher Walken|Vincent Piazza|Freya Tingley|James Madio|Sean Whalen,71,Clint Eastwood,Marshall Brickman|Rick Elice,Clint Eastwood|Robert Lorenz|Graham King,
11975,The Rainmaker,Matt Damon|Danny DeVito|Jon Voight|Claire Danes|Mary Kay Place,26,Francis Ford Coppola,Francis Ford Coppola|Michael Herr,Steven Reuther|Fred Fuchs|Michael Douglas,Elmer Bernstein
4970,Gothika,Halle Berry|Robert Downey Jr.|Charles S. Dutton|Penélope Cruz|John Carroll Lynch,11,Mathieu Kassovitz,Sebastian Gutierrez,Robert Zemeckis|Joel Silver|Susan Downey|L. Levin,John Ottman
11831,Amistad,Morgan Freeman|Nigel Hawthorne|Anthony Hopkins|Djimon Hounsou|Matthew McConaughey,24,Steven Spielberg,David Franzoni,Steven Spielberg|Colin Wilson|Debbie Allen,John Williams
9096,Medicine Man,Sean Connery|Lorraine Bracco|José Wilker|Rodolfo De Alexandre|Angelo Barra Moreira,10,John McTiernan,Tom Schulman|Sally Robinson,Andrew G. Vajna|Donna Dubrow,Jerry Goldsmith
440,Aliens vs Predator: Requiem,Steven Pasquale|Reiko Aylesworth|John Ortiz|Ariel Gade|Sam Trammell,40,Colin Strause|Greg Strause,Shane Salerno,David Giler|Walter Hill|John Davis,Brian Tyler
11011,Ri¢hie Ri¢h,Macaulay Culkin|John Larroquette|Edward Herrmann|Christine Ebersole|Michael Maccarone,10,Donald Petrie,Tom S. Parker|Jim Jennewein,Joel Silver|John Davis,Alan Silvestri
10641,Autumn in New York,Richard Gere|Winona Ryder|Anthony LaPaglia|Elaine Stritch|Vera Farmiga,11,Joan Chen,Allison Burnett,Tom Rosenberg|Gary Lucchesi,Gabriel Yared
11172,Music and Lyrics,Drew Barrymore|Hugh Grant|Scott Porter|Brad Garrett|Haley Bennett,73,Marc Lawrence,Marc Lawrence,Martin Shafer|Liz Glotzer,Adam Schlesinger
39513,Paul,Seth Rogen|Simon Pegg|Nick Frost|Jason Bateman|Kristen Wiig,17,Greg Mottola,Simon Pegg|Nick Frost,Tim Bevan|Eric Fellner|Nira Park,David Arnold
82687,The Guilt Trip,Seth Rogen|Barbra Streisand|Yvonne Strahovski|Colin Hanks|Adam Scott,16,Anne Fletcher,Dan Fogelman,John Goldwyn|Evan Goldberg|Lorne Michaels|James Weaver,
41446,Scream 4,David Arquette|Neve Campbell|Courteney Cox|Emma Roberts|Hayden Panettiere,24,Wes Craven,Kevin Williamson|Kevin Williamson,Wes Craven|Kevin Williamson,
8224,8MM,Nicolas Cage|Joaquin Phoenix|James Gandolfini|Chris Bauer|Anthony Heald,16,Joel Schumacher,Andrew Kevin Walker,Joel Schumacher|Gavin Polone|Judy Hofflund,Mychael Danna
10537,The Doors,Val Kilmer|Meg Ryan|Kyle MacLachlan|Frank Whaley|Kevin Dillon,29,Oliver Stone,Oliver Stone|Randall Jahnson,A. Kitman Ho|Sasha Harari|Bill Graham,Olivia Barash|Carl Orff
225886,Sex Tape,Cameron Diaz|Jason Segel|Rob Corddry|Ellie Kemper|Rob Lowe,28,Jake Kasdan,Jason Segel|Nicholas Stoller|Kate Angelo,Steve Tisch|Todd Black|Jason Blumenthal,Michael Andrews
10385,Hanging Up,Meg Ryan|Diane Keaton|Lisa Kudrow|Walter Matthau|Adam Arkin,23,Diane Keaton,Nora Ephron|Delia Ephron,Nora Ephron|Delia Ephron,David Hirschfelder
55779,Final Destination 5,Emma Bell|Nicholas D'Agosto|Miles Fisher|Ellen Wroe|Jacqueline MacInnes Wood,11,Steven Quale,Eric Heisserer,Craig Perry|Warren Zide,Brian Tyler
10154,Mickey Blue Eyes,Hugh Grant|James Caan|Jeanne Tripplehorn|Burt Young|James Fox,14,Kelly Makin,Robert Kuhn|Adam Scheinman,Charles Mulvehill|Elizabeth Hurley,Basil Poledouris
10647,Pay It Forward,Kevin Spacey|Helen Hunt|Haley Joel Osment|Jay Mohr|Jim Caviezel,16,Mimi Leder,Leslie Dixon|Catherine Ryan Hyde,,
11431,Fever Pitch,Drew Barrymore|Jimmy Fallon|Jason Spevack|Jack Kehler|Maureen Keiller,30,Bobby Farrelly|Peter Farrelly,Lowell Ganz|Babaloo Mandel,Nancy Juvonen|Drew Barrymore|Bradley Thomas|Amanda Posey|Gil Netter,Craig Armstrong
8457,Drillbit Taylor,Owen Wilson|Leslie Mann|Josh Peck|David Dorfman|Nate Hartley,41,Steven Brill,John Hughes|Seth Rogen|Kristofor Brown,Susan Arnold|Donna Roth|Judd Apatow,Christophe Beck
188161,A Million Ways to Die in the West,Seth MacFarlane|Charlize Theron|Liam Neeson|Amanda Seyfried|Neil Patrick Harris,44,Seth MacFarlane,Seth MacFarlane|Alec Sulkin|Wellesley Wild,Scott Stuber|Seth MacFarlane|Jason Clark,Joel McNeely
8850,The Shadow,Alec Baldwin|John Lone|Penelope Ann Miller|Peter Boyle|Ian McKellen,24,Russell Mulcahy,David Koepp,Martin Bregman|Willi Bär|Michael Bregman,
64685,Extremely Loud & Incredibly Close,Thomas Horn|Tom Hanks|Sandra Bullock|Max von Sydow|John Goodman,21,Stephen Daldry,Eric Roth,,Alexandre Desplat
38357,Morning Glory,Rachel McAdams|Harrison Ford|Patrick Wilson|Jeff Goldblum|Diane Keaton,16,Roger Michell,Aline Brosh McKenna,J.J. Abrams|Bryan Burk,
10060,Get Rich or Die Tryin',50 Cent|Joy Bryant|Adewale Akinnuoye-Agbaje|Omar Benson Miller|Terrence Howard,21,Jim Sheridan,,Jimmy Iovine|Jim Sheridan|Chris Lighty|Renata Adamidov|Sharon Seto,Quincy Jones|Maurice Seezer|Gavin Friday
11398,The Art of War,Wesley Snipes|Donald Sutherland|Maury Chaykin|Anne Archer|Michael Biehn,7,Christian Duguay,Wayne Beach|Simon Barry,Nicolas Clermont|Ron Yuan,Normand Corbeil
1833,Rent,Anthony Rapp|Adam Pascal|Rosario Dawson|Jesse L. Martin|Wilson Jermaine Heredia,13,Chris Columbus,Stephen Chbosky,Robert De Niro|Jane Rosenthal|Chris Columbus|Mark Radcliffe|Paula DuPré Pesmen,
10391,Bless the Child,Kim Basinger|Angela Bettis|Holliston Coleman|Rufus Sewell|Christina Ricci,15,Chuck Russell,Tom Rickman|Clifford Green|Ellen Green,Mace Neufeld,Christopher Young
8970,The Out-of-Towners,Steve Martin|Goldie Hawn|John Cleese|Mark McKinney|Jessica Cauffiel,11,Sam Weisman,Marc Lawrence,,Marc Shaiman
9306,The Island of Dr. Moreau,Marlon Brando|Val Kilmer|David Thewlis|Fairuza Balk|Daniel Rigney,17,John Frankenheimer|Richard Stanley,Richard Stanley|Ron Hutchinson,Edward R. Pressman,Gary Chang
11370,The Musketeer,Catherine Deneuve|Mena Suvari|Stephen Rea|Tim Roth|Justin Chambers,15,Peter Hyams,Gene Quintano,Moshe Diamant,David Arnold
12184,The Other Boleyn Girl,Natalie Portman|Scarlett Johansson|Eric Bana|Jim Sturgess|Kristin Scott Thomas,28,Justin Chadwick,,Alison Owen,Paul Cantelon
1921,Sweet November,Keanu Reeves|Charlize Theron|Jason Isaacs|Greg Germann|Lauren Graham,15,Pat O'Connor,Kurt Voelker,Steven Reuther|Erwin Stoff|Elliott Kastner|Deborah Stoff,Christopher Young
1683,The Reaping,Hilary Swank|David Morrissey|Idris Elba|AnnaSophia Robb|Stephen Rea,15,Stephen Hopkins,Carey Hayes|Chad Hayes|Brian Rousso,Robert Zemeckis|Joel Silver|Susan Downey|Herb Gains,John Frizzell
203,Mean Streets,Harvey Keitel|Robert De Niro|David Proval|Amy Robinson|Richard Romanus,15,Martin Scorsese,Martin Scorsese|Mardik Martin,Martin Scorsese|Jonathan T. Taplin,Eric Clapton
11858,Renaissance Man,Danny DeVito|Mark Wahlberg|Gregory Hines|James Remar|Ed Begley Jr.,12,Penny Marshall,Jim Burnstein,Robert Greenhut,Hans Zimmer
62835,Colombiana,Zoe Saldana|Cliff Curtis|Callum Blue|Michael Vartan|Lennie James,18,Olivier Megaton,Luc Besson|Robert Mark Kamen,Luc Besson|Pierre-Ange Le Pogam|Gareth Upton,Nathaniel Mechaly|Craig Walker
18937,Quest for Camelot,Jessalyn Gilsig|Cary Elwes|Gary Oldman|Don Rickles|Jane Seymour,13,Frederik Du Chau,Kirk De Micco|David Seidler|Jacqueline Feather|William Schifrin,Dalisa Cohen,Patrick Doyle
13536,City By The Sea,Robert De Niro|James Franco|Frances McDormand|Eliza Dushku|George Dzundza,8,Michael Caton-Jones,Ken Hixon,,
15556,At First Sight,Val Kilmer|Mira Sorvino|Kelly McGillis|Steven Weber|Bruce Davison,12,Irwin Winkler,Oliver Sacks|Steve Levitt,Irwin Winkler|Rob Cowan,
10718,Torque,Martin Henderson|Ice Cube|Monet Mazur|Adam Scott|Matt Schulze,31,Joseph Kahn,Matt Johnson,Neal H. Moritz|Brad Luff,Trevor Rabin
11062,City Hall,Al Pacino|John Cusack|Bridget Fonda|Danny Aiello|Martin Landau,7,Harold Becker,Ken Lipper,Harold Becker,Jerry Goldsmith
10802,Showgirls,Elizabeth Berkley|Kyle MacLachlan|Gina Gershon|Glenn Plummer|Robert Davi,23,Paul Verhoeven,Joe Eszterhas,Alan Marshall|Charles Evans,David A. Stewart|Rena Riffel
1887,Marie Antoinette,Kirsten Dunst|Jason Schwartzman|Judy Davis|Rip Torn|Rose Byrne,22,Sofia Coppola,Sofia Coppola,Sofia Coppola|Ross Katz|Callum Greene,Dustin O'Halloran
6071,Kiss of Death,David Caruso|Samuel L. Jackson|Nicolas Cage|Helen Hunt|Kathryn Erbe,10,Barbet Schroeder,Richard Price|Eleazar Lipsky,Barbet Schroeder,Trevor Jones
10461,Get Carter,Sylvester Stallone|Miranda Richardson|Rachael Leigh Cook|Mickey Rourke|Johnny Strong,15,Stephen T. Kay,David McKenna|Ted Lewis,Neil Canton|Mark Canton,
80278,The Impossible,Naomi Watts|Ewan McGregor|Tom Holland|Samuel Joslin|Oaklee Pendergast,17,Juan Antonio Bayona,Sergio G. Sánchez,Álvaro Augustín|Belén Atienza|Ghislain Barrois,Fernando Velázquez
12704,Ishtar,Warren Beatty|Dustin Hoffman|Isabelle Adjani|Charles Grodin|Jack Weston,11,Elaine May,Elaine May,Warren Beatty,Dave Grusin|Bahjawa
10315,Fantastic Mr. Fox,George Clooney|Meryl Streep|Jason Schwartzman|Bill Murray|Wallace Wolodarsky,30,Wes Anderson,Wes Anderson|Noah Baumbach,,
16643,Life or Something Like It,Angelina Jolie|Edward Burns|Tony Shalhoub|Christian Kane|Melissa Errico,12,Stephen Herek,Dana Stevens|John Scott Shepherd|John Scott Shepherd,,
2687,Memoirs of an Invisible Man,Chevy Chase|Daryl Hannah|Sam Neill|Michael McKean|Stephen Tobolowsky,12,John Carpenter,William Goldman|Robert Collector|Dana Olsen,Dan Kolsrud|Bruce Bodner,Shirley Walker
194,Amélie,Audrey Tautou|Mathieu Kassovitz|Rufus|Jamel Debbouze|Claire Maurier,55,Jean-Pierre Jeunet,,Jean-Marc Deschamps|Claudie Ossard|Arne Meerkamp van Embden,Yann Tiersen
11025,New York Minute,Ashley Olsen|Mary-Kate Olsen|Eugene Levy|Andy Richter|Riley Smith,16,Dennie Gordon,Adam Cooper|Bill Collage|Emily Fox,Denise Di Novi|Ashley Olsen|Mary-Kate Olsen|Robert Thorne,George S. Clinton|Michael Muhlfriedel
8849,Alfie,Jude Law|Marisa Tomei|Omar Epps|Jane Krakowski|Renée Taylor,17,Charles Shyer,Charles Shyer|Elaine Pope,Charles Shyer|Elaine Pope,Mick Jagger|John Powell|David A. Stewart
78698,Big Miracle,Drew Barrymore|John Krasinski|Kristen Bell|Vinessa Shaw|Dermot Mulroney,38,Ken Kwapis,Jack Amiel|Michael Begler,,
30943,The Deep End of the Ocean,Michelle Pfeiffer|Treat Williams|Whoopi Goldberg|Jonathan Jackson|Cory Buck,15,Ulu Grosbard,Stephen Schiff,,Elmer Bernstein
9544,FearDotCom,Stephen Dorff|Natascha McElhone|Stephen Rea|Udo Kier|Amelia Curtis,20,William Malone,Moshe Diamant|Josephine Coyle,Moshe Diamant|Limor Diamant,Nicholas Pike
24418,Cirque du Freak: The Vampire's Assistant,John C. Reilly|Josh Hutcherson|Chris Massoglia|Patrick Fugit|Salma Hayek,24,Paul Weitz,Paul Weitz|Brian Helgeland,,
7288,Duplex,Ben Stiller|Drew Barrymore|Eileen Essell|Amber Valletta|Justin Theroux,26,Danny DeVito,Larry Doyle,Drew Barrymore|Ben Stiller|Stuart Cornfeld|Jeremy Kramer,
14655,Soul Men,Samuel L. Jackson|Bernie Mac|Sharon Leal|Adam Herschman|Sean Hayes,14,Malcolm D. Lee,Robert Ramsey|Matthew Stone,,
24575,Raise the Titanic,M. Emmet Walsh|Richard Jordan|David Selby|Anne Archer|Alec Guinness,9,Jerry Jameson,Adam Kennedy,Lew Grade|William Frye,
10366,Universal Soldier: The Return,Jean-Claude Van Damme|Kiana Tom|Bill Goldberg|Michael Jai White|Heidi Schanz,12,Mic Rodgers,William Malone|John Fasano,Daniel Melnick|Jean-Claude Van Damme,Don Davis
19898,Pandorum,Ben Foster|Dennis Quaid|Cam Gigandet|Antje Traue|Cung Le,24,Christian Alvart,Christian Alvart|Travis Milloy|Travis Milloy,Paul W.S. Anderson|Jeremy Bolt|Robert Kulzer,
4965,Impostor,Gary Sinise|Madeleine Stowe|Mekhi Phifer|Vincent D'Onofrio|Tony Shalhoub,11,Gary Fleder,Philip K. Dick|Ehren Kruger|David Twohy|Caroline Case,Gary Sinise|Daniel Lupi|Gary Fleder|Marty Katz,Mark Isham
15074,Extreme Ops,Devon Sawa|Bridgette Wilson|Rufus Sewell|Rupert Graves|Heino Ferch,10,Christian Duguay,Timothy Scott Bogart|Michael Zaidan|Mark Mullin,Jan Fantl|Moshe Diamant,Normand Corbeil|Stanislas Syrewicz
56715,Just Visiting,Jean Reno|Christina Applegate|Christian Clavier|Matt Ross|Tara Reid,13,Jean-Marie Poiré,John Hughes|Christian Clavier|Jean-Marie Poiré,Patrice Ledoux|Ricardo Mestres,John Powell
1272,Sunshine,Cillian Murphy|Rose Byrne|Chris Evans|Michelle Yeoh|Cliff Curtis,12,Danny Boyle,Alex Garland,Andrew Macdonald,
72358,A Thousand Words,Eddie Murphy|Allison Janney|Cliff Curtis|Clark Duke|Kerry Washington,44,Brian Robbins,Steve Koren,Nicolas Cage|Alain Chabat|Norman Golightly|Brian Robbins|Sharla Sumpter,John Debney
20542,Delgo,Freddie Prinze Jr.|Jennifer Love Hewitt|Val Kilmer|Anne Bancroft|Chris Kattan,15,Marc F. Adler|Jason Maurer,Marc F. Adler|Jason Maurer|Scott Biear|Carl Dream|Patrick J. Cowan,Marc F. Adler|Jennifer A. Jones,Geoff Zanelli
266396,The Gunman,Sean Penn|Jasmine Trinca|Javier Bardem|Ray Winstone|Mark Rylance,28,Pierre Morel,Sean Penn|Pete Travis|Don MacPherson,Joel Silver|Sean Penn|Andrew Rona|Ron Halpern,Marco Beltrami
9978,Stormbreaker,Alex Pettyfer|Sarah Bolger|Ewan McGregor|Robbie Coltrane|Stephen Fry,20,Geoffrey Sax,,Steve Christian|Andreas Grosch|Marc Samuelson|Peter Samuelson,Alan Parker
8271,Disturbia,Shia LaBeouf|Sarah Roemer|Carrie-Anne Moss|David Morse|Aaron Yoo,15,D.J. Caruso,Christopher B. Landon|Carl Ellsworth,Jackie Marcus Schaffer|Kwame Parker|Tom Pollock|E. Bennett Walsh|Joe Medjuck,
10428,Hackers,Jonny Lee Miller|Angelina Jolie|Jesse Bradford|Matthew Lillard|Renoly Santiago,25,Iain Softley,Rafael Moreu,Ralph Winter|Michael Peyser,Simon Boswell|Guy Pratt
5353,The Hunting Party,Richard Gere|Terrence Howard|James Brolin|Diane Kruger|Jesse Eisenberg,11,Richard Shepard,Richard Shepard,Mark Johnson|Scott Kroopf|Paul Hanson,
11934,The Hudsucker Proxy,Tim Robbins|Jennifer Jason Leigh|Paul Newman|Charles Durning|John Mahoney,24,Joel Coen,Joel Coen|Ethan Coen|Sam Raimi,Ethan Coen,
14392,The Warlords,Jet Li|Andy Lau|Takeshi Kaneshiro|Xu Jinglei|Wei Zongwan,21,Peter Chan|Raymond Yip Wai-Man,Chun Tin-Nam|James Yuen|Huang Jianxin|Aubrey Lam Oi-Wah|Guo Junli,Peter Chan|D. Daniel Vujić|Andre Morgan|Raymond Yip Wai-Man|Huang Jianxin,Kwong Wing Chan|Peter Kam|Leon Ko
19495,Nomad: The Warrior,Kuno Becker|Jay Hernandez|Jason Scott Lee|Doskhan Zholzhaksynov|Ayanat Ksenbai,9,Sergei Bodrov Jr.|Ivan Passer,Rustam Ibragimbekov,,
110415,Snowpiercer,Chris Evans|Song Kang-ho|Ed Harris|John Hurt|Tilda Swinton,45,Bong Joon-ho,Bong Joon-ho|Kelly Masterson,Park Chan-wook|Miky Lee|Tae-hun Lee|Steven Nam|Tae-sung Jeong,Marco Beltrami
77459,A Monster in Paris,Vanessa Paradis|Mathieu Chedid|Gad Elmaleh|François Cluzet|Ludivine Sagnier,9,Bibo Bergeron,Bibo Bergeron|Stéphane Kazandjian,,Mathieu Chedid
26486,The Last Shot,Matthew Broderick|Alec Baldwin|Toni Collette|Calista Flockhart|Ray Liotta,43,Jeff Nathanson,Jeff Nathanson,Larry Brezner|David Hoberman,
9495,The Crow,Brandon Lee|Rochelle Davis|Ernie Hudson|Michael Wincott|Bai Ling,16,Alex Proyas,David J. Schow|John Shirley,Edward R. Pressman|Alex Proyas|Caldecot Chubb|Jeff Most|James A. Janowitz,Graeme Revell
256040,Baahubali: The Beginning,Prabhas|Rana Daggubati|Tamanna Bhatia|Anushka Shetty|Ramya Krishnan,16,S.S. Rajamouli,S.S. Rajamouli|Vijayendra Prasad|Rahul Koda,Prasad Devineni|Shobu Yarlagadda|Iliya Sotirov,M.M. Keeravaani
24420,The Time Traveler's Wife,Eric Bana|Rachel McAdams|Michelle Nolden|Arliss Howard|Ron Livingston,34,Robert Schwentke,Bruce Joel Rubin,Nick Wechsler|Dede Gardner|Kristin Hahn|Sara Moe,Mychael Danna
1257,Because I Said So,Diane Keaton|Mandy Moore|Gabriel Macht|Tom Everett Scott|Lauren Graham,16,Michael Lehmann,Karen Leigh Hopkins|Jessie Nelson,Jessie Nelson|Paul Brooks,
62214,Frankenweenie,Charlie Tahan|Catherine O'Hara|Martin Short|Martin Landau|Atticus Shaffer,10,Tim Burton,John August,Tim Burton|Allison Abbate,
16320,Serenity,Nathan Fillion|Gina Torres|Alan Tudyk|Morena Baccarin|Adam Baldwin,44,Joss Whedon,Joss Whedon,Barry Mendel,
8842,Against the Ropes,Meg Ryan|Tony Shalhoub|Joe Cortese|Kerry Washington|Omar Epps,7,Charles S. Dutton,Cheryl Edwards,Robert W. Cort|David Madden,Michael Kamen
9531,Superman III,Christopher Reeve|Richard Pryor|Jackie Cooper|Marc McClure|Annette O'Toole,10,Richard Lester,David Newman|Leslie Newman,Pierre Spengler,Ken Thorne
64807,Grudge Match,Robert De Niro|Sylvester Stallone|Alan Arkin|Jon Bernthal|Kevin Hart,17,Peter Segal,Rodney Rothman|Tim Kelleher|Tim Kelleher,Mark Steven Johnson|Peter Segal|Bill Gerber|Michael Ewing|Ravi D. Mehta,Trevor Rabin
12289,Red Cliff,Chang Chen|Hu Jun|Tony Leung Chiu-Wai|Takeshi Kaneshiro|Song Jia,28,John Woo,John Woo|Chan Hon|Cheng Kuo|Sheng He-Yu,John Woo|Terence Chang|Han Sanping|Dong-ming Shi|Woo-Taek Kim,Tarô Iwashiro
11529,Sweet Home Alabama,Reese Witherspoon|Josh Lucas|Patrick Dempsey|Candice Bergen|Rhona Mitra,16,Andy Tennant,Douglas J. Eboch|C. Jay Cox,Neal H. Moritz|Stokely Chaffin,George Fenton
20943,The Ugly Truth,Katherine Heigl|Gerard Butler|Eric Winter|Bree Turner|Nick Searcy,74,Robert Luketic,Karen McCullah Lutz|Nicole Eastman,Tom Rosenberg|Steven Reuther|Gary Lucchesi|Deborah Jelin Newmyer|Kimberly di Bonaventura,
9099,Sgt. Bilko,Steve Martin|Dan Aykroyd|Phil Hartman|Glenne Headly|Daryl Mitchell,14,Jonathan Lynn,Andy Breckman,Brian Grazer,
9488,Spy Kids 2: The Island of Lost Dreams,Antonio Banderas|Carla Gugino|Alexa PenaVega|Daryl Sabara|Steve Buscemi,28,Robert Rodriguez,Robert Rodriguez,Robert Rodriguez|Elizabeth Avellan,Robert Rodriguez|John Debney
193,Star Trek: Generations,Patrick Stewart|Jonathan Frakes|Brent Spiner|LeVar Burton|Michael Dorn,17,David Carson,Ronald D. Moore|Brannon Braga,Rick Berman|Peter Lauritson,Dennis McCarthy
44865,The Grandmaster,Tony Leung Chiu-Wai|Zhang Ziyi|Song Hye-kyo|Chang Chen|Zhao Benshan,14,Wong Kar-wai,Wong Kar-wai|Xu Haofeng,Wong Kar-wai|Jacky Pang Yee Wah,Shigeru Umebayashi
55787,Water for Elephants,Robert Pattinson|Reese Witherspoon|Christoph Waltz|Tatum Etheridge|Hal Holbrook,20,Francis Lawrence,Richard LaGravenese,Erwin Stoff|Gil Netter|Andrew R. Tennenbaum,James Newton Howard
257932,Dragon Nest: Warriors' Dawn,Carrie-Anne Moss|Lucas Grabeel|Blythe Auffarth|Charlie Schlatter|Simon Jaglom,9,Yuefeng Song,Bill Borden,,
10400,The Hurricane,Denzel Washington|Vicellous Reon Shannon|Deborah Kara Unger|Liev Schreiber|John Hannah,79,Norman Jewison,Armyan Bernstein|Dan Gordon,Norman Jewison|Armyan Bernstein|John Ketcham,Christopher Young
1957,Enough,Jennifer Lopez|Billy Campbell|Juliette Lewis|Dan Futterman|Fred Ward,24,Michael Apted,Nicholas Kazan,Irwin Winkler|Rob Cowan,
10833,Heartbreakers,Sigourney Weaver|Jennifer Love Hewitt|Gene Hackman|Ray Liotta|Jason Lee,15,David Mirkin,Paul Guay|Stephen Mazur|Robert Dunn,John Davis|Irving Ong,John Debney
256961,Paul Blart: Mall Cop 2,Kevin James|Raini Rodriguez|Eduardo Verástegui|Daniella Alonso|Neal McDonough,51,Andy Fickman,Kevin James|Nick Bakay,Todd Garner|Adam Sandler|Jack Giarraputo|Kevin James,Rupert Gregson-Williams
5852,Angel Eyes,Jennifer Lopez|Jim Caviezel|Jeremy Sisto|Terrence Howard|Sônia Braga,27,Luis Mandoki,Gerald Di Pego,Bruce Berman|Elie Samaha|James A. Holt|Jellybean Benítez|Mark Canton,Marco Beltrami
12312,Joe Somebody,Tim Allen|Julie Bowen|Kelly Lynch|Greg Germann|Jim Belushi,15,John Pasquin,John Scott Shepherd,Arnold Kopelson|Anne Kopelson|Matthew Gross|Brian Reilly|Kenneth Atchity,George S. Clinton
622,The Ninth Gate,Johnny Depp|Frank Langella|Lena Olin|Emmanuelle Seigner|Barbara Jefford,23,Roman Polanski,Roman Polanski|John Brownjohn|Enrique Urbizu,Roman Polanski|Mark Allan|Antonio Cardenal|Adam Kempton|Iñaki Núñez,Wojciech Kilar
11306,Extreme Measures,Hugh Grant|Gene Hackman|Sarah Jessica Parker|David Morse|Bill Nunn,55,Michael Apted,Tony Gilroy,Elizabeth Hurley,Danny Elfman
12508,Rock Star,Mark Wahlberg|Jennifer Aniston|Jason Flemyng|Dominic West|Jason Bonham,16,Stephen Herek,John Stockwell,Toby Jaffe|Robert Lawrence,Trevor Rabin
25793,Precious,Gabourey Sidibe|Mo'Nique|Paula Patton|Mariah Carey|Lenny Kravitz,22,Lee Daniels,Geoffrey Fletcher,,
10534,White Squall,Jeff Bridges|Caroline Goodall|John Savage|Scott Wolf|Jeremy Sisto,15,Ridley Scott,Todd Robinson,Mimi Polk Gitlin|Rocky Lang,Jeff Rona
1091,The Thing,Kurt Russell|Keith David|Wilford Brimley|Donald Moffat|Richard Dysart,12,John Carpenter,Bill Lancaster|John W. Campbell Jr.,David Foster|Lawrence Turman,Ennio Morricone
87421,Riddick,Vin Diesel|Karl Urban|Katee Sackhoff|Jordi Mollà|Bokeem Woodbine,16,David Twohy,David Twohy,Ted Field|Vin Diesel|Samantha Vincent,Graeme Revell
10871,Switchback,Dennis Quaid|Danny Glover|R. Lee Ermey|Claudia Stedelin|Brent Hinkley,12,Jeb Stuart,Mel Efros,Gale Anne Hurd|Jeb Stuart,
13503,Texas Rangers,James Van Der Beek|Rachael Leigh Cook|Ashton Kutcher|Dylan McDermott|Usher Raymond,16,Steve Miner,Scott Busby|Martin Copeland,,
13600,City of Ember,Saoirse Ronan|Harry Treadaway|Mary Kay Place|Bill Murray|Martin Landau,21,Gil Kenan,Caroline Thompson,Tom Hanks|Gary Goetzman|Steven Shareshian,
68722,The Master,Joaquin Phoenix|Philip Seymour Hoffman|Amy Adams|Laura Dern|Jesse Plemons,28,Paul Thomas Anderson,Paul Thomas Anderson,Paul Thomas Anderson|Daniel Lupi|JoAnne Sellar|Megan Ellison,Jonny Greenwood
14324,Virgin Territory,Ryan Cartwright|Hayden Christensen|Mischa Barton|Jay Villiers|Simone Spinazzè,12,David Leland,David Leland,Tarak Ben Ammar|Roberto Cavalli,
14325,The Express,Rob Brown|Dennis Quaid|Darrin Henson|Charles S. Dutton|Aunjanue Ellis,8,Gary Fleder,Charles Leavitt,John Davis,
299687,The 5th Wave,Chloë Grace Moretz|Nick Robinson|Alex Roe|Maika Monroe|Zackary Arthur,35,J Blakeson,Akiva Goldsman|Susannah Grant|Jeff Pinkner,Tobey Maguire|Lynn Harris|Graham King|Matthew Plouffe,Henry Jackman
312221,Creed,Michael B. Jordan|Sylvester Stallone|Graham McTavish|Tessa Thompson|Phylicia Rashād,74,Ryan Coogler,Ryan Coogler|Ryan Coogler|Aaron Covington,Irwin Winkler|Sylvester Stallone|William Chartoff|Kevin King Templeton|Charles Winkler,Ludwig Göransson
23168,The Town,Ben Affleck|Rebecca Hall|Jeremy Renner|Jon Hamm|Blake Lively,48,Ben Affleck,Ben Affleck|Aaron Stockard|Peter Craig,Graham King|Basil Iwanyk,Harry Gregson-Williams|David Buckley
76494,What to Expect When You're Expecting,Cameron Diaz|Jennifer Lopez|Elizabeth Banks|Anna Kendrick|Brooklyn Decker,30,Kirk Jones,Heather Hach|Shauna Cross|Heidi Murkoff,Mike Medavoy|Arnold Messer|David Thwaites,
4944,Burn After Reading,George Clooney|Frances McDormand|Brad Pitt|John Malkovich|Tilda Swinton,64,Joel Coen|Ethan Coen,Joel Coen|Ethan Coen,Joel Coen|Ethan Coen|David Diliberto,Carter Burwell
10488,Nim's Island,Abigail Breslin|Jodie Foster|Gerard Butler|Michael Carman|Mark Brady,23,Jennifer Flackett|Mark Levin,Paula Mazur|Jennifer Flackett|Mark Levin|Joseph Kwong,Paula Mazur,Patrick Doyle
96721,Rush,Daniel Brühl|Chris Hemsworth|Olivia Wilde|Alexandra Maria Lara|Natalie Dormer,25,Ron Howard,Peter Morgan,Andrew Eaton|Brian Grazer|Eric Fellner|Ron Howard|Peter Morgan,Hans Zimmer
334,Magnolia,Julianne Moore|William H. Macy|John C. Reilly|Tom Cruise|Philip Baker Hall,29,Paul Thomas Anderson,Paul Thomas Anderson,Dylan Tichenor|Paul Thomas Anderson|Daniel Lupi|JoAnne Sellar,Jon Brion
23742,Cop Out,Bruce Willis|Tracy Morgan|Juan Carlos Hernández|Seann William Scott|Michelle Trachtenberg,23,Kevin Smith,Mark Cullen|Robb Cullen,Michael Tadross|Marc Platt|Polly Johnsen,
259694,How to Be Single,Dakota Johnson|Rebel Wilson|Alison Brie|Nicholas Braun|Damon Wayans Jr.,21,Christian Ditter,Dana Fox|Abby Kohn|Marc Silverstein,Dana Fox|John Rickard,
62837,Dolphin Tale,Morgan Freeman|Ashley Judd|Harry Connick Jr.|Nathan Gamble|Kris Kristofferson,18,Charles Martin Smith,Karen Janszen|Noam Dromi,Broderick Johnson|Andrew A. Kosove|Richard Ingber,Mark Isham
8966,Twilight,Kristen Stewart|Robert Pattinson|Billy Burke|Taylor Lautner|Peter Facinelli,26,Catherine Hardwicke,Melissa Rosenberg,,
8470,John Q,Denzel Washington|Robert Duvall|Anne Heche|Kimberly Elise|Daniel E. Smith,15,Nick Cassavetes,James Kearns,Mark Burg|Oren Koules,Aaron Zigman
11001,Blue Streak,Martin Lawrence|Luke Wilson|Dave Chappelle|Peter Greene|Nicole Ari Parker,51,Les Mayfield,Stephen Carpenter|Michael Berry|John Blumenthal,Neal H. Moritz|Toby Jaffe,Ed Shearmur
138832,We're the Millers,Jason Sudeikis|Jennifer Aniston|Will Poulter|Emma Roberts|Ed Helms,17,Rawson Marshall Thurber,Steve Faber|Steve Faber|Bob Fisher|Bob Fisher|Sean Anders,Chris Bender|Happy Walters|Vincent Newman|Tucker Tooley|Edward Pelle,Theodore Shapiro|Ludwig Göransson
16911,The Inhabited Island,Vasily Stepanov|Pyotr Fyodorov|Юлия Снигирь|Fyodor Bondarchuk|Sergey Garmash,15,Fyodor Bondarchuk,Marina Dyashenko|Sergei Dyashenko|Eduard Volodarskiy,Alexander Rodnyansky|Sergey Melkumov,
2163,Breakdown,Kurt Russell|J. T. Walsh|Kathleen Quinlan|M.C. Gainey|Jack Noseworthy,15,Jonathan Mostow,Jonathan Mostow|Sam Montgomery,Dino De Laurentiis|Martha De Laurentiis,Basil Poledouris
36670,Never Say Never Again,Sean Connery|Kim Basinger|Klaus Maria Brandauer|Edward Fox|Barbara Carrera,37,Irvin Kershner,Kevin McClory,Jack Schwartzman,Michel Legrand
23048,Hot Tub Time Machine,John Cusack|Lizzy Caplan|Rob Corddry|Craig Robinson|Clark Duke,18,Steve Pink,Sean Anders|John Morris|Josh Heald|Josh Heald,John Cusack|Matt Moore|Grace Loh,Christophe Beck
227735,Dolphin Tale 2,Morgan Freeman|Ashley Judd|Nathan Gamble|Cozi Zuehlsdorff|Harry Connick Jr.,62,Charles Martin Smith,Charles Martin Smith,Broderick Johnson|Andrew A. Kosove|Steven P. Wegner,Rachel Portman
2155,Reindeer Games,Ben Affleck|Gary Sinise|Charlize Theron|Dennis Farina|Donal Logue,19,John Frankenheimer,Ehren Kruger,Chris Moore|Marty Katz,Alan Silvestri
8409,A Man Apart,Vin Diesel|Larenz Tate|Timothy Olyphant|Geno Silva|Jacqueline Obradors,15,F. Gary Gray,Christian Gudegast|Paul Scheuring,Vin Diesel|F. Gary Gray|Bob Degus|Vincent Newman|Joey Nittolo,Anne Dudley
222936,Aloha,Bradley Cooper|Emma Stone|Rachel McAdams|Bill Murray|John Krasinski,17,Cameron Crowe,Cameron Crowe,Scott Rudin|Cameron Crowe,Jon Thor Birgisson|Alex Somers
31908,Ghosts of Mississippi,Alec Baldwin|James Woods|Virginia Madsen|Whoopi Goldberg|Craig T. Nelson,10,Rob Reiner,Lewis Colick,,
10219,Snow Falling on Cedars,Ethan Hawke|Youki Kudoh|Reeve Carney|Anne Suzuki|Rick Yune,23,Scott Hicks,Ronald Bass|Scott Hicks,,James Newton Howard
48171,The Rite,Anthony Hopkins|Colin O'Donoghue|Alice Braga|Toby Jones|Ciarán Hinds,12,Mikael Håfström,Michael Petroni,Beau Flynn|Tripp Vinson,Alex Heffes
782,Gattaca,Ethan Hawke|Jude Law|Gore Vidal|Uma Thurman|Alan Arkin,12,Andrew Niccol,Andrew Niccol,Danny DeVito|Michael Shamberg|Stacey Sher,Michael Nyman
75531,Isn't She Great,Bette Midler|Nathan Lane|Stockard Channing|David Hyde Pierce|John Cleese,8,Andrew Bergman,Paul Rudnick,Mike Lobell,Burt Bacharach
11802,Space Chimps,Andy Samberg|Cheryl Hines|Jeff Daniels|Patrick Warburton|Kristin Chenoweth,17,Kirk De Micco,Kirk De Micco,Barry Sonnenfeld|John H. Williams,Chris Bacon
9776,Head of State,Chris Rock|Bernie Mac|Dylan Baker|Nick Searcy|Lynn Whitfield,28,Chris Rock,,Chris Rock|Michael Rotenberg|Ali LeRoi,Marcus Miller
18785,The Hangover,Bradley Cooper|Ed Helms|Zach Galifianakis|Justin Bartha|Heather Graham,87,Todd Phillips,Jon Lucas|Scott Moore,David Siegel|Todd Phillips|Daniel Goldberg|Jeffrey Wetzel,Christophe Beck
365222,Ip Man 3,Donnie Yen|Lynn Hung|Zhang Jin|Patrick Tam|Karena Ng,16,Wilson Yip,Edmond Wong|Lai-yin Leung|Chan Tai-Li,Bak-Ming Wong,
817,Austin Powers: The Spy Who Shagged Me,Mike Myers|Heather Graham|Michael York|Robert Wagner|Rob Lowe,18,Jay Roach,Mike Myers|Michael McCullers,Eric McLeod|Jennifer Todd|Suzanne Todd|John S. Lyons|Demi Moore,George S. Clinton
268,Batman,Jack Nicholson|Michael Keaton|Kim Basinger|Michael Gough|Pat Hingle,19,Tim Burton,Warren Skaaren|Sam Hamm,Peter Guber|Jon Peters,Danny Elfman
45054,There Be Dragons,Charlie Cox|Dougray Scott|Wes Bentley|Rodrigo Santoro|Jordi Mollà,14,Roland Joffé,Roland Joffé,,
943,Lethal Weapon 3,Mel Gibson|Danny Glover|Joe Pesci|Rene Russo|Stuart Wilson,11,Richard Donner,Robert Mark Kamen|Jeffrey Boam,Joel Silver|Steve Perry|Richard Donner|Jennie Lew Tugend|Alexander B. Collett,Eric Clapton|Michael Kamen|David Sanborn
22881,The Blind Side,Sandra Bullock|Quinton Aaron|Kathy Bates|Tim McGraw|Jae Head,21,John Lee Hancock,John Lee Hancock,Gil Netter|Broderick Johnson|Andrew A. Kosove,Carter Burwell
10054,Spy Kids,Alexa PenaVega|Daryl Sabara|Antonio Banderas|Carla Gugino|Alan Cumming,16,Robert Rodriguez,Robert Rodriguez,Robert Rodriguez|Elizabeth Avellan,Robert Rodriguez|Danny Elfman|John Debney
51540,Horrible Bosses,Jennifer Aniston|Jason Bateman|Charlie Day|Jason Sudeikis|Colin Farrell,20,Seth Gordon,John Francis Daley|Michael Markowitz|Michael Markowitz|Jonathan M. Goldstein,Brett Ratner|Jay Stern,Christopher Lennertz
44264,True Grit,Jeff Bridges|Matt Damon|Josh Brolin|Barry Pepper|Hailee Steinfeld,31,Joel Coen|Ethan Coen,Joel Coen|Ethan Coen,Joel Coen|Ethan Coen|Scott Rudin,
350,The Devil Wears Prada,Meryl Streep|Anne Hathaway|Emily Blunt|Stanley Tucci|Simon Baker,18,David Frankel,Aline Brosh McKenna,Wendy Finerman,Theodore Shapiro
152,Star Trek: The Motion Picture,William Shatner|Leonard Nimoy|DeForest Kelley|James Doohan|George Takei,16,Robert Wise,Alan Dean Foster|Harold Livingston,Gene Roddenberry|Jon Povill,Jerry Goldsmith|Alexander Courage
109431,Identity Thief,Jason Bateman|Melissa McCarthy|Jon Favreau|Amanda Peet|T.I.,38,Seth Gordon,Steve Conrad|Craig Mazin,Pamela Abdy|Scott Stuber|Jason Bateman,Christopher Lennertz
1598,Cape Fear,Robert De Niro|Nick Nolte|Jessica Lange|Juliette Lewis|Joe Don Baker,27,Martin Scorsese,John D. MacDonald|Wesley Strick,Robert De Niro|Barbara De Fina,
8065,21,Jim Sturgess|Kevin Spacey|Kate Bosworth|Aaron Yoo|Liza Lapira,13,Robert Luketic,Allan Loeb|Peter Steinfeld,Michael De Luca|Dana Brunetti,
271718,Trainwreck,Amy Schumer|Bill Hader|Brie Larson|Colin Quinn|Vanessa Bayer,34,Judd Apatow,Amy Schumer,Barry Mendel|Judd Apatow,Jon Brion
11638,Guess Who,Bernie Mac|Ashton Kutcher|Zoe Saldana|Judith Scott|Hal Williams,7,Kevin Rodney Sullivan,Peter Tolan|David Ronn|David Ronn|Jay Scherick|Jay Scherick,Erwin Stoff|Jenno Topping|Jason Goldberg,John Murphy
409,The English Patient,Ralph Fiennes|Juliette Binoche|Willem Dafoe|Kristin Scott Thomas|Naveen Andrews,40,Anthony Minghella,Anthony Minghella,Saul Zaentz|Paul Zaentz|Steve E. Andrews,Gabriel Yared
2118,L.A. Confidential,Kevin Spacey|Guy Pearce|Danny DeVito|James Cromwell|Kim Basinger,62,Curtis Hanson,Curtis Hanson|Brian Helgeland,Curtis Hanson|Arnon Milchan|Michael G. Nathanson,Jerry Goldsmith
11459,Sky High,Michael Angarano|Kurt Russell|Kelly Preston|Danielle Panabaker|Kevin Heffernan,20,Mike Mitchell,Mark McCorkle|Bob Schooley|Paul Hernandez,Andrew Gunn,Michael Giacchino
10806,In & Out,Kevin Kline|Joan Cusack|Tom Selleck|Matt Dillon|Debbie Reynolds,19,Frank Oz,Paul Rudnick,Scott Rudin,Marc Shaiman
9348,Species,Natasha Henstridge|Ben Kingsley|Michael Madsen|Alfred Molina|Forest Whitaker,53,Roger Donaldson,,Frank Mancuso Jr.|Dennis Feldman,Christopher Young
377,A Nightmare on Elm Street,John Saxon|Ronee Blakley|Heather Langenkamp|Amanda Wyss|Jsu Garcia,29,Wes Craven,Wes Craven,Robert Shaye|John Burrows|Sara Risher,Charles Bernstein
8843,The Cell,Jennifer Lopez|Vincent D'Onofrio|Vince Vaughn|Marianne Jean-Baptiste|Catherine Sutherland,20,Tarsem Singh,Mark Protosevich,Eric McLeod|Julio Caro,Howard Shore
9313,The Man in the Iron Mask,Leonardo DiCaprio|Jeremy Irons|Gérard Depardieu|Gabriel Byrne|John Malkovich,31,Randall Wallace,Randall Wallace,Randall Wallace|Paul Hitchcock|Russell Smith|René Dupont,Nick Glennie-Smith
39486,Secretariat,Diane Lane|John Malkovich|Scott Glenn|Dylan Walsh|Fred Dalton Thompson,26,Randall Wallace,Mike Rich,Mark Ciardi|Gordon Gray,Nick Glennie-Smith
1273,TMNT,Chris Evans|Sarah Michelle Gellar|Mako|Kevin Smith|Patrick Stewart,15,Kevin Munroe,Kevin Munroe,Thomas K. Gray|Galen Walker,
13920,Radio,Cuba Gooding Jr.|Ed Harris|Alfre Woodard|S. Epatha Merkerson|Debra Winger,6,Mike Tollin,Mike Rich,Herb Gains,James Horner
50544,Friends with Benefits,Justin Timberlake|Mila Kunis|Patricia Clarkson|Woody Harrelson|Nolan Gould,16,Will Gluck,Will Gluck|Keith Merryman|David A. Newman,,
325133,Neighbors 2: Sorority Rising,Seth Rogen|Rose Byrne|Zac Efron|Chloë Grace Moretz|Kiersey Clemons,30,Nicholas Stoller,Seth Rogen|Nicholas Stoller|Evan Goldberg|Brendan O'Brien|Andrew J. Cohen,Seth Rogen|Evan Goldberg|James Weaver,Michael Andrews
140823,Saving Mr. Banks,Emma Thompson|Tom Hanks|Paul Giamatti|Colin Farrell|Ruth Wilson,18,John Lee Hancock,Sue Smith|Kelly Marcel,Philip Steuer|Alison Owen|Ian Collie,Thomas Newman
1883,Malcolm X,"Denzel Washington|Angela Bassett|Albert Hall|Al Freeman, Jr.|Delroy Lindo",69,Spike Lee,Spike Lee|Arnold Perl,Spike Lee|Marvin Worth,Terence Blanchard
89492,This Is 40,Paul Rudd|Leslie Mann|Jason Segel|Maude Apatow|Megan Fox,26,Judd Apatow,Judd Apatow,Clayton Townsend|Barry Mendel|Judd Apatow,Jon Brion
22949,Old Dogs,Robin Williams|John Travolta|Seth Green|Justin Long|Matt Dillon,22,Walt Becker,David Diamond|David Weissman,Peter Abrams|Robert L. Levy|Andrew Panay,
12437,Underworld: Rise of the Lycans,Bill Nighy|Michael Sheen|Rhona Mitra|Shane Brolly|Steven Mackintosh,19,Patrick Tatopoulos,Danny McBride,Len Wiseman|Kevin Grevioux|Gary Lucchesi,
2959,License to Wed,Robin Williams|Mandy Moore|John Krasinski|Eric Christian Olsen|Christine Taylor,13,Ken Kwapis,Kim Barker|Tim Rasmussen|Vince Di Meglio,Mike Medavoy|Arnold Messer|Nick Osborne|Robert Simonds,Christophe Beck
9957,The Benchwarmers,Jon Heder|Rob Schneider|David Spade|Jon Lovitz|Tim Meadows,21,Dennis Dugan,,Derek Dauchy|Adam Sandler|Jack Giarraputo|Nick Swardson,Waddy Wachtel
11648,Must Love Dogs,Diane Lane|John Cusack|Elizabeth Perkins|Christopher Plummer|Dermot Mulroney,20,Gary David Goldberg,Gary David Goldberg,Jennifer Todd|Suzanne Todd|Gary David Goldberg,Craig Armstrong|Susie Suh|Vinnie Zummo
9366,Donnie Brasco,Johnny Depp|Al Pacino|Michael Madsen|Bruno Kirby|James Russo,12,Mike Newell,Paul Attanasio,Louis DiGiaimo|Barry Levinson|Mark Johnson|Gail Mutrux,Patrick Doyle
1576,Resident Evil,Milla Jovovich|Michelle Rodriguez|Eric Mabius|Ryan McCluskey|Oscar Pearce,22,Paul W.S. Anderson,Paul W.S. Anderson,Paul W.S. Anderson|Jeremy Bolt|Bernd Eichinger|Samuel Hadida,Marco Beltrami|Marilyn Manson
609,Poltergeist,Craig T. Nelson|JoBeth Williams|Beatrice Straight|Heather O'Rourke|Dominique Dunne,16,Tobe Hooper,Steven Spielberg|Steven Spielberg|Michael Grais|Mark Victor,Steven Spielberg|Frank Marshall,Jerry Goldsmith
5516,The Ladykillers,Tom Hanks|Irma P. Hall|Marlon Wayans|J.K. Simmons|Tzi Ma,17,Joel Coen|Ethan Coen,Joel Coen|Ethan Coen|William Rose,Joel Coen|Ethan Coen|Barry Sonnenfeld|Barry Josephson|Tom Jacobson,Carter Burwell
13051,Max Payne,Mark Wahlberg|Mila Kunis|Beau Bridges|Ludacris|Chris O'Donnell,17,John Moore,Beau Thorne,John Moore|Peter Veverka|Scott Faye|Julie Yorn,Marco Beltrami|Buck Sanders
49530,In Time,Justin Timberlake|Amanda Seyfried|Cillian Murphy|Olivia Wilde|Alex Pettyfer,26,Andrew Niccol,Andrew Niccol,Andrew Niccol|Marc Abraham|Eric Newman,Craig Armstrong
34806,The Back-Up Plan,Jennifer Lopez|Alex O'Loughlin|Danneel Ackles|Eric Christian Olsen|Anthony Anderson,15,Alan Poul,Kate Angelo,Steve Tisch|Todd Black|Jason Blumenthal,
49022,Something Borrowed,Kate Hudson|Ginnifer Goodwin|John Krasinski|Colin Egglesfield|Ashley Williams,13,Luke Greenfield,Jennie Snyder Urman,,
11469,Black Knight,Martin Lawrence|Marsha Thomason|Tom Wilkinson|Vincent Regan|Daryl Mitchell,10,Gil Junger,Darryl Quarles,Michael Green,Randy Edelman
23479,The Bad News Bears,Walter Matthau|Tatum O'Neal|Ben Piazza|Vic Morrow|Erin Blunt,17,Michael Ritchie,Bill Lancaster,,
11667,Street Fighter,Jean-Claude Van Damme|Raúl Juliá|Ming-Na Wen|Damian Chapa|Kylie Minogue,14,Steven E. de Souza,Steven E. de Souza,Edward R. Pressman|Kenzo Tsujimoto,
423,The Pianist,Adrien Brody|Thomas Kretschmann|Frank Finlay|Maureen Lipman|Emilia Fox,74,Roman Polanski,Ronald Harwood,Roman Polanski|Robert Benmussa|Alain Sarde,Wojciech Kilar
2447,The Nativity Story,Keisha Castle-Hughes|Oscar Isaac|Hiam Abbass|Shaun Toub|Ciarán Hinds,43,Catherine Hardwicke,Mike Rich,Wyck Godfrey|Marty Bowen,Mychael Danna
10066,House of Wax,Elisha Cuthbert|Paris Hilton|Brian Van Holt|Jared Padalecki|Chad Michael Murray,15,Jaume Collet-Serra,,Robert Zemeckis|Joel Silver|Susan Downey,John Ottman
2288,Closer,Julia Roberts|Jude Law|Natalie Portman|Clive Owen|Colin Stinton,18,Mike Nichols,Patrick Marber,Mike Nichols|Cary Brokaw|John Calley,
88794,J. Edgar,Leonardo DiCaprio|Josh Hamilton|Geoff Pierson|Armie Hammer|Naomi Watts,19,Clint Eastwood,Dustin Lance Black,Clint Eastwood|Brian Grazer|Robert Lorenz,
13515,Mirrors,Kiefer Sutherland|Paula Patton|Amy Smart|Cameron Boyce|Erica Gluck,9,Alexandre Aja,Grégory Levasseur|Alexandre Aja,Grégory Levasseur|Alexandra Milchan,
11979,Queen of the Damned,Stuart Townsend|Aaliyah|Marguerite Moreau|Vincent Pérez|Paul McGann,12,Michael Rymer,Michael Petroni|Scott Abbott,Jorge Saralegui,
169,Predator 2,Kevin Peter Hall|Danny Glover|Gary Busey|Rubén Blades|María Conchita Alonso,38,Stephen Hopkins,Jim Thomas|John Thomas,Joel Silver|Lawrence Gordon|John Davis,Alan Silvestri
8090,Untraceable,Diane Lane|Billy Burke|Colin Hanks|Joseph Cross|Mary Beth Hurt,18,Gregory Hoblit,Robert Fyvolent|Mark Brinker|Allison Burnett,Tom Rosenberg|Gary Lucchesi|Richard S. Wright|Hawk Koch|Eric Reid,
11622,Blast from the Past,Brendan Fraser|Alicia Silverstone|Christopher Walken|Sissy Spacek|Nathan Fillion,14,Hugh Wilson,Hugh Wilson|Bill Kelly,Renny Harlin|Hugh Wilson,Steve Dorff
3604,Flash Gordon,Sam J. Jones|Melody Anderson|Max von Sydow|Chaim Topol|Ornella Muti,19,Mike Hodges,Lorenzo Semple Jr.,Dino De Laurentiis,Howard Blake
9541,Jersey Girl,Ben Affleck|Raquel Castro|Liv Tyler|Jennifer Lopez|George Carlin,14,Kevin Smith,Kevin Smith,Scott Mosier,James L. Venable
94348,Alex Cross,Tyler Perry|Rachel Nichols|Jean Reno|Matthew Fox|Giancarlo Esposito,12,Rob Cohen,Marc Moss|Kerry Williamson,Steve Bowen|Randall Emmett|James Patterson|Paul Hanson|Bill Block,John Debney
8197,Midnight in the Garden of Good and Evil,John Cusack|Kevin Spacey|Jude Law|Alison Eastwood|Jack Thompson,17,Clint Eastwood,John Lee Hancock,Clint Eastwood|Arnold Stiefel,Lennie Niehaus
336004,Heist,Jeffrey Dean Morgan|Robert De Niro|Kate Bosworth|Dave Bautista|Gina Carano,37,Scott Mann,Stephen C. Sepher|Max Adams,Robert Jones|George Furla|Randall Emmett|Alexander Tabrizi|Stephen C. Sepher,James Edward Barker|Tim Despic
35019,Nanny McPhee and the Big Bang,Emma Thompson|Asa Butterfield|Ralph Fiennes|Maggie Gyllenhaal|Maggie Smith,17,Susanna White,Emma Thompson,Tim Bevan|Eric Fellner|Lindsay Doran,James Newton Howard
10410,Hoffa,Jack Nicholson|Danny DeVito|Armand Assante|J. T. Walsh|John C. Reilly,106,Danny DeVito,David Mamet,Danny DeVito|Edward R. Pressman|Caldecot Chubb,David Newman
8836,The X Files: I Want to Believe,David Duchovny|Gillian Anderson|Amanda Peet|Billy Connolly|Xzibit,42,Chris Carter,Chris Carter|Frank Spotnitz,Chris Carter|Frank Spotnitz,Mark Snow
14442,Ella Enchanted,Anne Hathaway|Hugh Dancy|Cary Elwes|Vivica A. Fox|Joanna Lumley,17,Tommy O'Haver,Karen McCullah Lutz|Kirsten Smith|Laurie Craig|Jennifer Heath|Michele J. Wolff,David Parfitt|Jane Startz,
321741,Concussion,Will Smith|Alec Baldwin|Albert Brooks|Gugu Mbatha-Raw|David Morse,72,Peter Landesman,Peter Landesman|Jeanne Marie Laskas,Ridley Scott|Elizabeth Cantillon|Larry Shuman|Giannina Facio-Scott|David Wolthoff,James Newton Howard
59965,Abduction,Taylor Lautner|Lily Collins|Alfred Molina|Jason Isaacs|Maria Bello,34,John Singleton,Shawn Christensen,Doug Davison|Roy Lee|Ellen Goldsmith-Vein|Dan Lautner|Lee Stollman,Ed Shearmur
14175,Valiant,Ewan McGregor|Ricky Gervais|Tim Curry|Jim Broadbent|Hugh Laurie,15,Gary Chapman,Jordan Katz,,
11004,Wonder Boys,Michael Douglas|Tobey Maguire|Frances McDormand|Katie Holmes|Rip Torn,15,Curtis Hanson,Steve Kloves,Curtis Hanson|Scott Rudin,Christopher Young
11918,Superhero Movie,Drake Bell|Sara Paxton|Leslie Nielsen|Christopher McDonald|Jeffrey Tambor,16,Craig Mazin,Craig Mazin,Robert K. Weiss|David Zucker|Craig Mazin,James L. Venable
98357,Broken City,Mark Wahlberg|Russell Crowe|Catherine Zeta-Jones|Jeffrey Wright|Barry Pepper,22,Allen Hughes,Brian Tucker,Arnon Milchan|Allen Hughes|Mark Wahlberg|Randall Emmett|Stephen Levinson,
10012,Cursed,Portia de Rossi|Christina Ricci|Jesse Eisenberg|Milo Ventimiglia|Judy Greer,16,Wes Craven,Kevin Williamson,Kevin Williamson|Marianne Maddalena,Marco Beltrami
49526,Premium Rush,Joseph Gordon-Levitt|Michael Shannon|Dania Ramirez|Jamie Chung|Wolé Parks,10,David Koepp,David Koepp|John Kamps,,
268920,Hot Pursuit,Reese Witherspoon|Sofía Vergara|Michael Mosley|John Carroll Lynch|Richard T. Jones,114,Anne Fletcher,John Quaintance|David Feeney,Reese Witherspoon|Bruna Papandrea|Dana Fox,Christophe Beck
9093,The Four Feathers,Heath Ledger|Wes Bentley|Kate Hudson|Djimon Hounsou|Michael Sheen,49,Shekhar Kapur,Michael Schiffer|Hossein Amini,Paul Feldsher|Allon Reich|Marty Katz|Stanley R. Jaffe|Robert Jaffe,James Horner
119283,Parker,Jason Statham|Jennifer Lopez|Nick Nolte|Michael Chiklis|Clifton Collins Jr,31,Taylor Hackford,John J. McLaughlin,Taylor Hackford|Steve Chasman|Sidney Kimmel|Les Alexander|Jonathan Mitchell,David Buckley
11823,Wimbledon,Kirsten Dunst|Paul Bettany|Sam Neill|James McAvoy|Bernard Hill,10,Richard Loncraine,Adam Brooks|Jennifer Flackett|Mark Levin,Tim Bevan|Eric Fellner|Liza Chasin|Mary Richards,Ed Shearmur
35169,Furry Vengeance,Brendan Fraser|Ken Jeong|Brooke Shields|Angela Kinsey|Rob Riggle,16,Roger Kumble,Michael Carnes|Josh Gilbert,Robert Simonds|Keith Goldberg|Terri Goddard|Molly O'Keefe,Ed Shearmur
118957,Bait,Sharni Vinson|Phoebe Tonkin|Julian McMahon|Xavier Samuel|Cariba Heine,17,Kimble Rendall,Russell Mulcahy|John Kim,Gary Hamilton|Peter Barber|Todd Fellman,
849,Krull,Ken Marshall|Lysette Anthony|Francesca Annis|Alun Armstrong|David Battley,25,Peter Yates,Stanford Sherman,Geoffrey Helman|Ron Silverman,James Horner
4515,Lions for Lambs,Robert Redford|Meryl Streep|Tom Cruise|Michael Peña|Andrew Garfield,8,Robert Redford,Matthew Michael Carnahan,Robert Redford|Tracy Falco|Matthew Michael Carnahan|Andrew Hauptman,
18886,Flight of the Intruder,Danny Glover|Willem Dafoe|Brad Johnson|Rosanna Arquette|Tom Sizemore,5,John Milius,David Shaber,,
6575,Walk Hard: The Dewey Cox Story,John C. Reilly|Jenna Fischer|Tim Meadows|Kristen Wiig|Raymond J. Barry,39,Jake Kasdan,Judd Apatow|Jake Kasdan,Clayton Townsend|Judd Apatow|Jake Kasdan,Michael Andrews
6440,The Shipping News,Kevin Spacey|Julianne Moore|Cate Blanchett|Judi Dench|Pete Postlethwaite,12,Lasse Hallström,Robert Nelson Jacobs,Leslie Holleran|David Gropman|Irwin Winkler|Linda Goldstein Knowlton,Christopher Young
13496,American Outlaws,Colin Farrell|Scott Caan|Ali Larter|Gabriel Macht|Gregory Smith,15,Les Mayfield,John Rogers|Roderick Taylor,,Trevor Rabin
18320,The Young Victoria,Emily Blunt|Jim Broadbent|Mark Strong|Paul Bettany|Miranda Richardson,21,Jean-Marc Vallée,Julian Fellowes,Martin Scorsese|Graham King|Tim Headington|Sarah Ferguson,Ilan Eshkeri
22787,Whiteout,Kate Beckinsale|Gabriel Macht|Tom Skerritt|Columbus Short|Shawn Doyle,17,Dominic Sena,Carey Hayes|Chad Hayes|Erich Hoeber|Jon Hoeber,Joel Silver|Susan Downey|David Gambino,
8967,The Tree of Life,Brad Pitt|Sean Penn|Jessica Chastain|Hunter McCracken|Finnegan Williams,18,Terrence Malick,Terrence Malick,Brad Pitt|Grant Hill|Sarah Green|Dede Gardner|Bill Pohlad,Alexandre Desplat
37498,Knock Off,Jean-Claude Van Damme|Lela Rochon|Paul Sorvino|Rob Schneider|Mark Houghton,6,Tsui Hark,Steven E. de Souza,Nansun Shi,
144336,Sabotage,Arnold Schwarzenegger|Sam Worthington|Mireille Enos|Joe Manganiello|Harold Perrineau,57,David Ayer,David Ayer|Skip Woods,David Ayer|Paul Hanson|Bill Block|Palak Patel|Ethan Smith,
9616,The Order,Heath Ledger|Shannyn Sossamon|Benno Fürmann|Mark Addy|Peter Weller,10,Brian Helgeland,Brian Helgeland,Brian Helgeland|Craig Baumgarten,David Torn
13056,Punisher: War Zone,Ray Stevenson|Dominic West|Julie Benz|Colin Salmon|Doug Hutchison,17,Lexi Alexander,Art Marcum|Matt Holloway|Nick Santora,Gale Anne Hurd,
14113,Zoom,Tim Allen|Courteney Cox|Chevy Chase|Spencer Breslin|Kevin Zegers,15,Peter Hewitt,Adam Rifkin|David Berenbaum,Jennifer Todd|Suzanne Todd|Todd Garner,Christophe Beck
285783,The Walk,Joseph Gordon-Levitt|Ben Kingsley|Charlotte Le Bon|Ben Schwartz|James Badge Dale,65,Robert Zemeckis,Robert Zemeckis|Christopher Browne,Robert Zemeckis|Steve Starkey|Jack Rapke|Tom Rothman,Alan Silvestri
49478,Warriors of Virtue,Angus Macfadyen|Mario Yedidia|Marley Shelton|Chao Li Chi,4,Ronny Yu,Michael Vickerman|Hugh Kelley,,
9726,A Good Year,Russell Crowe|Marion Cotillard|Albert Finney|Tom Hollander|Abbie Cornish,63,Ridley Scott,,Ridley Scott,Marc Streitenfeld
20763,Radio Flyer,Elijah Wood|Lorraine Bracco|Adam Baldwin|John Heard|Joseph Mazzello,19,Richard Donner,David M. Evans,Lauren Shuler Donner,Hans Zimmer
9702,Bound by Honor,Damian Chapa|Jesse Borrego|Benjamin Bratt|Enrique Castillo|Victor Rivers,15,Taylor Hackford,Jeremy Iacone|Ross Thomas|Jimmy Santiago Baca|Floyd Mutrux,Taylor Hackford|Jerry Gershwin,Bill Conti
9311,Smilla's Sense of Snow,Julia Ormond|Gabriel Byrne|Richard Harris|Jim Broadbent|Tom Wilkinson,19,Bille August,Ann Biderman,Bernd Eichinger|Martin Moszkowicz|Rosanne Korenberg,Harry Gregson-Williams
9280,Femme Fatale,Rebecca Romijn|Antonio Banderas|Peter Coyote|Rie Rasmussen|Gregg Henry,19,Brian De Palma,Brian De Palma,Marina Gefter|Tarak Ben Ammar,Ryuichi Sakamoto
26843,Lion of the Desert,Anthony Quinn|Rod Steiger|Oliver Reed|Irene Papas|Raf Vallone,15,Moustapha Akkad,H.A.L. Craig|David Butler,,
11876,The Horseman on the Roof,Juliette Binoche|Olivier Martinez|Pierre Arditi|François Cluzet|Gérard Depardieu,29,Jean-Paul Rappeneau,Jean-Claude Carrière|Jean-Paul Rappeneau|Nina Companéez|Jean Giono,,Jean-Claude Petit
22267,Ride with the Devil,Tobey Maguire|Skeet Ulrich|Jeffrey Wright|Jewel|Jonathan Rhys Meyers,11,Ang Lee,James Schamus,James Schamus|Robert F. Colesberry|Ted Hope,
45958,Biutiful,Javier Bardem|Maricel Álvarez|Hanaa Bouchaib|Guillermo Estrella|Eduard Fernández,52,Alejandro González Iñárritu,Alejandro González Iñárritu|Armando Bo|Nicolás Giacobone,Alejandro González Iñárritu|Jon Kilik|Ann Ruark|Alfonso Cuarón|Fernando Bovaira,Gustavo Santaolalla
1969,Bandidas,Penélope Cruz|Salma Hayek|Dwight Yoakam|Steve Zahn|Denis Arndt,17,Joachim Rønning|Espen Sandberg,Luc Besson|Robert Mark Kamen,Luc Besson|Ariel Zeitoun|Mehdi Sayah,Eric Serra
310706,Black Water Transit,Laurence Fishburne|Karl Urban|Brittany Snow|Aisha Tyler|Beverly D'Angelo,9,Tony Kaye,Matthew Chapman,Arnold Rifkin|Kia Jam|Paul Parmar|Christopher Eberts,
198663,The Maze Runner,Dylan O'Brien|Ki Hong Lee|Kaya Scodelario|Aml Ameen|Blake Cooper,37,Wes Ball,Noah Oppenheim|Grant Pierce Myers|T.S. Nowlin,Wyck Godfrey|Marty Bowen|Lindsay Williams|Ellen Goldsmith-Vein|Lee Stollman,John Paesano
239573,Unfinished Business,Vince Vaughn|Dave Franco|James Marsden|June Diane Raphael|Sienna Miller,16,Ken Scott,Steve Conrad,Todd Black,
10436,The Age of Innocence,Daniel Day-Lewis|Michelle Pfeiffer|Winona Ryder|Alexis Smith|Geraldine Chaplin,24,Martin Scorsese,Martin Scorsese|Jay Cocks,Barbara De Fina,Elmer Bernstein
1381,The Fountain,Hugh Jackman|Rachel Weisz|Ellen Burstyn|Mark Margolis|Stephen McHattie,14,Darren Aronofsky,Darren Aronofsky,Iain Smith|Arnon Milchan,Clint Mansell
2162,Chill Factor,Cuba Gooding Jr.|Skeet Ulrich|Peter Firth|David Paymer|Daniel Hugh Kelly,9,Hugh Johnson,Drew Gitlin|Mike Cheda,James G. Robinson,Hans Zimmer|John Powell
127493,Stolen,Nicolas Cage|Malin Åkerman|Josh Lucas|Sami Gayle|Danny Huston,13,Simon West,David Guggenheim,René Besson|Matthew Joynes|Jesse Kennedy,Mark Isham
12429,Ponyo,Yuria Nara|Hiroki Doi|George Tokoro|Tomoko Yamaguchi|Yuki Amami,24,Hayao Miyazaki,Hayao Miyazaki,Toshio Suzuki,Joe Hisaishi
228205,The Longest Ride,Scott Eastwood|Britt Robertson|Lolita Davidovich|Melissa Benoist|Jack Huston,19,"George Tillman, Jr.",Craig Bolotin,Wyck Godfrey|Marty Bowen|Nicholas Sparks|Theresa Park,Mark Isham
2900,The Astronaut's Wife,Johnny Depp|Charlize Theron|Joe Morton|Clea DuVall|Nick Cassavetes,36,Rand Ravich,Rand Ravich,Andrew Lazar,George S. Clinton
21311,I Dreamed of Africa,Kim Basinger|Vincent Pérez|Liam Aiken|Daniel Craig|Eva Marie Saint,8,Hugh Hudson,Susan Shilliday|Paula Milne,,
77875,Playing for Keeps,Gerard Butler|Jessica Biel|Uma Thurman|Catherine Zeta-Jones|Iqbal Theba,21,Gabriele Muccino,Robbie Fox,Jonathan Mostow|Gerard Butler|John Thompson|Kevin Misher|Heidi Jo Markel,
192136,Mandela: Long Walk to Freedom,Idris Elba|Naomie Harris|Tony Kgoroge|Riaad Moosa|Fana Mokoena,15,Justin Chadwick,William Nicholson,David M. Thompson|Anant Singh,Alex Heffes
18254,Reds,Warren Beatty|Diane Keaton|Edward Herrmann|Jack Nicholson|Jerzy Kosinski,36,Warren Beatty,Warren Beatty|Trevor Griffiths,Warren Beatty,Stephen Sondheim
881,A Few Good Men,Tom Cruise|Jack Nicholson|Demi Moore|Kevin Bacon|Kevin Pollak,16,Rob Reiner,Aaron Sorkin,Rob Reiner|Andrew Scheinman|David Brown,
10877,Exit Wounds,Steven Seagal|DMX|Isaiah Washington|Anthony Anderson|Bill Duke,27,Andrzej Bartkowiak,Richard D'Ovidio|Ed Horowitz,Joel Silver|Dan Cracchiolo,Jeff Rona|Damon 'Grease' Blackman
9600,Big Momma's House,Martin Lawrence|Nia Long|Paul Giamatti|Jascha Washington|Terrence Howard,6,Raja Gosnell,Don Rhymer|Darryl Quarles,David T. Friendly|Michael Green,Richard Gibbs
202575,Thunder and the House of Magic,Brianne Siddall|Joey Camen|Elisa Gabrielli|Robin Atkin Downes|Shanelle Workman,22,Ben Stassen|Jeremy Degruson,Ben Stassen|Ben Stassen|Dominic Paris|James Flynn,Nadia Khamlichi|Ben Stassen,
71469,The Darkest Hour,Emile Hirsch|Rachael Taylor|Olivia Thirlby|Joel Kinnaman|Max Minghella,15,Chris Gorak,Jon Spaihts|M.T. Ahern,Timur Bekmambetov|Tom Jacobson,
85446,Step Up Revolution,Kathryn McCormick|Ryan Guzman|Stephen Boss|Megan Boone|Jessica Guadix,12,Scott Speer,Amanda Brody,Patrick Wachsberger|Erik Feig|Adam Shankman|Jennifer Gibgot,
326,Snakes on a Plane,Samuel L. Jackson|Julianna Margulies|Kenan Thompson|Nathan Phillips|Rachel Blanchard,19,David R. Ellis,Sebastian Gutierrez|John Heffernan|John Heffernan|David Dalessandro,,Trevor Rabin
10685,The Watcher,James Spader|Keanu Reeves|Marisa Tomei|Ernie Hudson|Chris Ellis,15,Joe Charbanic,David Elliot,Christopher Eberts,
7220,The Punisher,Thomas Jane|John Travolta|Will Patton|Roy Scheider|Laura Harring,33,Jonathan Hensleigh,Jonathan Hensleigh|Michael France,Gale Anne Hurd|Avi Arad,
9763,Goal!: The Dream Begins,Kuno Becker|Alessandro Nivola|Anna Friel|Stephen Dillane|Gary Lewis,17,Danny Cannon,Dick Clement|Ian La Frenais|Mike Jefferies|Mike Jefferies|Adrian Butchart,Mark Huffam|Mike Jefferies|Matt Barrelle,Graeme Revell
72387,Safe,Jason Statham|Chris Sarandon|James Hong|Catherine Chan|Robert John Burke,15,Boaz Yakin,Boaz Yakin,Lawrence Bender|Dana Brunetti|Joseph Zolfo|John R. Woodward,Mark Mothersbaugh
12596,Pushing Tin,John Cusack|Billy Bob Thornton|Cate Blanchett|Angelina Jolie|Gene Dinovi,5,Mike Newell,Glen Charles|Les Charles,Art Linson,Anne Dudley|Chris Seefried
1892,Return of the Jedi,Mark Hamill|Harrison Ford|Carrie Fisher|Billy Dee Williams|Anthony Daniels,128,Richard Marquand,George Lucas|George Lucas|Lawrence Kasdan,Howard G. Kazanjian,John Williams
13460,Doomsday,Rhona Mitra|Bob Hoskins|Malcolm McDowell|Alexander Siddig|David O'Hara,56,Neil Marshall,Neil Marshall,Steven Paul|Benedict Carver,Tyler Bates
8055,The Reader,Kate Winslet|Ralph Fiennes|David Kross|Jeanette Hain|Bruno Ganz,26,Stephen Daldry,David Hare,Sydney Pollack|Anthony Minghella|Redmond Morris|Donna Gigliotti,Nico Muhly
50647,Wanderlust,Paul Rudd|Jennifer Aniston|Justin Theroux|Malin Åkerman|Lauren Ambrose,31,David Wain,David Wain|Ken Marino,David Wain|Judd Apatow,Craig Wedren
10719,Elf,Will Ferrell|James Caan|Zooey Deschanel|Mary Steenburgen|Daniel Tay,24,Jon Favreau,David Berenbaum,Shauna Robertson|Todd Komarnicki|Jon Berg,John Debney
9294,Phenomenon,John Travolta|Kyra Sedgwick|Forest Whitaker|Robert Duvall|Jeffrey DeMunn,16,Jon Turteltaub,Gerald Di Pego,Michael Taylor|Barbara Boyle,
11888,Snow Dogs,Jim Belushi|Cuba Gooding Jr.|James Coburn|M. Emmet Walsh|Sisqó,9,Brian Levant,Michael Goldberg|Mark Gibson,Mel Gibson|Casey Grant,John Debney
9647,Scrooged,Bill Murray|Karen Allen|John Forsythe|Bobcat Goldthwait|Carol Kane,34,Richard Donner,Michael O'Donoghue|Mitch Glazer,Art Linson|Richard Donner,
9353,Nacho Libre,Jack Black|Ana de la Reguera|Héctor Jiménez|Darius Rose|Moisés Arias,11,Jared Hess,Mike White|Jared Hess|Jerusha Hess,Jack Black|Mike White,
55721,Bridesmaids,Kristen Wiig|Rose Byrne|Maya Rudolph|Wendi McLendon-Covey|Ellie Kemper,27,Paul Feig,Kristen Wiig|Annie Mumolo,Clayton Townsend|Barry Mendel|Judd Apatow,Michael Andrews
109414,This Is the End,James Franco|Jonah Hill|Seth Rogen|Jay Baruchel|Danny McBride,27,Seth Rogen|Evan Goldberg,Seth Rogen|Evan Goldberg,Seth Rogen|Evan Goldberg|James Weaver,Henry Jackman
10307,Stigmata,Patricia Arquette|Gabriel Byrne|Jonathan Pryce|Nia Long|Thomas Kopache,15,Rupert Wainwright,Tom Lazarus|Rick Ramage,Frank Mancuso Jr.,Elia Cmiral|Billy Corgan
11978,Men of Honor,Robert De Niro|Cuba Gooding Jr.|Charlize Theron|Aunjanue Ellis|Hal Holbrook,11,"George Tillman, Jr.",Scott Marshall Smith,Bill Badalato|Robert Teitel,
22907,Takers,Chris Brown|Hayden Christensen|Matt Dillon|Michael Ealy|Idris Elba,18,John Luessenhop,Gabriel Casseus|John Luessenhop|Avery Duff|Peter Allen,,
87567,The Big Wedding,Robert De Niro|Diane Keaton|Katherine Heigl|Amanda Seyfried|Topher Grace,24,Justin Zackham,Justin Zackham,Justin Zackham|Harry J. Ufland|Richard Salvatore|Clay Pecorin,Nathan Barr
38322,"Big Mommas: Like Father, Like Son",Martin Lawrence|Brandon T. Jackson|Portia Doubleday|Mari Morrow|Faizon Love,67,John Whitesell,Don Rhymer|Matt Fogel|Matt Fogel,David T. Friendly|Michael Green,David Newman
45612,Source Code,Jake Gyllenhaal|Michelle Monaghan|Vera Farmiga|Russell Peters|Michael Arden,24,Duncan Jones,Ben Ripley,Mark Gordon|Philippe Rousselet|Jordan Wynn,Chris Bacon
7305,Alive,Ethan Hawke|Vincent Spano|Josh Hamilton|Bruce Ramsay|John Newton,40,Frank Marshall,John Patrick Shanley,Kathleen Kennedy|Robert Watts,James Newton Howard
3594,The Number 23,Jim Carrey|Virginia Madsen|Logan Lerman|Danny Huston|Lynn Collins,17,Joel Schumacher,Fernley Phillips,Beau Flynn|Tripp Vinson,Harry Gregson-Williams
157841,The Young and Prodigious T.S. Spivet,Kyle Catlett|Helena Bonham Carter|Judy Davis|Callum Keith Rennie|Niamh Wilson,35,Jean-Pierre Jeunet,Jean-Pierre Jeunet|Guillaume Laurant,Jean-Pierre Jeunet|Frédéric Brillion|Gilles Legrand,Denis Sanacore
11519,1941,Dan Aykroyd|Ned Beatty|John Belushi|Lorraine Gary|Murray Hamilton,36,Steven Spielberg,Robert Zemeckis|John Milius,Buzz Feitshans,
12920,Dreamer: Inspired By a True Story,Kurt Russell|Dakota Fanning|Kris Kristofferson|Elisabeth Shue|David Morse,7,John Gatins,John Gatins,,John Debney
59,A History of Violence,Viggo Mortensen|Maria Bello|Heidi Hayes|Ashton Holmes|William Hurt,15,David Cronenberg,Josh Olson,Chris Bender|J.C. Spink,Howard Shore
9335,Transporter 2,Jason Statham|Amber Valletta|Kate Nauta|Alessandro Gassman|François Berléand,10,Louis Leterrier,,Luc Besson|Steve Chasman,Alexandre Azaria
12106,The Quick and the Dead,Sharon Stone|Gene Hackman|Russell Crowe|Leonardo DiCaprio|Tobin Bell,16,Sam Raimi,Simon Moore,Patrick Markey|Allen Shapiro|Joshua Donen,
11141,Laws of Attraction,Pierce Brosnan|Julianne Moore|Michael Sheen|Parker Posey|Frances Fisher,7,Peter Howitt,Aline Brosh McKenna|Aline Brosh McKenna|Robert Harling,Marc Turtletaub|David T. Friendly|Beau St. Clair|David Bergstein|Julie Durk,Ed Shearmur
8649,Bringing Out the Dead,Nicolas Cage|Patricia Arquette|John Goodman|Ving Rhames|Tom Sizemore,18,Martin Scorsese,Paul Schrader,Scott Rudin|Barbara De Fina,Elmer Bernstein
31867,Repo Men,Jude Law|Forest Whitaker|Alice Braga|Liev Schreiber|Carice van Houten,15,Miguel Sapochnik,Garrett Lerner,Scott Stuber|Mary Parent,
10253,Dragon Wars: D-War,Jason Behr|Robert Forster|Aimee Garcia|Chris Mulkey|Elizabeth Peña,22,Shim Hyung-Rae,,James B. Kang,Steve Jablonsky
3587,Bogus,Whoopi Goldberg|Gérard Depardieu|Haley Joel Osment|Ute Lemper|Andrea Martin,9,Norman Jewison,Alvin Sargent,Arnon Milchan|Norman Jewison|Jeff Rothberg,Marc Shaiman
124459,The Incredible Burt Wonderstone,Steve Carell|Jim Carrey|Steve Buscemi|Olivia Wilde|James Gandolfini,15,Don Scardino,John Francis Daley|Chad Kultgen,Chris Bender|Steve Carell|Jake Weiner|Tyler Mitchell,
24662,Cats Don't Dance,Scott Bakula|Jasmine Guy|Natalie Cole|Ashley Peldon|Lindsay Ridgeway,5,Mark Dindal,Cinco Paul|Mark Dindal|David Womersley|Theresa Cullen|Elana Lesser,,
32274,Cradle Will Rock,Hank Azaria|Rubén Blades|Joan Cusack|John Cusack|Bill Murray,20,Tim Robbins,Tim Robbins,Tim Robbins|Jon Kilik|Lydia Dean Pilcher,David Robbins
182,The Good German,George Clooney|Cate Blanchett|Tobey Maguire|Tony Curran|Leland Orser,15,Steven Soderbergh,Paul Attanasio,,
5494,George and the Dragon,James Purefoy|Piper Perabo|Patrick Swayze|Michael Clarke Duncan|Bill Treacher,16,Tom Reeve,Tom Reeve|Michael Burks,Todd Moyer|Romain Schroeder,Gast Waltzing
28,Apocalypse Now,Martin Sheen|Marlon Brando|Robert Duvall|Frederic Forrest|Sam Bottoms,36,Francis Ford Coppola,Francis Ford Coppola|John Milius|Michael Herr,Francis Ford Coppola|Gray Frederickson|Fred Roos|Tom Sternberg|John Ashley,Carmine Coppola
38073,Going the Distance,Drew Barrymore|Justin Long|Charlie Day|Jason Sudeikis|Christina Applegate,26,Nanette Burstein,Geoff LaTulippe,Adam Shankman|Jennifer Gibgot|Garrett Grant,Mychael Danna
2054,Mr. Holland's Opus,Richard Dreyfuss|Glenne Headly|Jay Thomas|Olympia Dukakis|William H. Macy,16,Stephen Herek,Patrick Sheane Duncan,Ted Field|Robert W. Cort|Michael Nolin,Michael Kamen
302156,Criminal,Kevin Costner|Gary Oldman|Tommy Lee Jones|Ryan Reynolds|Jordi Mollà,62,Ariel Vromen,David Weisberg|Douglas Cook,Chris Bender|Boaz Davidson|Avi Lerner|J.C. Spink|John Thompson,Brian Tyler
606,Out of Africa,Meryl Streep|Robert Redford|Klaus Maria Brandauer|Michael Kitchen|Malick Bowens,17,Sydney Pollack,Kurt Luedtke,Sydney Pollack,John Barry
87502,Flight,Denzel Washington|Don Cheadle|Bruce Greenwood|Kelly Reilly|John Goodman,18,Robert Zemeckis,John Gatins,Robert Zemeckis|Steve Starkey|Walter F. Parkes|Laurie MacDonald|Jack Rapke,Alan Silvestri
698,Moonraker,Roger Moore|Lois Chiles|Michael Lonsdale|Corinne Cléry|Richard Kiel,19,Lewis Gilbert,Christopher Wood,Albert R. Broccoli|William P. Cartlidge,John Barry
120467,The Grand Budapest Hotel,Ralph Fiennes|Tony Revolori|F. Murray Abraham|Mathieu Amalric|Adrien Brody,99,Wes Anderson,Wes Anderson|Wes Anderson|Stefan Zweig|Hugo Guinness,Scott Rudin|Wes Anderson|Jeremy Dawson|Steven M. Rales,Alexandre Desplat
11313,Hearts in Atlantis,Anthony Hopkins|Anton Yelchin|Hope Davis|Mika Boorem|David Morse,14,Scott Hicks,William Goldman|Stephen King,Kerry Heysen,Mychael Danna
6488,Arachnophobia,Jeff Daniels|Harley Jane Kozak|Garette Ratliff Henson|Marlene Katz|Julian Sands,32,Frank Marshall,Wesley Strick|Don Jakoby,Kathleen Kennedy|Richard Vane,Trevor Jones
10559,Frequency,Dennis Quaid|Jim Caviezel|Andre Braugher|Elizabeth Mitchell|Noah Emmerich,20,Gregory Hoblit,Toby Emmerich,Hawk Koch|Gregory Hoblit|Toby Emmerich|Bill Carraro,Michael Kamen
296099,Vacation,Ed Helms|Christina Applegate|Skyler Gisondo|Steele Stebbins|Chris Hemsworth,45,John Francis Daley|Jonathan M. Goldstein,John Francis Daley|Jonathan M. Goldstein,Chris Bender|David Dobkin,Mark Mothersbaugh
8012,Get Shorty,John Travolta|Gene Hackman|Rene Russo|Danny DeVito|Dennis Farina,16,Barry Sonnenfeld,Scott Frank,Danny DeVito|Michael Shamberg|Stacey Sher,John Lurie
1574,Chicago,Catherine Zeta-Jones|Renée Zellweger|Queen Latifah|Richard Gere|Christine Baranski,20,Rob Marshall,Bill Condon|Bob Fosse,Martin Richards,Danny Elfman
9032,Big Daddy,Adam Sandler|Joey Lauren Adams|Kristy Swanson|Cole Sprouse|Jon Stewart,20,Dennis Dugan,Adam Sandler|Tim Herlihy|Steve Franks|Steve Franks,Sid Ganis|Jack Giarraputo,Teddy Castellucci
2770,American Pie 2,Jason Biggs|Thomas Ian Nicholas|Chris Klein|Seann William Scott|Eddie Kaye Thomas,89,J.B. Rogers,Adam Herz|David H. Steinberg,Chris Moore|Craig Perry|Warren Zide,David Lawrence
862,Toy Story,Tom Hanks|Tim Allen|Don Rickles|Jim Varney|Wallace Shawn,13,John Lasseter,Andrew Stanton|Joss Whedon|Joel Cohen|Alec Sokolow,Bonnie Arnold|Ralph Guggenheim,
1637,Speed,Keanu Reeves|Dennis Hopper|Sandra Bullock|Joe Morton|Jeff Daniels,58,Jan de Bont,Graham Yost,Mark Gordon,Mark Mancina
72570,The Vow,Rachel McAdams|Channing Tatum|Sam Neill|Scott Speedman|Jessica Lange,14,Michael Sucsy,Marc Silverstein,Jonathan Glickman,
27569,Extraordinary Measures,Harrison Ford|Brendan Fraser|Keri Russell|Courtney B. Vance|Meredith Droeger,25,Tom Vaughan,Robert Nelson Jacobs,Michael Shamberg|Stacey Sher|Carla Santos Shamberg,Andrea Guerra
10637,Remember the Titans,Denzel Washington|Will Patton|Ryan Hurst|Wood Harris|Hayden Panettiere,67,Boaz Yakin,Gregory Allen Howard,Jerry Bruckheimer,Trevor Rabin
1669,The Hunt for Red October,Alec Baldwin|Sean Connery|Scott Glenn|Sam Neill|James Earl Jones,32,John McTiernan,Larry Ferguson|Donald Stewart,Mace Neufeld,Basil Poledouris
132363,The Butler,Forest Whitaker|David Banner|Michael Rainey Jr.|LaJessie Smith|Mariah Carey,28,Lee Daniels,Danny Strong,Laura Ziskin|Lee Daniels|Cassian Elwes|Buddy Patrick,Rodrigo Leão
9472,DodgeBall: A True Underdog Story,Vince Vaughn|Christine Taylor|Ben Stiller|Rip Torn|Justin Long,19,Rawson Marshall Thurber,,Ben Stiller|Stuart Cornfeld,Theodore Shapiro
2907,The Addams Family,Raúl Juliá|Anjelica Huston|Christopher Lloyd|Christina Ricci|Carel Struycken,19,Barry Sonnenfeld,Caroline Thompson|Larry Wilson,Scott Rudin,Marc Shaiman
9273,Ace Ventura: When Nature Calls,Jim Carrey|Ian McNeice|Simon Callow|Maynard Eziashi|Bob Gunton,15,Steve Oedekerk,Steve Oedekerk,James G. Robinson|Bob Israel|Andrew G. La Marca,Robert Folk
9880,The Princess Diaries,Anne Hathaway|Julie Andrews|Heather Matarazzo|Robert Schwartzman|Héctor Elizondo,85,Garry Marshall,Gina Wendkos,Whitney Houston|Mario Iscovich|Debra Martin Chase,John Debney
2925,The First Wives Club,Goldie Hawn|Bette Midler|Diane Keaton|Maggie Smith|Dan Hedaya,24,Hugh Wilson,Robert Harling,Scott Rudin,
807,Se7en,Brad Pitt|Morgan Freeman|Gwyneth Paltrow|John C. McGinley|Kevin Spacey,49,David Fincher,Andrew Kevin Walker,Arnold Kopelson|Phyllis Carlyle,Howard Shore
17654,District 9,Sharlto Copley|Jason Cope|Nathalie Boltt|Sylvaine Strike|Elizabeth Mkandawie,43,Neill Blomkamp,Neill Blomkamp|Terri Tatchell,Peter Jackson|Carolynne Cunningham,
11836,The SpongeBob SquarePants Movie,Tom Kenny|Clancy Brown|Rodger Bumpass|Bill Fagerbakke|Carolyn Lawrence,10,Stephen Hillenburg,Stephen Hillenburg,Julia Pistor|Albie Hecht|Stephen Hillenburg|Derek Drymon|Gina Shay,Gregor Narholz
322,Mystic River,Sean Penn|Tim Robbins|Kevin Bacon|Laurence Fishburne|Marcia Gay Harden,24,Clint Eastwood,,Clint Eastwood|Judie Hoyt|Robert Lorenz,Clint Eastwood
70,Million Dollar Baby,Clint Eastwood|Hilary Swank|Morgan Freeman|Jay Baruchel|Mike Colter,49,Clint Eastwood,Paul Haggis|F.X. Toole,Clint Eastwood|Paul Haggis|Tom Rosenberg|Albert S. Ruddy,Clint Eastwood
9535,Analyze This,Robert De Niro|Billy Crystal|Lisa Kudrow|Chazz Palminteri|Joe Viterelli,21,Harold Ramis,Harold Ramis|Peter Tolan|Kenneth Lonergan,Jane Rosenthal|Paula Weinstein,Howard Shore
11036,The Notebook,Rachel McAdams|Ryan Gosling|Gena Rowlands|James Garner|Sam Shepard,39,Nick Cassavetes,Jeremy Leven|Jan Sardi,Lynn Harris|Mark Johnson,Aaron Zigman
6557,27 Dresses,Katherine Heigl|James Marsden|Malin Åkerman|Judy Greer|Edward Burns,31,Anne Fletcher,Aline Brosh McKenna,Roger Birnbaum|Gary Barber|Jonathan Glickman,
18126,Hannah Montana: The Movie,Miley Cyrus|Billy Ray Cyrus|Emily Osment|Jason Earles|Taylor Swift,15,Peter Chelsom,Dan Berendsen,Miles Millar|Alfred Gough|Billy Ray Cyrus,
16340,Rugrats in Paris: The Movie,E.G. Daily|Susan Sarandon|John Lithgow|Tara Strong|Cheryl Chase,19,Stig Bergqvist,J. David Stem|David N. Weiss|Kate Boutilier|Jill Gorey|Barbara Herndon,,
10333,The Prince of Tides,Nick Nolte|Barbra Streisand|Blythe Danner|Kate Nelligan|Jeroen Krabbé,9,Barbra Streisand,Becky Johnston|Pat Conroy,Barbra Streisand|Andrew S. Karsch,James Newton Howard
4476,Legends of the Fall,Brad Pitt|Anthony Hopkins|Aidan Quinn|Julia Ormond|Henry Thomas,25,Edward Zwick,William D. Wittliff|Susan Shilliday,Edward Zwick|Marshall Herskovitz|William D. Wittliff,James Horner
22947,Up in the Air,George Clooney|Vera Farmiga|Anna Kendrick|Jason Bateman|Melanie Lynskey,15,Jason Reitman,Jason Reitman|Sheldon Turner,Ivan Reitman|Jason Reitman|Daniel Dubiecki|Jeffrey Clifford,Rolfe Kent
2755,About Schmidt,Jack Nicholson|Kathy Bates|Hope Davis|Dermot Mulroney|June Squibb,14,Alexander Payne,Alexander Payne,Michael Besman|Harry Gittes,Rolfe Kent
82654,Warm Bodies,Nicholas Hoult|Teresa Palmer|Analeigh Tipton|Rob Corddry|Dave Franco,36,Jonathan Levine,Jonathan Levine,David Hoberman|Todd Lieberman|Laurie Webb|Bruna Papanadrea|Cori Shepherd Stern,
59967,Looper,Joseph Gordon-Levitt|Bruce Willis|Emily Blunt|Paul Dano|Noah Segan,34,Rian Johnson,Rian Johnson,James D. Stern|Ram Bergman,Nathan Johnson
16300,Down to Earth,Chris Rock|Regina King|Chazz Palminteri|Eugene Levy|Frankie Faison,15,Chris Weitz|Paul Weitz,Chris Rock|Louis C.K.|Ali LeRoi|Lance Crouther,,
9598,Babe,Christine Cavanaugh|Miriam Margolyes|Danny Mann|Hugo Weaving|Miriam Flynn,18,Chris Noonan,George Miller|Chris Noonan,George Miller|Doug Mitchell|Bill Miller,Nigel Westlake
82696,Hope Springs,Meryl Streep|Steve Carell|Tommy Lee Jones|Jean Smart|Marin Ireland,15,David Frankel,Vanessa Taylor,Todd Black|Kelli Konop|Guymon Casady|Chris Coggins|Lance Johnson,
9870,Forgetting Sarah Marshall,Jason Segel|Kristen Bell|Mila Kunis|Russell Brand|Bill Hader,26,Nicholas Stoller,Jason Segel,Judd Apatow|Shauna Robertson,
8292,Four Brothers,Mark Wahlberg|Tyrese Gibson|André Benjamin|Garrett Hedlund|Terrence Howard,21,John Singleton,David Elliot|Paul Lovett,Lorenzo di Bonaventura,David Arnold
8780,Baby Mama,Tina Fey|Amy Poehler|Dax Shepard|Sigourney Weaver|Greg Kinnear,19,Michael McCullers,Michael McCullers,John Goldwyn|Lorne Michaels,Jeff Richmond
9715,Hope Floats,Sandra Bullock|Harry Connick Jr.|Gena Rowlands|Mae Whitman|Michael Paré,15,Forest Whitaker,Steven Rogers,,Dave Grusin
10521,Bride Wars,Anne Hathaway|Kate Hudson|Bryan Greenberg|Chris Pratt|Steve Howey,28,Gary Winick,Greg DePaul|Casey Wilson|June Diane Raphael,,
10762,Without a Paddle,Seth Green|Matthew Lillard|Dax Shepard|Antony Starr|Andrew Hampton,22,Steven Brill,Harris Goldberg|Fred Wolf|Tom Nursall|Jay Leggett|Mitch Rouse,Donald De Line,Christophe Beck
10096,13 Going on 30,Jennifer Garner|Mark Ruffalo|Judy Greer|Andy Serkis|Kathy Baker,50,Gary Winick,Josh Goldsmith|Cathy Yuspa,Susan Arnold|Donna Roth|Gina Matthews,Theodore Shapiro
59436,Midnight in Paris,Owen Wilson|Rachel McAdams|Kurt Fuller|Mimi Kennedy|Michael Sheen,43,Woody Allen,Woody Allen|Woody Allen,Letty Aronson|Stephen Tenenbaum|Jaume Roures,
227783,The Nut Job,Will Arnett|Katherine Heigl|Brendan Fraser|Liam Neeson|Stephen Lang,19,Peter Lepeniotis,Lorne Cameron|Peter Lepeniotis|Daniel Woo,,
4133,Blow,Johnny Depp|Penélope Cruz|Ethan Suplee|Ray Liotta|Franka Potente,34,Ted Demme,David McKenna|Nick Cassavetes,Denis Leary|Ted Demme|Joel Stillerman|Tomás Krejcí,Graeme Revell
10207,Message in a Bottle,Kevin Costner|Robin Wright|Paul Newman|John Savage|Illeana Douglas,19,Luis Mandoki,Gerald Di Pego|Nicholas Sparks,Kevin Costner|Denise Di Novi|Jim Wilson,
172,Star Trek V: The Final Frontier,William Shatner|Leonard Nimoy|DeForest Kelley|James Doohan|George Takei,14,William Shatner,David Loughery,Harve Bennett,Jerry Goldsmith
21972,Like Mike,Shad Moss|Morris Chestnut|Jonathan Lipnicki|Brenda Song|Jesse Plemons,13,John Schultz,Michael Elliot|Jordan Moffet,Garrett Grant|Barry Josephson|Peter Heller|Teresa Caldwell|Jermaine Dupri,Richard Gibbs
36593,The Naked Gun 33⅓: The Final Insult,Leslie Nielsen|Priscilla Presley|George Kennedy|O.J. Simpson|Fred Ward,31,Peter Segal,David Zucker|Pat Proft|Robert LoCash,Robert K. Weiss|Robert LoCash|Michael Ewing|William C. Gerrity,Ira Newborn
707,A View to a Kill,Roger Moore|Christopher Walken|Tanya Roberts|Grace Jones|Patrick Macnee,42,John Glen,Richard Maibaum|Michael G. Wilson,Albert R. Broccoli|Tom Pevsner|Michael G. Wilson,John Barry
533,The Curse of the Were-Rabbit,Peter Sallis|Helena Bonham Carter|Ralph Fiennes|Nicholas Smith|Liz Smith,20,Nick Park|Steve Box,Nick Park|Steve Box|Bob Baker|Mark Burton,Nick Park|Peter Lord|David Sproxton|Carla Shelley|Claire Jennings,Julian Nott
6023,P.S. I Love You,Hilary Swank|Gerard Butler|Lisa Kudrow|Harry Connick Jr.|Gina Gershon,23,Richard LaGravenese,Richard LaGravenese|Steven Rogers,Wendy Finerman|Broderick Johnson|Andrew A. Kosove|Molly Smith,John Powell
6439,Racing Stripes,Frankie Muniz|Mandy Moore|Hayden Panettiere|Bruce Greenwood|Wendie Malick,26,Frederik Du Chau,David Schmidt,Broderick Johnson,Mark Isham
4347,Atonement,Keira Knightley|James McAvoy|Romola Garai|Saoirse Ronan|Brenda Blethyn,47,Joe Wright,Christopher Hampton,Tim Bevan|Eric Fellner,Dario Marianelli
37056,Letters to Juliet,Amanda Seyfried|Christopher Egan|Gael García Bernal|Vanessa Redgrave|Franco Nero,17,Gary Winick,José Rivera|Tim Sullivan,Ellen Barkin|Caroline Kaplan|Patrick Wachsberger|Mark Canton|Eric Feig,Andrea Guerra
4105,Black Rain,Michael Douglas|Andy García|Kate Capshaw|Shigeru Kôyama|John Spencer,53,Ridley Scott,,Stanley R. Jaffe|Sherry Lansing,Hans Zimmer
76489,The Three Stooges,Sean Hayes|Will Sasso|Chris Diamantopoulos|Jane Lynch|Sofía Vergara,28,Bobby Farrelly|Peter Farrelly,Bobby Farrelly|Peter Farrelly|Mike Cerrone,Bradley Thomas,John Debney
3933,Corpse Bride,Johnny Depp|Helena Bonham Carter|Emily Watson|Tracey Ullman|Paul Whitehouse,16,Tim Burton|Mike Johnson,John August|Caroline Thompson|Pamela Pettler,Tim Burton|Allison Abbate,Danny Elfman
9918,Glory Road,Josh Lucas|Derek Luke|Jon Voight|Austin Nichols|Evan Jones,20,James Gartner,,Jerry Bruckheimer|Pat Sandston,Trevor Rabin
273481,Sicario,Emily Blunt|Benicio del Toro|Josh Brolin|Victor Garber|Jon Bernthal,41,Denis Villeneuve,Taylor Sheridan,Edward McDonnell|Molly Smith|Basil Iwanyk|Thad Luckinbill|Trent Luckinbill,Jóhann Jóhannsson
307081,Southpaw,Jake Gyllenhaal|Rachel McAdams|Forest Whitaker|Oona Laurence|50 Cent,24,Antoine Fuqua,Kurt Sutter,Steve Tisch|Antoine Fuqua|Alan Riche|Todd Black|Jason Blumenthal,James Horner
16871,Drag Me to Hell,Alison Lohman|Justin Long|Lorna Raver|Dileep Rao|David Paymer,22,Sam Raimi,Sam Raimi|Ivan Raimi,Grant Curtis|Robert Tapert,Christopher Young
293863,The Age of Adaline,Blake Lively|Michiel Huisman|Harrison Ford|Ellen Burstyn|Kathy Baker,35,Lee Toland Krieger,J. Mills Goodloe|J. Mills Goodloe|Salvador Paskowitz|Salvador Paskowitz,Tom Rosenberg|Gary Lucchesi|Sidney Kimmel,Rob Simonsen
13156,Secondhand Lions,Michael Caine|Robert Duvall|Haley Joel Osment|Josh Lucas|Kyra Sedgwick,29,Tim McCanlies,Tim McCanlies,,
41233,Step Up 3D,Rick Malambri|Adam G. Sevani|Joe Slaughter|Sharni Vinson|Alyson Stoner,113,Jon M. Chu,Amy Andelson|Emily Meyer,,
9266,Blue Crush,Kate Bosworth|Matthew Davis|Michelle Rodriguez|Sanoe Lake|Mika Boorem,15,John Stockwell,John Stockwell|Lizzy Weiss,Brian Grazer|Karen Kehela Sherwood,Paul Haslinger
1262,Stranger Than Fiction,Will Ferrell|Maggie Gyllenhaal|Dustin Hoffman|Emma Thompson|Queen Latifah,41,Marc Forster,Zach Helm,,Britt Daniel
4513,30 Days of Night,Josh Hartnett|Melissa George|Ben Foster|Danny Huston|Mark Boone Junior,42,David Slade,Stuart Beattie|Brian Nelson|Steve Niles,Sam Raimi|Robert Tapert|Joseph Drake,Brian Reitzell
22970,The Cabin in the Woods,Kristen Connolly|Chris Hemsworth|Anna Hutchison|Fran Kranz|Jesse Williams,48,Drew Goddard,Joss Whedon|Drew Goddard,Joss Whedon,David Julyan
7278,Meet the Spartans,Sean Maguire|Carmen Electra|Ken Davitian|Kevin Sorbo|Diedrich Bader,10,Jason Friedberg|Aaron Seltzer,Jason Friedberg|Aaron Seltzer,Jason Friedberg|Aaron Seltzer|Peter Safran,
9013,Midnight Run,Robert De Niro|Charles Grodin|Yaphet Kotto|John Ashton|Dennis Farina,8,Martin Brest,George Gallo,Martin Brest,Danny Elfman
865,The Running Man,Arnold Schwarzenegger|Richard Dawson|María Conchita Alonso|Yaphet Kotto|Jim Brown,16,Paul Michael Glaser,,George Linder|Tim Zinnemann,Harold Faltermeyer|Vassal Benford
10776,Little Shop of Horrors,Rick Moranis|Ellen Greene|Vincent Gardenia|Steve Martin|Tisha Campbell-Martin,17,Frank Oz,Howard Ashman,David Geffen,Miles Goodman
50456,Hanna,Saoirse Ronan|Eric Bana|Vicky Krieps|Cate Blanchett|Tom Hollander,18,Joe Wright,David Farr|Seth Lochhead|Seth Lochhead,Leslie Holleran|Marty Adelstein|Scott Nemes,The Chemical Brothers
9823,Mortal Kombat: Annihilation,Robin Shou|Talisa Soto|James Remar|Sandra Hess|Lynn 'Red' Williams,24,John R. Leonetti,Lawrence Kasanoff|Joshua Wexler,Lawrence Kasanoff,
59861,Larry Crowne,Tom Hanks|Julia Roberts|Bryan Cranston|Cedric the Entertainer|Pam Grier,17,Tom Hanks,Tom Hanks|Nia Vardalos|Nia Vardalos,Tom Hanks|Gary Goetzman,James Newton Howard
133805,Carrie,Chloë Grace Moretz|Julianne Moore|Judy Greer|Alex Russell|Portia Doubleday,19,Kimberly Peirce,Lawrence D. Cohen|Roberto Aguirre-Sacasa,Kevin Misher,
12763,Take the Lead,Antonio Banderas|Rob Brown|Yaya DaCosta|Alfre Woodard|John Ortiz,8,Liz Friedlander,Dianne Houston,Diane Nabatoff|Christopher Godsick|Michelle Grace,Aaron Zigman|Swizz Beatz
9766,Gridiron Gang,Dwayne Johnson|Xzibit|L. Scott Caldwell|Leon Rippy|Kevin Dunn,16,Phil Joanou,,Neal H. Moritz|Lee Stanley,Trevor Rabin
14034,What's the Worst That Could Happen?,Martin Lawrence|Danny DeVito|John Leguizamo|Glenne Headly|Carmen Ejogo,14,Sam Weisman,Matthew Chapman,,
12244,9,Christopher Plummer|Martin Landau|John C. Reilly|Crispin Glover|Jennifer Connelly,10,Shane Acker,Pamela Pettler|Shane Acker,Tim Burton|Jim Lemley|Timur Bekmambetov|Dana Ginsburg|Mary Clayton,Danny Elfman
109421,Side Effects,Jude Law|Rooney Mara|Catherine Zeta-Jones|Channing Tatum|Vinessa Shaw,29,Steven Soderbergh,Scott Z. Burns,Lorenzo di Bonaventura|Scott Z. Burns|Gregory Jacobs,Thomas Newman
11137,The Prince & Me,Julia Stiles|Luke Mably|Ben Miller|Miranda Richardson|James Fox,12,Martha Coolidge,Jack Amiel|Michael Begler|Mark Amin|Katherine Fugate|Katherine Fugate,Mark Amin,Jennie Muskett
51162,Winnie the Pooh,Jim Cummings|Travis Oates|Bud Luckey|Craig Ferguson|Tom Kenny,10,Stephen Anderson|Don Hall,Stephen Anderson|Don Hall|Clio Chiang|Kendelle Hoyer|Nicole Mitchell,Peter Del Vecho,Henry Jackman
10152,Dumb and Dumberer: When Harry Met Lloyd,Mimi Rogers|Eric Christian Olsen|Luis Guzmán|Rachel Nichols|Eugene Levy,16,Troy Miller,Troy Miller|Robert Brener,Oren Koules|Charles B. Wessler|Brad Krevoy|Steven Stabler|Troy Miller,Eban Schletter
9452,Bulworth,Warren Beatty|Halle Berry|Sean Astin|Christine Baranski|Adilah Barnes,40,Warren Beatty,Warren Beatty|Jeremy Pikser,Pieter Jan Brugge|Warren Beatty|Lauren Shuler Donner,Ennio Morricone
239566,Get on Up,Chadwick Boseman|Nelsan Ellis|Dan Aykroyd|Viola Davis|Lennie James,63,Tate Taylor,Jez Butterworth|Steven Baigelman|John-Henry Butterworth,Brian Grazer|Mick Jagger|Erica Huggins|Victoria Pearman|Tate Taylor,Thomas Newman
53113,One True Thing,Meryl Streep|Renée Zellweger|William Hurt|Tom Everett Scott|Lauren Graham,7,Carl Franklin,,,
9271,Virtuosity,Denzel Washington|Russell Crowe|Kelly Lynch|William Forsythe|Stephen Spinella,11,Brett Leonard,Eric Bernt,Gary Lucchesi,Christopher Young
4474,My Super Ex-Girlfriend,Uma Thurman|Luke Wilson|Anna Faris|Eddie Izzard|Rainn Wilson,12,Ivan Reitman,Don Payne,Arnon Milchan|Gavin Polone,Teddy Castellucci
184346,Deliver Us from Evil,Eric Bana|Edgar Ramírez|Olivia Munn|Joel McHale|Sean Harris,31,Scott Derrickson,Scott Derrickson|Paul Harris Boardman,Jerry Bruckheimer,
48340,Sanctum,Ioan Gruffudd|Richard Roxburgh|Alice Parkinson|Daniel Wyllie|Allison Cratchley,13,Alister Grierson,Andrew Wight|John Garvin,Andrew Wight|Michael Finley,
14846,Little Black Book,Brittany Murphy|Holly Hunter|Kathy Bates|Ron Livingston|Kevin Sussman,20,Nick Hurran,Melissa Carter,Elaine Goldsmith-Thomas|William Sherak|Jason Shuman|Deborah Schindler,
72207,The Five-Year Engagement,Jason Segel|Emily Blunt|Chris Pratt|Alison Brie|Rhys Ifans,28,Nicholas Stoller,Jason Segel|Nicholas Stoller,,Michael Andrews
16232,Mr. 3000,Bernie Mac|Angela Bassett|Michael Rispoli|Brian J. White|Dondre Whitfield,11,Charles Stone III,Eric Champnella|Eric Champnella|Keith Mitchell|Keith Mitchell|Howard Michael Gould,Roger Birnbaum|Gary Barber|Maggie Wilde,John Powell
43539,The Next Three Days,Russell Crowe|Elizabeth Banks|Brian Dennehy|RZA|Moran Atias,42,Paul Haggis,Paul Haggis|Fred Cavayé|Guillaume Lemans,Paul Haggis|Michael Nozik|Olivier Delbosc|Marc Missonnier|Eugénie Grandval,Danny Elfman
9920,Ultraviolet,Milla Jovovich|Cameron Bright|Nick Chinlund|Sebastien Andrieu|Ida Martin,21,Kurt Wimmer,Kurt Wimmer,John Baldecchi,
8978,Assault on Precinct 13,Ethan Hawke|Laurence Fishburne|Gabriel Byrne|Maria Bello|Drea de Matteo,24,Jean-François Richet,John Carpenter|James DeMonaco,Pascal Caucheteux|Jeffrey Silver|Stephane Sperry,Graeme Revell
11702,The Replacement Killers,Chow Yun-fat|Mira Sorvino|Michael Rooker|Kenneth Tsang|Jürgen Prochnow,13,Antoine Fuqua,Ken Sanzel,Brad Grey|Bernie Brillstein,Harry Gregson-Williams
18550,Fled,Laurence Fishburne|Stephen Baldwin|Salma Hayek|Will Patton|Robert John Burke,15,Kevin Hooks,Preston A. Whitmore II,,
8869,Eight Legged Freaks,David Arquette|Kari Wuhrer|Scott Terra|Scarlett Johansson|Doug E. Doug,23,Ellory Elkayem,Ellory Elkayem|Ellory Elkayem|Jesse Alexander|Randy Kornfield,Bruce Berman|Dean Devlin,John Ottman
43347,Love & Other Drugs,Jake Gyllenhaal|Anne Hathaway|Oliver Platt|Hank Azaria|Gabriel Macht,21,Edward Zwick,Charles Randolph,,James Newton Howard
3489,88 Minutes,Al Pacino|Alicia Witt|Leelee Sobieski|Amy Brenneman|William Forsythe,15,Jon Avnet,Gary Scott Thompson,Gary Scott Thompson|Avi Lerner|George Furla|Randall Emmett|Jon Avnet,Ed Shearmur
9701,North Country,Charlize Theron|Elle Peterson|Thomas Curtis|Frances McDormand|Sean Bean,17,Niki Caro,,Nick Wechsler,Gustavo Santaolalla
2122,The Whole Ten Yards,Bruce Willis|Matthew Perry|Amanda Peet|Kevin Pollak|Frank Collison,10,Howard Deutch,George Gallo,Arnold Rifkin|Elie Samaha|Allan Kaufman|David Willis,John Debney
37707,Splice,Adrien Brody|Sarah Polley|Delphine Chanéac|David Hewlett|Abigail Chu,8,Vincenzo Natali,Vincenzo Natali|Doug Taylor|Antoinette Terry Bryant,Guillermo del Toro|Steven Hoban|Franck Chorot,
10658,Howard the Duck,Lea Thompson|Jeffrey Jones|Tim Robbins|Ed Gale|Holly Robinson Peete,10,Willard Huyck,Willard Huyck|Gloria Katz,Gloria Katz,John Barry
13150,Pride and Glory,Edward Norton|Jon Voight|Colin Farrell|Noah Emmerich|Jennifer Ehle,18,Gavin O'Connor,Joe Carnahan|Gavin O'Connor|Gavin O'Connor|Greg O'Connor|Robert Hopes,Greg O'Connor|Robert Hopes|Josh Fagin,Mark Isham
9042,The Cave,Cole Hauser|Eddie Cibrian|Morris Chestnut|Lena Headey|Piper Perabo,15,Bruce Hunt,Tegan West,Tom Rosenberg|Michael Steinberg,
17813,Alex & Emma,Luke Wilson|Kate Hudson|Sophie Marceau|David Paymer|Paul Wilson,22,Rob Reiner,Jeremy Leven,,Marc Shaiman
11208,Wicker Park,Josh Hartnett|Rose Byrne|Matthew Lillard|Diane Kruger|Christopher Cousins,12,Paul McGuigan,Brandon Boyce,Tom Rosenberg|Gary Lucchesi|Marcus Viscidi|Andre Lamal,Cliff Martinez
58151,Fright Night,Anton Yelchin|Colin Farrell|Toni Collette|Christopher Mintz-Plasse|David Tennant,16,Craig Gillespie,Marti Noxon,Michael De Luca|Alison R. Rosenzweig,
11400,The New World,Colin Farrell|Q'orianka Kilcher|Christopher Plummer|Christian Bale|August Schellenberg,15,Terrence Malick,Terrence Malick,Sarah Green,James Horner
10350,Wing Commander,Freddie Prinze Jr.|Saffron Burrows|Matthew Lillard|Tchéky Karyo|Jürgen Prochnow,15,Christopher Roberts,Christopher Roberts,Donna Burkons|Joseph Newton Cohen,David Arnold|Kevin Kiner
28902,In Dreams,Annette Bening|Aidan Quinn|Stephen Rea|Robert Downey Jr.|Paul Guilfoyle,12,Neil Jordan,Bruce Robinson|Neil Jordan,Stephen Woolley|Charles Burke,Elliot Goldenthal
14164,Dragonball Evolution,Chow Yun-fat|Justin Chatwin|Joon Park|Jamie Chung|Emmy Rossum,15,James Wong,Ben Ramsey|Akira Toriyama,Stephen Chow,
76640,The Last Stand,Arnold Schwarzenegger|Forest Whitaker|Rodrigo Santoro|Johnny Knoxville|Jaimie Alexander,18,Kim Jee-woon,George Nolfi|Jeffrey Nachmanoff|Andrew Knauer|Andrew Knauer,Lorenzo di Bonaventura,Mowg
11058,Godsend,Greg Kinnear|Rebecca Romijn|Robert De Niro|Cameron Bright|Zoie Palmer,8,Nick Hamm,Mark Bomback,Cathy Schulman|Marc Butan|Sean O'Keefe,Brian Tyler
14844,Chasing Liberty,Mandy Moore|Stark Sands|Tony Jayawardena|Jeremy Piven|Annabella Sciorra,11,Andy Cadiff,,David Parfitt|Broderick Johnson|Andrew A. Kosove,
57089,Hoodwinked Too! Hood VS. Evil,Hayden Panettiere|Bill Hader|Joan Cusack|Patrick Warburton|Glenn Close,15,Mike Disa,Cory Edwards|Mike Disa,,
1947,An Unfinished Life,Robert Redford|Jennifer Lopez|Morgan Freeman|Becca Gardner|Josh Lucas,15,Lasse Hallström,Mark Spragg|Virginia Korus Spragg,"Alan Ladd, Jr.|Leslie Holleran|Kelliann Ladd",
8054,The Imaginarium of Doctor Parnassus,Christopher Plummer|Heath Ledger|Johnny Depp|Jude Law|Colin Farrell,24,Terry Gilliam,Terry Gilliam|Charles McKeown,,
46829,Barney's Version,Paul Giamatti|Dustin Hoffman|Rosamund Pike|Minnie Driver|Rachelle Lefevre,10,Richard J. Lewis,Michael Konyves,Robert Lantos,Pasquale Catalano
146238,Runner Runner,Ben Affleck|Gemma Arterton|Justin Timberlake|Anthony Mackie|David Costabile,19,Brad Furman,Brian Koppelman|David Levien,Leonardo DiCaprio,Christophe Beck
9989,Antitrust,Ryan Phillippe|Rachael Leigh Cook|Tim Robbins|Claire Forlani|Richard Roundtree,20,Peter Howitt,Howard Franklin,Nick Wechsler|Keith Addis|David Nicksay,Don Davis
9665,Glory,Matthew Broderick|Denzel Washington|Cary Elwes|Morgan Freeman|Jihmi Kennedy,17,Edward Zwick,Kevin Jarre,Freddie Fields,James Horner
311,Once Upon a Time in America,Robert De Niro|James Woods|Elizabeth McGovern|Joe Pesci|Burt Young,38,Sergio Leone,Sergio Leone|Franco Ferrini|Franco Arcalli|Enrico Medioli|Ernesto Gastaldi,Arnon Milchan,Ennio Morricone
102362,Dead Man Down,Colin Farrell|Noomi Rapace|Terrence Howard|Dominic Cooper|Isabelle Huppert,36,Niels Arden Oplev,J.H. Wyman,Neal H. Moritz|J.H. Wyman,
11162,The Merchant of Venice,Al Pacino|Jeremy Irons|Joseph Fiennes|Lynn Collins|Zuleikha Robinson,15,Michael Radford,Michael Radford,Cary Brokaw|Michael Cowan|Jason Piette|Barry Navidi,Jocelyn Pook
6016,The Good Thief,Nick Nolte|Tchéky Karyo|Nutsa Kukhianidze|Marc Lavoine|Saïd Taghmaoui,15,Neil Jordan,Jean-Pierre Melville|Neil Jordan,Stephen Woolley|Seaton McLean|John Wells,Elliot Goldenthal
17186,Supercross,Steve Howey|Mike Vogel|Cameron Richardson|Sophia Bush|Channing Tatum,13,Steve Boyum,Bart Baker|Ken Solarz|Keith Alan Bernstein,Richard Gabai|J. Todd Harris,
13967,Miss Potter,Ewan McGregor|Renée Zellweger|Emily Watson|Barbara Flynn|Bill Paterson,25,Chris Noonan,Richard Maltby,David Kirschner|Mike Medavoy|Arnold Messer|David Thwaites|Corey Sienega,
2008,The Promise,Cecilia Cheung|Liu Ye|Hong Chen|Cheng Qian|Jang Dong-gun,6,Chen Kaige,Chen Kaige,Dong-ju Kim|Han Sanping|Ernst Etchie Stroh|Dong-ming Shi|Hong Chen,Klaus Badelt
9053,DOA: Dead or Alive,Jaime Pressly|Devon Aoki|Holly Valance|Sarah Carter|Natassia Malthe,18,Corey Yuen Kwai,,Paul W.S. Anderson,
4512,The Assassination of Jesse James by the Coward Robert Ford,Brad Pitt|Casey Affleck|Sam Shepard|Mary-Louise Parker|Paul Schneider,20,Andrew Dominik,Andrew Dominik,David Valdes|Brad Pitt|Ridley Scott|Dede Gardner|Jules Daly,
76349,1911,Jackie Chan|Li Bingbing|Joan Chen|Jaycee Chan|Sun Chun,22,Jackie Chan|张立 | Zhang Li,Wang Xing-Dong|Chen Bao-Guang,,
31203,Little Nicholas,Maxime Godart|Valérie Lemercier|Kad Merad|Sandrine Kiberlain|François-Xavier Demaison,33,Laurent Tirard,Alain Chabat|Grégoire Vigneron|Laurent Tirard,,Klaus Badelt
265208,Wild Card,Jason Statham|Michael Angarano|Milo Ventimiglia|Dominik García-Lorido|Anne Heche,25,Simon West,William Goldman,Steve Chasman,Dario Marianelli
45610,Machine Gun Preacher,Gerard Butler|Michelle Monaghan|Kathy Baker|Richard Goteri|Peter Carey,33,Marc Forster,Jason Keller,Marc Forster|Robbie Brenner|Craig Chapman|Deborah Giarratana|Gary Safady,Asche & Spencer|Thad Spencer
50135,Animals United,Christoph Maria Herbst|Ralf Schmitz|Thomas Fritsch|Bastian Pastewka|Oliver Kalkofe,7,Reinhard Klooss|Holger Tappe,Reinhard Klooss|Oliver Huzly|Sven Severin,,David Newman
1874,Goodbye Bafana,Joseph Fiennes|Dennis Haysbert|Diane Kruger|Shiloh Henderson|Patrick Lyster,5,Bille August,Greg Latter,Andro Steinborn|Ilann Girard|Jean-Luc Van Damme|David Wicht,Dario Marianelli
271331,United Passions,Tim Roth|Sam Neill|Thomas Kretschmann|Gérard Depardieu|Jemima West,9,Frédéric Auburtin,Frédéric Auburtin|Jean-Paul Delfino,,
215211,Grace of Monaco,Nicole Kidman|Milo Ventimiglia|Paz Vega|Tim Roth|Parker Posey,26,Olivier Dahan,Arash Amel,Pierre-Ange Le Pogam|Jeremy Burdek|Arash Amel,
367961,Savva. Heart of the Warrior,Maksim Chukharyov|Konstantin Khabenskiy|Mikhail Galustyan|Fyodor Bondarchuk|Natalya Ionova,15,Maksim Fadeev,Gregory Poirier|Aleksandr Chistyakov|Maksim Fadeev,,
10955,Ripley's Game,John Malkovich|Ray Winstone|Uwe Mansshardt|Hanns Zischler|Paolo Paoloni,7,Liliana Cavani,Liliana Cavani,,Ennio Morricone
223702,Sausage Party,Seth Rogen|Kristen Wiig|Jonah Hill|Bill Hader|Michael Cera,34,Conrad Vernon|Greg Tiernan,Jonah Hill|Seth Rogen|Seth Rogen|Evan Goldberg|Evan Goldberg,Conrad Vernon|Seth Rogen|Evan Goldberg|Megan Ellison,Alan Menken|Christopher Lennertz
254470,Pitch Perfect 2,Anna Kendrick|Rebel Wilson|Hailee Steinfeld|Brittany Snow|Skylar Astin,122,Elizabeth Banks,Kay Cannon,Elizabeth Banks|Paul Brooks|Max Handelman,Mark Mothersbaugh
69,Walk the Line,Joaquin Phoenix|Reese Witherspoon|Ginnifer Goodwin|Robert Patrick|Tyler Hilton,45,James Mangold,James Mangold|Gill Dennis,James Keach|Cathy Konrad,T Bone Burnett
4967,Keeping the Faith,Ben Stiller|Edward Norton|Jenna Elfman|Anne Bancroft|Eli Wallach,12,Edward Norton,Stuart Blumberg,Edward Norton|Hawk Koch|Stuart Blumberg,Elmer Bernstein
9449,The Borrowers,John Goodman|Jim Broadbent|Celia Imrie|Tom Felton|Hugh Laurie,15,Peter Hewitt,John Kamps|Gavin Scott,Tim Bevan|Eric Fellner|Rachel Talalay,Harry Gregson-Williams
11499,Frost/Nixon,Michael Sheen|Frank Langella|Kevin Bacon|Sam Rockwell|Mark Simich,25,Ron Howard,Peter Morgan,Brian Grazer|Tim Bevan|Eric Fellner|Ron Howard,Hans Zimmer
4912,Confessions of a Dangerous Mind,Sam Rockwell|Drew Barrymore|Julia Roberts|Rutger Hauer|Brad Pitt,26,George Clooney,Charlie Kaufman,Andrew Lazar,Alex Wurman
12771,Serving Sara,Matthew Perry|Elizabeth Hurley|Vincent Pastore|Bruce Campbell|Cedric the Entertainer,7,Reginald Hudlin,David Ronn|Jay Scherick,Dan Halsted,Marcus Miller
323676,The Boss,Melissa McCarthy|Peter Dinklage|Kristen Bell|Kathy Bates|Kristen Schaal,12,Ben Falcone,Melissa McCarthy|Ben Falcone|Steve Mallory,Will Ferrell|Adam McKay,Christopher Lennertz
12506,Cry Freedom,Denzel Washington|Kevin Kline|Penelope Wilton|Kate Hardie|John Matshikiza,30,Richard Attenborough,John Briley,Richard Attenborough,George Fenton|Jonas Gwangwa
24071,Mumford,Loren Dean|Hope Davis|Jason Lee|Alfre Woodard|Zooey Deschanel,16,Lawrence Kasdan,Lawrence Kasdan,Jon Hutman|Lawrence Kasdan|Charles Okun|Linda Goldstein Knowlton|Stephen P. Dunn,
11249,Seed of Chucky,Brad Dourif|Jennifer Tilly|Billy Boyd|Redman|Hannah Spearritt,14,Don Mancini,Don Mancini,David Kirschner|Corey Sienega,Pino Donaggio
9667,The Jacket,Adrien Brody|Keira Knightley|Kris Kristofferson|Jennifer Jason Leigh|Kelly Lynch,22,John Maybury,,George Clooney|Steven Soderbergh|Peter Guber,Brian Eno
812,Aladdin,Scott Weinger|Robin Williams|Linda Larkin|Jonathan Freeman|Frank Welker,24,Ron Clements|John Musker,Ted Elliott|Terry Rossio|Ron Clements|John Musker|Roger Allers,Ron Clements|John Musker,Alan Menken
277216,Straight Outta Compton,O'Shea Jackson Jr.|Corey Hawkins|Jason Mitchell|Neil Brown Jr.|Aldis Hodge,60,F. Gary Gray,Jonathan Herman|Andrea Berloff|Andrea Berloff|S. Leigh Savidge|Alan Wenkus,Ice Cube|Dr. Dre|F. Gary Gray|Matt Alvarez|Scott Bernstein,Joseph Trapanese
87,Indiana Jones and the Temple of Doom,Harrison Ford|Kate Capshaw|Jonathan Ke Quan|Amrish Puri|Roshan Seth,69,Steven Spielberg,George Lucas|Willard Huyck|Gloria Katz,Robert Watts,John Williams
14444,The Rugrats Movie,Whoopi Goldberg|David Spade|E.G. Daily|Tara Strong|Christine Cavanaugh,13,Norton Virgien|Igor Kovalyov,David N. Weiss,,
2043,Along Came a Spider,Morgan Freeman|Monica Potter|Michael Wincott|Dylan Baker|Mika Boorem,11,Lee Tamahori,Marc Moss,David Brown|Joe Wizan,Jerry Goldsmith
315664,Florence Foster Jenkins,Meryl Streep|Hugh Grant|Rebecca Ferguson|Simon Helberg|Nina Arianda,20,Stephen Frears,Stephen Frears|Nicholas Martin,Michael Kuhn|Tracey Seaward,
1428,Once Upon a Time in Mexico,Antonio Banderas|Salma Hayek|Johnny Depp|Eva Mendes|Mickey Rourke,11,Robert Rodriguez,Robert Rodriguez,Robert Rodriguez|Elizabeth Avellan|Carlos Gallardo,Robert Rodriguez
562,Die Hard,Bruce Willis|Alan Rickman|Alexander Godunov|Bonnie Bedelia|Reginald VelJohnson,47,John McTiernan,Steven E. de Souza|Jeb Stuart,Joel Silver|Lawrence Gordon|Beau Marks,Michael Kamen
15373,Role Models,Seann William Scott|Paul Rudd|Elizabeth Banks|Christopher Mintz-Plasse|Bobb'e J. Thompson,29,David Wain,Paul Rudd|David Wain|W. Blake Herron|Ken Marino|Timothy Dowling,Scott Stuber|Luke Greenfield|Mary Parent,Craig Wedren
318846,The Big Short,Christian Bale|Steve Carell|Ryan Gosling|Brad Pitt|Melissa Leo,103,Adam McKay,Adam McKay|Charles Randolph,Brad Pitt|Arnon Milchan|Dede Gardner|Jeremy Kleiner,Nicholas Britell
26320,Taking Woodstock,Demetri Martin|Imelda Staunton|Henry Goodman|Liev Schreiber|Jonathan Groff,25,Ang Lee,James Schamus,Ang Lee|James Schamus|Patrick Cupo|David Lee|David Sauers,Danny Elfman
14292,Miracle,Kurt Russell|Patricia Clarkson|Noah Emmerich|Sean McCann|Kenneth Welsh,10,Gavin O'Connor,,,
924,Dawn of the Dead,Sarah Polley|Ving Rhames|Jake Weber|Mekhi Phifer|Ty Burrell,20,Zack Snyder,George A. Romero|James Gunn,Richard P. Rubinstein|Marc Abraham|Eric Newman,Tyler Bates
2018,The Wedding Planner,Jennifer Lopez|Matthew McConaughey|Justin Chambers|Joanna Gleason|Lou Myers,17,Adam Shankman,Pamela Falk|Michael Ellis,Peter Abrams|Robert L. Levy|Jennifer Gibgot|Gigi Pritzker,Mervyn Warren
192577,Space Pirate Captain Harlock,Shun Oguri|Haruma Miura|Yu Aoi|Arata Furuta|Ayano Fukuda,10,Shinji Aramaki,Kiyoto Takeuchi|Harutoshi Fukui,,
9428,The Royal Tenenbaums,Gene Hackman|Anjelica Huston|Ben Stiller|Gwyneth Paltrow|Luke Wilson,14,Wes Anderson,Owen Wilson|Wes Anderson,Scott Rudin|Wes Anderson|Barry Mendel,Mark Mothersbaugh
2832,Identity,John Cusack|Ray Liotta|Amanda Peet|John Hawkes|Alfred Molina,22,James Mangold,Michael Cooney,Cathy Konrad,Alan Silvestri
137093,Last Vegas,Robert De Niro|Morgan Freeman|Michael Douglas|Kevin Kline|Mary Steenburgen,17,Jon Turteltaub,Dan Fogelman,Laurence Mark|Joseph Drake|Amy Baer|Matt Leonetti,
699,For Your Eyes Only,Roger Moore|Carole Bouquet|Chaim Topol|Lynn-Holly Johnson|Julian Glover,40,John Glen,Richard Maibaum|Michael G. Wilson,Albert R. Broccoli|Tom Pevsner,Monty Norman|Bill Conti
9778,Serendipity,John Cusack|Kate Beckinsale|Jeremy Piven|Bridget Moynahan|Eugene Levy,19,Peter Chelsom,Marc Klein,Peter Abrams|Simon Fields,
8831,Timecop,Jean-Claude Van Damme|Mia Sara|Ron Silver|Bruce McGill|Gloria Reuben,15,Peter Hyams,Mark Verheiden,Sam Raimi|Moshe Diamant,Mark Isham
9398,Zoolander,Ben Stiller|Owen Wilson|Christine Taylor|Will Ferrell|Milla Jovovich,104,Ben Stiller,Ben Stiller|John Hamburg|Drake Sather,Scott Rudin|Ben Stiller|Stuart Cornfeld,David Arnold
112949,Safe Haven,Julianne Hough|Josh Duhamel|Cobie Smulders|David Lyons|Mike Pniewski,21,Lasse Hallström,Dana Stevens|Gage Lansky,Wyck Godfrey|Marty Bowen|Ryan Kavanaugh,Deborah Lurie
10439,Hocus Pocus,Bette Midler|Sarah Jessica Parker|Kathy Najimy|Omri Katz|Thora Birch,32,Kenny Ortega,David Kirschner|Neil Cuthbert|Mick Garris|Mick Garris,Steven Haft|David Kirschner,John Debney
3638,No Reservations,Catherine Zeta-Jones|Aaron Eckhart|Abigail Breslin|Patricia Clarkson|Jenny Wade,17,Scott Hicks,Carol Fuchs,Kerry Heysen|Sergio Aguero,
23483,Kick-Ass,Aaron Taylor-Johnson|Chloë Grace Moretz|Christopher Mintz-Plasse|Nicolas Cage|Mark Strong,26,Matthew Vaughn,Matthew Vaughn|Jane Goldman,Brad Pitt|Matthew Vaughn|Adam Bohling|Kris Thykier,John Murphy|Ilan Eshkeri|Henry Jackman
62206,30 Minutes or Less,Jesse Eisenberg|Danny McBride|Aziz Ansari|Bianca Kajlich|Nick Swardson,15,Ruben Fleischer,Michael Diliberti,,
10577,Dracula 2000,Gerard Butler|Christopher Plummer|Jonny Lee Miller|Justine Waddell|Jennifer Esposito,13,Patrick Lussier,Joel Soisson,Joel Soisson|W.K. Border,Marco Beltrami
218778,"Alexander and the Terrible, Horrible, No Good, Very Bad Day",Steve Carell|Jennifer Garner|Ed Oxenbould|Dylan Minnette|Kerris Dorsey,35,Miguel Arteta,Rob Lieber,Shawn Levy|Lisa Henson|Daniel S. Levine,Christophe Beck
4348,Pride & Prejudice,Keira Knightley|Matthew Macfadyen|Rosamund Pike|Simon Woods|Donald Sutherland,19,Joe Wright,Deborah Moggach,Tim Bevan|Eric Fellner|Paul Webster,Dario Marianelli
78,Blade Runner,Harrison Ford|Rutger Hauer|Sean Young|Edward James Olmos|M. Emmet Walsh,19,Ridley Scott,Hampton Fancher|David Webb Peoples,Michael Deeley,Vangelis
11780,Rob Roy,Liam Neeson|Jessica Lange|John Hurt|Tim Roth|Eric Stoltz,24,Michael Caton-Jones,Alan Sharp,Richard Jackson|Peter Broughan,
192102,3 Days to Kill,Kevin Costner|Amber Heard|Hailee Steinfeld|Connie Nielsen|Tómas Lemarquis,16,McG,Luc Besson|Luc Besson|Adi Hasak,Luc Besson|Virginie Besson-Silla|Ryan Kavanaugh|Marc Libert|Adi Hasak,Guillaume Roussel
2001,We Own the Night,Joaquin Phoenix|Eva Mendes|Alex Veadov|Mark Wahlberg|Robert Duvall,92,James Gray,James Gray,Joaquin Phoenix|Nick Wechsler|Mark Wahlberg|Marc Butan,Wojciech Kilar
10383,Lost Souls,Winona Ryder|Ben Chaplin|Sarah Wynter|Philip Baker Hall|John Hurt,21,Janusz Kamiński,Betsy Stahl,Meg Ryan,Jan A.P. Kaczmarek
11516,Winged Migration,Philippe Labro|Jacques Perrin,2,Jacques Perrin,Jean Dorst,Christophe Barratier,Bruno Coulais
10025,Just My Luck,Lindsay Lohan|Samaire Armstrong|Chris Pine|Missi Pyle|Makenzie Vega Norfolk,22,Donald Petrie,,Arnon Milchan|Donald Petrie|Arnold Rifkin|Ellen H. Schwartz|Marjorie Shik,Teddy Castellucci
15198,"Mystery, Alaska",Russell Crowe|Hank Azaria|Mary McCormack|Burt Reynolds|Colm Meaney,27,Jay Roach,David E. Kelley|Sean O'Byrne,,
23172,The Spy Next Door,Amber Valletta|Lucas Till|Jackie Chan|Billy Ray Cyrus|George Lopez,16,Brian Levant,Jonathan Bernstein|James Greer,,
17834,A Simple Wish,Martin Short|Kathleen Turner|Mara Wilson|Robert Pastorelli|Deborah Odell,9,Michael Ritchie,Jeff Rothberg,,
10016,Ghosts of Mars,Natasha Henstridge|Ice Cube|Jason Statham|Clea DuVall|Pam Grier,21,John Carpenter,,Sandy King,John Carpenter|Anthrax
10317,Our Brand Is Crisis,Sandra Bullock|Anthony Mackie|Billy Bob Thornton|Zoe Kazan|Scoot McNairy,14,David Gordon Green,Peter Straughan,George Clooney|Grant Heslov,David Wingo
58431,Pride and Prejudice and Zombies,Lily James|Sam Riley|Jack Huston|Bella Heathcote|Douglas Booth,22,Burr Steers,Burr Steers,Natalie Portman|Sean McKittrick|Annette Savitch|Allison Shearmur,
9746,Kundun,Tenzin Thuthob Tsarong|Tencho Gyalpo|Tsewang Migyur Khangsar|Gyurme Tethong|Robert Lin,5,Martin Scorsese,Melissa Mathison,Barbara De Fina,Philip Glass
13092,How to Lose Friends & Alienate People,Kelan Pannell|Janette Scott|Simon Pegg|Megan Fox|Gillian Anderson,27,Robert B. Weide,Peter Straughan,Robin O'Hara|Stephen Woolley|Toby Young|Elizabeth Karlsen,David Arnold
59859,Kick-Ass 2,Aaron Taylor-Johnson|Chloë Grace Moretz|Christopher Mintz-Plasse|Clark Duke|Jim Carrey,22,Jeff Wadlow,Jeff Wadlow,Brad Pitt|Matthew Vaughn|Adam Bohling|David Reid|Tarquin Pack,Henry Jackman|Matthew Margeson
13495,Alatriste,Viggo Mortensen|Elena Anaya|Unax Ugalde|Eduard Fernández|Eduardo Noriega,16,Agustín Díaz Yanes,Agustín Díaz Yanes,Antonio Cardenal|Álvaro Augustín,Roque Baños
254473,Brick Mansions,Paul Walker|David Belle|RZA|Robert Maillet|Carlo Rota,12,Camille Delamarre,Luc Besson|Robert Mark Kamen,Luc Besson|Jonathan Vanger|Claude Léger,
700,Octopussy,Roger Moore|Maud Adams|Louis Jourdan|Kristina Wayborn|Kabir Bedi,83,John Glen,Richard Maibaum|George MacDonald Fraser|Michael G. Wilson,Albert R. Broccoli|Tom Pevsner,John Barry
4964,Knocked Up,Seth Rogen|Katherine Heigl|Leslie Mann|Paul Rudd|Jason Segel,37,Judd Apatow,Judd Apatow,Clayton Townsend|Judd Apatow|Shauna Robertson,Joe Henry|Loudon Wainwright III
10024,My Sister's Keeper,Cameron Diaz|Alec Baldwin|Abigail Breslin|Joan Cusack|Sofia Vassilieva,16,Nick Cassavetes,Nick Cassavetes|Jeremy Leven,Mark Johnson|Hillary Sherman|Chuck Pacheco|Scott Goldman|Steven Posen,Aaron Zigman
13490,Welcome Home Roscoe Jenkins,Martin Lawrence|James Earl Jones|Margaret Avery|Joy Bryant|Cedric the Entertainer,12,Malcolm D. Lee,Malcolm D. Lee,,
15927,A Passage to India,Judy Davis|Alec Guinness|Peggy Ashcroft|James Fox|Victor Banerjee,7,David Lean,E.M. Forster,,
1259,Notes on a Scandal,Judi Dench|Cate Blanchett|Bill Nighy|Juno Temple|Max Lewis,23,Richard Eyre,Patrick Marber,Scott Rudin|Robert Fox,Philip Glass
5125,Rendition,Omar Metwally|Reese Witherspoon|Jake Gyllenhaal|Moa Khouas|Zineb Oukach,15,Gavin Hood,Kelley Sane,Steve Golin|David Kanter|Mark Martin|Keith Redmon|Michael Sugar,Paul Hepker|Mark Kilian
174,Star Trek VI: The Undiscovered Country,William Shatner|Leonard Nimoy|DeForest Kelley|James Doohan|George Takei,24,Nicholas Meyer,Nicholas Meyer|Denny Martin Flinn,Steven-Charles Jaffe|Ralph Winter,Cliff Eidelman
9583,Divine Secrets of the Ya-Ya Sisterhood,Sandra Bullock|Ellen Burstyn|Fionnula Flanagan|James Garner|Cherry Jones,14,Callie Khouri,Callie Khouri,Hunt Lowry|Bonnie Bruckheimer,T Bone Burnett|David Mansfield
9437,Kiss the Girls,Morgan Freeman|Ashley Judd|Cary Elwes|Alex McArthur|Tony Goldwyn,18,Gary Fleder,David Klass,David Brown|Joe Wizan|Steve Wizan,Mark Isham
525,The Blues Brothers,Dan Aykroyd|John Belushi|James Brown|Cab Calloway|Ray Charles,54,John Landis,,Robert K. Weiss,Elmer Bernstein
10188,The Sisterhood of the Traveling Pants 2,Alexis Bledel|Amber Tamblyn|America Ferrera|Blake Lively|Rachel Nichols,25,Sanaa Hamri,Elizabeth Chandler,,
63574,Joyful Noise,Queen Latifah|Dolly Parton|Keke Palmer|Jeremy Jordan|Courtney B. Vance,11,Todd Graff,Todd Graff,Michael G. Nathanson|Broderick Johnson|Andrew A. Kosove|Joseph Farrell|Catherine Paura,Mervyn Warren
245,About a Boy,Hugh Grant|Nicholas Hoult|Toni Collette|Rachel Weisz|Sharon Small,33,Chris Weitz|Paul Weitz,Nick Hornby|Chris Weitz|Paul Weitz|Peter Hedges,Robert De Niro|Tim Bevan|Eric Fellner|Brad Epstein|Jane Rosenthal,Badly Drawn Boy
9825,Lake Placid,Bill Pullman|Bridget Fonda|Oliver Platt|Brendan Gleeson|Betty White,17,Steve Miner,David E. Kelley,Michael Pressman|David E. Kelley,
186,Lucky Number Slevin,Josh Hartnett|Bruce Willis|Lucy Liu|Morgan Freeman|Ben Kingsley,17,Paul McGuigan,Jason Smilovic,Andreas Grosch|Christopher Roberts|Anthony Rhulen|Kia Jam|Christopher Eberts,Christopher Roberts
9549,The Right Stuff,Fred Ward|Dennis Quaid|Ed Harris|Scott Glenn|Sam Shepard,33,Philip Kaufman,Philip Kaufman,Irwin Winkler|Robert Chartoff,Bill Conti
61891,Anonymous,Jamie Campbell Bower|Rhys Ifans|David Thewlis|Joely Richardson|Vanessa Redgrave,78,Roland Emmerich,John Orloff,,
34584,The NeverEnding Story,Barret Oliver|Gerald McRaney|Noah Hathaway|Drum Garrett|Darryl Cooksey,17,Wolfgang Petersen,Wolfgang Petersen|Herman Weigel,Bernd Eichinger|Dieter Geissler|Bernd Schaefers,Klaus Doldinger
2666,Dark City,Rufus Sewell|William Hurt|Kiefer Sutherland|Jennifer Connelly|Richard O'Brien,18,Alex Proyas,David S. Goyer|Alex Proyas|Alex Proyas|Lem Dobbs,Andrew Mason|Alex Proyas,Trevor Jones
12783,The Duchess,Keira Knightley|Ralph Fiennes|Aidan McArdle|Simon McBurney|Charlotte Rampling,13,Saul Dibb,Anders Thomas Jensen|Jeffrey Hatcher|Saul Dibb,Michael Kuhn|Gabrielle Tana,Rachel Portman
13155,Return to Oz,Fairuza Balk|Nicol Williamson|Jean Marsh|Piper Laurie|Matt Clark,13,Walter Murch,Walter Murch|Gill Dennis,Paul Maslansky,
42807,The Newton Boys,Matthew McConaughey|Skeet Ulrich|Ethan Hawke|Vincent D'Onofrio|Gail Cronauer,16,Richard Linklater,Richard Linklater|Clark Walker|Claude Stanush,,
28355,Case 39,Renée Zellweger|Jodelle Ferland|Ian McShane|Kerry O'Malley|Callum Keith Rennie,38,Christian Alvart,Ray Wright,Steve Golin|Kevin Misher|Lisa Bruce|Scott Thaler|Alix Madigan,Michl Britsch
8080,Suspect Zero,Carrie-Anne Moss|Aaron Eckhart|Ben Kingsley|Harry Lennix|Kevin Chamberlin,6,E. Elias Merhige,Zak Penn|Billy Ray,Paula Wagner|Gaye Hirsch,
5126,Martian Child,John Cusack|Bobby Coleman|Amanda Peet|Joan Cusack|Oliver Platt,10,Menno Meyjes,Seth Bass|Jonathan Tolins,David Kirschner|Ed Elbert|Corey Sienega,
56288,Spy Kids: All the Time in the World,Jessica Alba|Mason Cook|Rowan Blanchard|Joel McHale|Jeremy Piven,11,Robert Rodriguez,Robert Rodriguez,Robert Rodriguez|Elizabeth Avellan,
303858,Money Monster,George Clooney|Julia Roberts|Jack O'Connell|Caitriona Balfe|Dominic West,53,Jodie Foster,Jim Kouf|Jim Kouf|Jamie Linden|Alan Di Fiore|Alan Di Fiore,,Dominic Lewis
1613,The 51st State,Samuel L. Jackson|Robert Carlyle|Emily Mortimer|Meat Loaf|Rhys Ifans,26,Ronny Yu,Stel Pavlou,Malcolm Kohll|Seaton McLean|David Pupkewitz,Headrillaz
31582,Flawless,Robert De Niro|Philip Seymour Hoffman|Barry Miller|Chris Bauer|Skipp Sudduth,5,Joel Schumacher,Joel Schumacher,Jane Rosenthal|Joel Schumacher,
16617,Mindhunters,LL Cool J|Jonny Lee Miller|Kathryn Morris|Patricia Velásquez|Clifton Collins Jr,14,Renny Harlin,Kevin Brodbin|Wayne Kramer|Wayne Kramer,Akiva Goldsman|Cary Brokaw|Jeffrey Silver|Robert F. Newmyer|Rebecca Spikings,Tuomas Kantelinen
8944,What Just Happened,Bruce Willis|Robert De Niro|Sean Penn|Robin Wright|Stanley Tucci,16,Barry Levinson,Art Linson,Robert De Niro|Art Linson|Jane Rosenthal|Barry Levinson|Mark Allan,
41488,The Statement,Michael Caine|Tilda Swinton|Jeremy Northam|Alan Bates|Charlotte Rampling,11,Norman Jewison,Ronald Harwood,Norman Jewison|Robyn Slovo|Robert Lantos,
37028,The Magic Flute,Joseph Kaiser|Amy Carson|René Pape|Lyubov Petrova|Benjamin Jay Davis,10,Kenneth Branagh,Kenneth Branagh|Kenneth Branagh|Stephen Fry|Emanuel Schikaneder,Pierre-Olivier Bardet|Simon Moseley,
14560,Paul Blart: Mall Cop,Kevin James|Keir O'Donnell|Jayma Mays|Raini Rodriguez|Shirley Knight,122,Steve Carr,Kevin James|Nick Bakay,Barry Bernardi|Todd Garner|Adam Sandler|Jack Giarraputo|Kevin James,
10330,Freaky Friday,Jamie Lee Curtis|Lindsay Lohan|Mark Harmon|Harold Gould|Haley Hudson,34,Mark Waters,Leslie Dixon|Heather Hach,Andrew Gunn,Rolfe Kent
6957,The 40 Year Old Virgin,Steve Carell|Catherine Keener|Paul Rudd|Romany Malco|Seth Rogen,67,Judd Apatow,Steve Carell|Judd Apatow,Judd Apatow,Lyle Workman
1934,Shakespeare in Love,Joseph Fiennes|Gwyneth Paltrow|Geoffrey Rush|Tom Wilkinson|Judi Dench,15,John Madden,Tom Stoppard|Marc Norman,Harvey Weinstein|Edward Zwick|Marc Norman|David Parfitt|Donna Gigliotti,Stephen Warbeck
169917,A Walk Among the Tombstones,Liam Neeson|Dan Stevens|David Harbour|Boyd Holbrook|Adam David Thompson,48,Scott Frank,Scott Frank,Danny DeVito|Michael Shamberg|Stacey Sher|Brian Oliver|Tobin Armbrust,Carlos Rafael Rivera
951,Kindergarten Cop,Arnold Schwarzenegger|Penelope Ann Miller|Pamela Reed|Linda Hunt|Richard Tyson,85,Ivan Reitman,Murray Salem|Herschel Weingrod|Timothy Harris,Brian Grazer|Ivan Reitman,Randy Edelman
10189,Pineapple Express,Seth Rogen|James Franco|Danny McBride|Gary Cole|Rosie Perez,38,David Gordon Green,Seth Rogen|Seth Rogen|Judd Apatow|Evan Goldberg|Evan Goldberg,Judd Apatow|Shauna Robertson,Graeme Revell
9454,Ever After: A Cinderella Story,Drew Barrymore|Dougray Scott|Anjelica Huston|Megan Dodds|Melanie Lynskey,25,Andy Tennant,Susannah Grant|Andy Tennant|Rick Parks,Andy Tennant|Mireille Soria|Tracey Trench,
2055,Open Range,Kevin Costner|Robert Duvall|Michael Gambon|Michael Jeter|Diego Luna,15,Kevin Costner,Craig Storper,David Valdes|Kevin Costner|Jake Eberts,Michael Kamen
1551,Flatliners,Kiefer Sutherland|Julia Roberts|Kevin Bacon|William Baldwin|Oliver Platt,19,Joel Schumacher,Peter Filardi,Michael Douglas|Rick Bieber,James Newton Howard
5902,A Bridge Too Far,Dirk Bogarde|James Caan|Michael Caine|Sean Connery|Edward Fox,33,Richard Attenborough,William Goldman,Joseph E. Levine|Michael Stanley-Evans|Richard P. Levine,John Addison
11460,Red Eye,Rachel McAdams|Cillian Murphy|Brian Cox|Jayma Mays|Jack Scalia,24,Wes Craven,Carl Ellsworth,Chris Bender|Marianne Maddalena,Marco Beltrami
9358,Final Destination 2,Ali Larter|A.J. Cook|Michael Landes|Tony Todd|Keegan Connor Tracy,15,David R. Ellis,Eric Bress|J. Mackye Gruber,Craig Perry|Warren Zide,Shirley Walker
134,"O Brother, Where Art Thou?",George Clooney|John Turturro|Tim Blake Nelson|John Goodman|Holly Hunter,23,Joel Coen,Joel Coen|Ethan Coen,Ethan Coen,T Bone Burnett
22894,Legion,Paul Bettany|Dennis Quaid|Kevin Durand|Kate Walsh|Doug Jones,15,Scott Stewart,Peter Schink|Scott Stewart,Peter Schink|David Lancaster|Michel Litvak|Steve Beswick|Marc Sadeghi,John Frizzell
134374,Pain & Gain,Mark Wahlberg|Dwayne Johnson|Anthony Mackie|Tony Shalhoub|Ed Harris,25,Michael Bay,Christopher Markus|Stephen McFeely,Michael Bay|Ian Bryce|Donald De Line,Steve Jablonsky
1901,In Good Company,Topher Grace|Scarlett Johansson|Dennis Quaid|Marg Helgenberger|David Paymer,15,Paul Weitz,Paul Weitz,Chris Weitz|Paul Weitz,Damien Rice|Stephen Trask
15028,Clockstoppers,Jesse Bradford|Paula Garcés|Robin Thomas|French Stewart|Michael Biehn,12,Jonathan Frakes,Rob Hedden|Andy Hedden,Gale Anne Hurd|Julia Pistor,
11509,Silverado,Kevin Kline|Scott Glenn|Kevin Costner|Danny Glover|Brian Dennehy,39,Lawrence Kasdan,Lawrence Kasdan|Mark Kasdan,Lawrence Kasdan,Bruce Broughton
7445,Brothers,Tobey Maguire|Jake Gyllenhaal|Natalie Portman|Sam Shepard|Mare Winningham,24,Jim Sheridan,Susanne Bier|Anders Thomas Jensen|David Benioff,Michael De Luca|Sigurjón Sighvatsson|Ryan Kavanaugh|Matt Battaglia|Ken Halsband,Thomas Newman
17047,Agent Cody Banks 2: Destination London,Frankie Muniz|Anthony Anderson|Hannah Spearritt|Alfie Allen|Cynthia Stevenson,16,Kevin Allen,Don Rhymer,,
62838,New Year's Eve,Robert De Niro|Katherine Heigl|Ashton Kutcher|Carla Gugino|Lea Michele,35,Garry Marshall,Katherine Fugate,,
2057,Original Sin,Angelina Jolie|Antonio Banderas|Gregory Itzin|Jack Thompson|Allison Mackie,10,Michael Cristofer,Cornell Woolrich|Michael Cristofer,Denise Di Novi|Kate Guinzburg|Carol Lees,Terence Blanchard
70436,The Raven,John Cusack|Luke Evans|Alice Eve|Brendan Gleeson|Kevin McNally,11,James McTeigue,Ben Livingston|Hannah Shakespeare,Aaron Ryder|Marc D. Evans|Trevor Macy,Lucas Vidal
16784,Welcome to Mooseport,Ray Romano|Gene Hackman|Marcia Gay Harden|Maura Tierney|June Squibb,10,Donald Petrie,Tom Schulman|Doug Richardson,,John Debney
8011,Highlander: The Final Dimension,Christopher Lambert|Mario Van Peebles|Deborah Kara Unger|Mako|Martin Neufeld,8,Andrew Morahan,Brad Mirman|Paul Ohl|William N. Panzer,,
31640,Blood and Wine,Jack Nicholson|Stephen Dorff|Jennifer Lopez|Judy Davis|Michael Caine,8,Bob Rafelson,Bob Rafelson|Nick Villiers|Nick Villiers|Alison Cross,Jeremy Thomas,Michał Lorenc
9092,Snow White: A Tale of Terror,Sigourney Weaver|Sam Neill|Monica Keena|Gil Bellows|Brian Glover,9,Michael Cohn,Tom Szollosi|Deborah Serra,Tom Engelman,John Ottman
2779,The Curse of the Jade Scorpion,Dan Aykroyd|Helen Hunt|Woody Allen|Charlize Theron|David Ogden Stiers,47,Woody Allen,Woody Allen,Letty Aronson|Helen Robin,
316002,Accidental Love,Jake Gyllenhaal|Jessica Biel|James Marsden|Catherine Keener|Paul Reubens,17,David O. Russell|Stephen Greene,Kristin Gore,,
36355,Flipper,Elijah Wood|Paul Hogan|Jonathan Banks|Jason Fuchs|Robert Deacon,7,Alan Shapiro,Alan Shapiro,,
238615,Self/less,Ryan Reynolds|Ben Kingsley|Natalie Martinez|Matthew Goode|Michelle Dockery,43,Tarsem Singh,Àlex Pastor|David Pastor,James D. Stern|Ram Bergman|Peter Schlessel,Antonio Pinto|Dudu Aram
1985,The Constant Gardener,Ralph Fiennes|Rachel Weisz|Danny Huston|Bill Nighy|Donald Sumpter,20,Fernando Meirelles,Jeffrey Caine,Henning Molfenter|Tracey Seaward|Thierry Potok|Simon Channing Williams,Alberto Iglesias
615,The Passion of the Christ,Jim Caviezel|Maia Morgenstern|Monica Bellucci|Rosalinda Celentano|Sergio Rubini,24,Mel Gibson,Mel Gibson|Benedict Fitzgerald,Mel Gibson|Bruce Davey|Stephen McEveety,John Debney|Gingger Shankar
788,Mrs. Doubtfire,Robin Williams|Sally Field|Pierce Brosnan|Harvey Fierstein|Polly Holliday,24,Chris Columbus,Randi Mayem Singer|Leslie Dixon,Robin Williams|Mark Radcliffe|Marsha Garces Williams|Joan Bradshaw,Howard Shore
380,Rain Man,Dustin Hoffman|Tom Cruise|Valeria Golino|Gerald R. Molen|Jack Murdock,39,Barry Levinson,Barry Morrow|Barry Morrow|Ronald Bass,Mark Johnson,Hans Zimmer
13223,Gran Torino,Clint Eastwood|Christopher Carley|Bee Vang|Ahney Her|Brian Haley,51,Clint Eastwood,Nick Schenk|Nick Schenk|Dave Johannson,Clint Eastwood|Robert Lorenz|Bill Gerber,Kyle Eastwood|Michael Stevens
10523,W.,Josh Brolin|Elizabeth Banks|Ellen Burstyn|Ioan Gruffudd|Thandie Newton,18,Oliver Stone,Stanley Weiser,Paul Hanson,
8681,Taken,Liam Neeson|Famke Janssen|Maggie Grace|Katie Cassidy|Holly Valance,35,Pierre Morel,Luc Besson|Robert Mark Kamen,Luc Besson|Pierre-Ange Le Pogam|India Osborne,Nathaniel Méchaly
239571,The Best of Me,Michelle Monaghan|James Marsden|Liana Liberato|Luke Bracey|Gerald McRaney,34,Michael Hoffman,Michael Hoffman|Will Fetters|J. Mills Goodloe,,
619,The Bodyguard,Whitney Houston|Kevin Costner|Michele Lamar Richards|Ralph Waite|Gary Kemp,26,Mick Jackson,Lawrence Kasdan,Kevin Costner|Lawrence Kasdan|Jim Wilson,Alan Silvestri|Allan Dennis Rich
424,Schindler's List,Liam Neeson|Ben Kingsley|Ralph Fiennes|Caroline Goodall|Jonathan Sagall,29,Steven Spielberg,Steven Zaillian,Steven Spielberg|Branko Lustig|Gerald R. Molen,John Williams
50014,The Help,Emma Stone|Viola Davis|Octavia Spencer|Bryce Dallas Howard|Jessica Chastain,34,Tate Taylor,Tate Taylor,Chris Columbus|Michael Barnathan|Brunson Green,Thomas Newman
162903,The Fifth Estate,Benedict Cumberbatch|Daniel Brühl|Anthony Mackie|David Thewlis|Alicia Vikander,26,Bill Condon,Josh Singer,Steve Golin|Michael Sugar,
11024,Scooby-Doo 2: Monsters Unleashed,Freddie Prinze Jr.|Sarah Michelle Gellar|Matthew Lillard|Linda Cardellini|Seth Green,12,Raja Gosnell,James Gunn,Charles Roven|Richard Suckle,David Newman
208763,Forbidden Kingdom,Jason Flemyng|Aleksey Chadov|Agniya Ditkovskite|Yuriy Tsurilo|Olga Zaytseva,22,Oleg Stepchenko,Oleg Stepchenko|Aleksandr Karpov|Nikolai Gogol,Gleb Fetisov|Oleg Teterin,
6466,Freddy vs. Jason,Robert Englund|Ken Kirzinger|Jason Ritter|Monica Keena|Lochlyn Munro,43,Ronny Yu,Wes Craven|Damian Shannon|Mark Swift,Sean S. Cunningham,Graeme Revell
254024,The Face of an Angel,Kate Beckinsale|Cara Delevingne|Daniel Brühl|Ava Acres|Corrado Invernizzi,16,Michael Winterbottom,Paul Viragh,Melissa Parmenter,
12589,Jimmy Neutron: Boy Genius,Debi Derryberry|Megan Cavanagh|Mark DeCarlo|Jeffrey Garcia|Patrick Stewart,23,John A. Davis,Steve Oedekerk|J. David Stem|David N. Weiss|John A. Davis,Steve Oedekerk|John A. Davis|Albie Hecht,John Debney|Brian Causey
7191,Cloverfield,Lizzy Caplan|Jessica Lucas|Odette Annable|Michael Stahl-David|Mike Vogel,57,Matt Reeves,Drew Goddard,J.J. Abrams|Bryan Burk|David Baronoff,
1497,Teenage Mutant Ninja Turtles II: The Secret of the Ooze,Paige Turco|David Warner|Michelan Sisti|Leif Tilden|Kenn Scott,66,Michael Pressman,Todd W. Langen,Thomas K. Gray|David Chan|Kim Dawson,John Du Prez
117,The Untouchables,Kevin Costner|Sean Connery|Charles Martin Smith|Andy García|Robert De Niro,56,Brian De Palma,David Mamet,Art Linson,Ennio Morricone
6977,No Country for Old Men,Tommy Lee Jones|Javier Bardem|Josh Brolin|Woody Harrelson|Kelly Macdonald,17,Joel Coen|Ethan Coen,Joel Coen|Ethan Coen,Joel Coen|Ethan Coen|Scott Rudin|David Diliberto,Carter Burwell
168530,Ride Along,Ice Cube|Kevin Hart|John Leguizamo|Bruce McGill|Tika Sumpter,45,Tim Story,Greg Coolidge|Greg Coolidge|Phil Hay|Matt Manfredi|Jason Mantzoukas,Ice Cube|Larry Brezner|William Packer|Matt Alvarez,
634,Bridget Jones's Diary,Renée Zellweger|Colin Firth|Hugh Grant|Gemma Jones|Jim Broadbent,23,Sharon Maguire,Richard Curtis|Helen Fielding|Andrew Davies,Tim Bevan|Eric Fellner|Jonathan Cavendish,Patrick Doyle
392,Chocolat,Juliette Binoche|Alfred Molina|Johnny Depp|Judi Dench|Leslie Caron,22,Lasse Hallström,Joanne Harris|Robert Nelson Jacobs,David Brown|Mark Cooper|Kit Golden|Leslie Holleran,Rachel Portman
10327,"Legally Blonde 2: Red, White & Blonde",Reese Witherspoon|Sally Field|Regina King|Jennifer Coolidge|James Newman,31,Charles Herman-Wurmfeld,Kate Kondell,Marc Platt|David Nicksay,Rolfe Kent
88042,Parental Guidance,Billy Crystal|Bette Midler|Marisa Tomei|Tom Everett Scott|Bailee Madison,18,Andy Fickman,,Peter Chernin|Dylan Clark,
41630,No Strings Attached,Natalie Portman|Ashton Kutcher|Kevin Kline|Cary Elwes|Greta Gerwig,31,Ivan Reitman,Elizabeth Meriwether|Elizabeth Meriwether|Michael Samonek,Ivan Reitman|Joe Medjuck|Jeffrey Clifford,
11969,Tombstone,Kurt Russell|Val Kilmer|Sam Elliott|Bill Paxton|Powers Boothe,42,George P. Cosmatos,Kevin Jarre,Sean Daniel|James Jacks|Bob Misiorowski,
2085,Romeo Must Die,Jet Li|Aaliyah|Isaiah Washington|Russell Wong|DMX,15,Andrzej Bartkowiak,Eric Bernt|John Jarrell,,Stanley Clarke
794,The Omen,Gregory Peck|Lee Remick|David Warner|Billie Whitelaw|Harvey Stephens,32,Richard Donner,David Seltzer,Harvey Bernhard|Charles Orme,Jerry Goldsmith
9286,Final Destination 3,Mary Elizabeth Winstead|Ryan Merriman|Kris Lemche|Alexz Johnson|Sam Easton,18,James Wong,Glenn Morgan|James Wong,Craig Perry|Warren Zide|Glenn Morgan|James Wong,Shirley Walker
77877,The Lucky One,Zac Efron|Blythe Danner|Taylor Schilling|Jay R. Ferguson|Riley Thomas Stewart,11,Scott Hicks,Will Fetters,,
1265,Bridge to Terabithia,Josh Hutcherson|AnnaSophia Robb|Robert Patrick|Zooey Deschanel|Bailee Madison,19,Gábor Csupó,Jeff Stockwell,Hal Lieberman|Lauren Levine|David Paterson,Aaron Zigman
866,Finding Neverland,Johnny Depp|Kate Winslet|Julie Christie|Dustin Hoffman|Freddie Highmore,19,Marc Forster,David Magee|Allan Knee,Richard N. Gladstein|Nellie Bellflower,Jan A.P. Kaczmarek
175555,A Madea Christmas,Tyler Perry|Anna Maria Horsford|Tika Sumpter|Eric Lively|Chad Michael Murray,15,Tyler Perry,Tyler Perry,Tyler Perry,
75174,The Grey,Liam Neeson|Dermot Mulroney|Frank Grillo|Dallas Roberts|Joe Anderson,16,Joe Carnahan,Joe Carnahan|Ian Mackenzie Jeffers|Ian Mackenzie Jeffers,Ridley Scott|Jules Daly|Joe Carnahan|Mickey Liddell|Leah Carnahan,Marc Streitenfeld
11096,Hide and Seek,Robert De Niro|Dakota Fanning|Famke Janssen|Elisabeth Shue|Amy Irving,10,John Polson,Ari Schlossberg,Barry Josephson,John Ottman|Barney McAll
8699,Anchorman: The Legend of Ron Burgundy,Will Ferrell|Christina Applegate|Paul Rudd|David Koechner|Steve Carell,20,Adam McKay,,Judd Apatow,
769,GoodFellas,Robert De Niro|Ray Liotta|Joe Pesci|Lorraine Bracco|Paul Sorvino,137,Martin Scorsese,Martin Scorsese|Nicholas Pileggi,Irwin Winkler,
10923,Agent Cody Banks,Frankie Muniz|Hilary Duff|Angie Harmon|Keith David|Cynthia Stevenson,21,Harald Zwart,Scott Alexander|Larry Karaszewski|Ashley Edward Miller|Zack Stentz|Jeffrey Jurgensen,David Glasser|David Nicksay|Andreas Klein|Guy Oseary|Dylan Sellers,John Powell
11283,Nanny McPhee,Emma Thompson|Colin Firth|Kelly Macdonald|Thomas Brodie-Sangster|Eliza Bennett,14,Kirk Jones,Emma Thompson,Tim Bevan|Eric Fellner|Lindsay Doran,Patrick Doyle
111,Scarface,Al Pacino|Steven Bauer|Michelle Pfeiffer|Mary Elizabeth Mastrantonio|Robert Loggia,63,Brian De Palma,Oliver Stone,Martin Bregman,Giorgio Moroder
11676,Nothing to Lose,Tim Robbins|Martin Lawrence|John C. McGinley|Kelly Preston|Irma P. Hall,9,Steve Oedekerk,Steve Oedekerk,Dan Jinks|Martin Bregman|Michael Bregman,
746,The Last Emperor,John Lone|Peter O'Toole|Joan Chen|Dennis Dun|Ryuichi Sakamoto,28,Bernardo Bertolucci,Bernardo Bertolucci|Mark Peploe|Enzo Ungari,John Daly|Jeremy Thomas|Franco Giovale|Joyce Herlihy,David Byrne|Ryuichi Sakamoto
77866,Contraband,Mark Wahlberg|Kate Beckinsale|Ben Foster|Giovanni Ribisi|J.K. Simmons,15,Baltasar Kormákur,Aaron Guzikowski,Tim Bevan|Eric Fellner|Mark Wahlberg|Baltasar Kormákur|Stephen Levinson,Clinton Shorter
9416,Money Talks,Chris Tucker|Charlie Sheen|Heather Locklear|Paul Sorvino|Elise Neal,5,Brett Ratner,Joel Cohen|Alec Sokolow,Walter Coblenz|Tracy Kramer,Lalo Schifrin
7345,There Will Be Blood,Daniel Day-Lewis|Paul Dano|Dillon Freasier|Ciarán Hinds|Kevin J. O'Connor,24,Paul Thomas Anderson,Paul Thomas Anderson,Paul Thomas Anderson|Daniel Lupi|JoAnne Sellar,Jonny Greenwood
14317,The Wild Thornberrys Movie,Lacey Chabert|Tom Kane|Cree Summer|Tim Curry|Lynn Redgrave,18,Cathy Malkasian|Jeff McGrath,,,
20694,Rugrats Go Wild,E.G. Daily|Nancy Cartwright|Kath Soucie|Dionne Quan|Tim Curry,15,Norton Virgien|John Eng,,,
12277,Undercover Brother,Eddie Griffin|Chris Kattan|Denise Richards|Aunjanue Ellis|Chi McBride,11,Malcolm D. Lee,Michael McCullers|John Ridley,Brian Grazer|Michael Jenkinson|Damon Lee,Stanley Clarke
9779,The Sisterhood of the Traveling Pants,Amber Tamblyn|Alexis Bledel|America Ferrera|Blake Lively|Jenna Boyd,34,Ken Kwapis,,Denise Di Novi|Broderick Johnson|Andrew A. Kosove|Debra Martin Chase,Cliff Eidelman
2140,Kiss of the Dragon,Jet Li|Bridget Fonda|Tchéky Karyo|Max Ryan|Ric Young,16,Chris Nahon,Luc Besson|Robert Mark Kamen,Luc Besson|Steve Chasman|Happy Walters,Craig Armstrong|Chino XL
12620,The House Bunny,Anna Faris|Emma Stone|Kat Dennings|Katharine McPhee|Rumer Willis,22,Fred Wolf,Karen McCullah Lutz|Kirsten Smith,Adam Sandler|Allen Covert|Jack Giarraputo,Waddy Wachtel
14177,Beauty Shop,Queen Latifah|Alicia Silverstone|Andie MacDowell|Alfre Woodard|Mena Suvari,14,Bille Woodruff,Kate Lanier,Ice Cube,
198185,Million Dollar Arm,Jon Hamm|Bill Paxton|Lake Bell|Suraj Sharma|Aasif Mandvi,14,Craig Gillespie,Tom McCarthy,,
227156,The Giver,Jeff Bridges|Meryl Streep|Brenton Thwaites|Odeya Rush|Alexander Skarsgård,23,Phillip Noyce,Robert B. Weide|Michael Mitnick,Jeff Bridges|Neil Koenigsberg|Nikki Silver,Marco Beltrami
10735,What a Girl Wants,Amanda Bynes|Colin Firth|Kelly Preston|Jonathan Pryce|Oliver James,18,Dennie Gordon,Elizabeth Chandler|Jenny Bicks,Denise Di Novi|Hunt Lowry|Bill Gerber,Rupert Gregson-Williams
11351,Jeepers Creepers 2,Ray Wise|Jonathan Breck|Garikayi Mutambirwa|Eric Nenninger|Josh Hammond,16,Victor Salva,Victor Salva,Tom Luse,Bennett Salvay
10030,Good Luck Chuck,Dane Cook|Jessica Alba|Dan Fogler|Ellia English|Lonny Ross,25,Mark Helfrich,Josh Stolberg,Barry Katz|Tracey Edmonds|Mike Karz|Brian Volk-Weiss,Aaron Zigman
10623,Cradle 2 the Grave,Jet Li|DMX|Kelly Hu|Anthony Anderson|Tom Arnold,9,Andrzej Bartkowiak,John O'Brien|Channing Gibson,Joel Silver,John Frizzell|Damon 'Grease' Blackman
590,The Hours,Nicole Kidman|Julianne Moore|Meryl Streep|Stephen Dillane|Miranda Richardson,19,Stephen Daldry,David Hare,Scott Rudin|Mark Huffam|Robert Fox|Ian MacNeil,Philip Glass
9655,She's the Man,Amanda Bynes|Channing Tatum|Laura Ramsey|Vinnie Jones|David Cross,15,Andy Fickman,,Lauren Shuler Donner|Ewan Leslie,Nathan Wang
1268,Mr. Bean's Holiday,Rowan Atkinson|Max Baldry|Emma de Caunes|Willem Dafoe|Karel Roden,8,Steve Bendelack,Robin Driscoll|Simon McBurney|Hamish McColl,Tim Bevan|Eric Fellner|Peter Bennett-Jones,
11237,Anacondas: The Hunt for the Blood Orchid,Johnny Messner|KaDee Strickland|Matthew Marsden|Nicholas Gonzalez|Eugene Byrd,12,Dwight H. Little,Edward Neumeier|Jim Cash|Jack Epps Jr.|Michael Miner|John Claflin,Verna Harrah,Nerida Tyson-Chew
190955,Blood Ties,Clive Owen|Billy Crudup|Marion Cotillard|Mila Kunis|Zoe Saldana,16,Guillaume Canet,Guillaume Canet|James Gray|Jacques Maillot,Guillaume Canet|Alain Attal|Hugo Sélignac|John Lesher|Christopher Woodrow,
5123,August Rush,Freddie Highmore|Keri Russell|Jonathan Rhys Meyers|Terrence Howard|Robin Williams,59,Kirsten Sheridan,James V. Hart|Nick Castle|Nick Castle|Paul Castro,Richard Barton Lewis,Mark Mancina
4518,Elizabeth,Cate Blanchett|Geoffrey Rush|Christopher Eccleston|Joseph Fiennes|Richard Attenborough,18,Shekhar Kapur,Michael Hirst,Tim Bevan|Eric Fellner|Alison Owen,David Hirschfelder
11932,Bride of Chucky,Ed Gale|Jennifer Tilly|Brad Dourif|Katherine Heigl|Nick Stabile,19,Ronny Yu,Don Mancini,David Kirschner|Grace Gilroy,
11165,Tora! Tora! Tora!,Martin Balsam|Sô Yamamura|Joseph Cotten|Tatsuya Mihashi|E.G. Marshall,30,Richard Fleischer|Kinji Fukasaku|Toshio Masuda,Akira Kurosawa|Hideo Oguni|Ryûzô Kikushima|Larry Forrester,Elmo Williams,Jerry Goldsmith
6116,Spice World,Victoria Beckham|Melanie Brown|Emma Bunton|Melanie Chisholm|Geri Halliwell,37,Bob Spiers,Jamie Curtis,Barnaby Thompson|Bob Spiers|Uri Fruchtmann|Mark L. Rosen,
57431,The Sitter,Sam Rockwell|Jonah Hill|Max Records|Ari Graynor|J.B. Smoove,31,David Gordon Green,Brian Gatewood|Alessandro Tanaka,Michael De Luca,David Wingo|Jeff McIlwain
21724,Dance Flick,Shoshana Bush|Damon Wayans Jr.|Essence Atkins|Chris Elliott|David Alan Grier,10,Damien Dante Wayans,Marlon Wayans|Keenen Ivory Wayans|Shawn Wayans|Craig Wayans|Damien Dante Wayans,Marlon Wayans|Keenen Ivory Wayans|Shawn Wayans|Rick Alvarez|Damien Douglas,
278,The Shawshank Redemption,Tim Robbins|Morgan Freeman|Bob Gunton|Clancy Brown|Mark Rolston,42,Frank Darabont,Frank Darabont,Niki Marvin,Thomas Newman
9290,Crocodile Dundee in Los Angeles,Paul Hogan|Linda Kozlowski|Jere Burns|Jonathan Banks|Alec Wilson,19,Simon Wincer,Eric Abrams,Paul Hogan|Conrad Hool|Lance Hool|Perry Katz,Basil Poledouris
11543,Kingpin,Woody Harrelson|Randy Quaid|Vanessa Angel|Bill Murray|Chris Elliott,33,Bobby Farrelly|Peter Farrelly,Barry Fanaro|Mort Nathan,Bradley Thomas|Brad Krevoy|Steven Stabler,Freedy Johnston
284536,The Gambler,Mark Wahlberg|John Goodman|Brie Larson|Michael Kenneth Williams|Jessica Lange,22,Rupert Wyatt,William Monahan|James Toback,Irwin Winkler|Mark Wahlberg|Robert Chartoff|Stephen Levinson|David Winkler,Jon Brion|Theo Green
152737,August: Osage County,Meryl Streep|Julia Roberts|Chris Cooper|Ewan McGregor|Margo Martindale,20,John Wells,Tracy Letts,Harvey Weinstein|George Clooney|Jean Doumanian|Grant Heslov|Steve Traxler,Gustavo Santaolalla
13374,Ice Princess,Michelle Trachtenberg|Joan Cusack|Amy Stewart|Hayden Panettiere|Kim Cattrall,15,Tim Fywell,Meg Cabot,,
8976,A Lot Like Love,Ashton Kutcher|Amanda Peet|Aimee Garcia|Taryn Manning|Ali Larter,14,Nigel Cole,,Armyan Bernstein|Kevin J. Messick,Alex Wurman
319888,Eddie the Eagle,Taron Egerton|Hugh Jackman|Christopher Walken|Ania Sowinski|Mads Sjøgård Pettersen,27,Dexter Fletcher,Simon Kelton|Sean Macaulay,Matthew Vaughn|Adam Bohling|Valerie Van Galder|David Reid|Rupert Maconick,
9469,He Got Game,Denzel Washington|Ray Allen|Milla Jovovich|Rosario Dawson|Hill Harper,29,Spike Lee,Spike Lee,Jon Kilik|Spike Lee,
1909,Don Juan DeMarco,Johnny Depp|Marlon Brando|Faye Dunaway|Géraldine Pailhas|Bob Dishy,13,Jeremy Leven,Jeremy Leven,Francis Ford Coppola|Fred Fuchs|Patrick J. Palmer,Michael Kamen|Robert John Lange
22971,Dear John,Amanda Seyfried|Channing Tatum|Henry Thomas|Richard Jenkins|Scott Porter,9,Lasse Hallström,Jamie Linden,Wyck Godfrey|Marty Bowen|Ryan Kavanaugh,Deborah Lurie
34813,The Losers,Jeffrey Dean Morgan|Zoe Saldana|Chris Evans|Idris Elba|Columbus Short,16,Sylvain White,James Vanderbilt|Peter Berg,,
46261,Don't Be Afraid of the Dark,Katie Holmes|Guy Pearce|Bailee Madison|Alan Dale|Jack Thompson,9,Troy Nixey,Matthew Robbins|Guillermo del Toro,Mark Johnson|Guillermo del Toro|Nick Nunziata,Marco Beltrami|Buck Sanders
10431,War,Jet Li|Jason Statham|John Lone|Devon Aoki|Luis Guzmán,21,Philip G. Atwell,Lee Anthony Smith|Gregory J. Bradley,Steve Chasman|Christopher Petzel|Jim Thompson,Brian Tyler
8051,Punch-Drunk Love,Adam Sandler|Emily Watson|Philip Seymour Hoffman|Luis Guzmán|Mary Lynn Rajskub,25,Paul Thomas Anderson,Paul Thomas Anderson,Paul Thomas Anderson|Daniel Lupi|JoAnne Sellar,Jon Brion
9352,EuroTrip,Scott Mechlowicz|Jacob Pitts|Michelle Trachtenberg|Travis Wester|Vinnie Jones,22,Jeff Schaffer,Jeff Schaffer|Alec Berg|David Mandel,Jackie Marcus Schaffer|Daniel Goldberg|Alec Berg|David Mandel,James L. Venable
10167,Half Past Dead,Steven Seagal|Morris Chestnut|Ja Rule|Nia Peeples|Claudia Christian,16,Don Michael Paul,Don Michael Paul,Elie Samaha|Andrew Stevens|Steven Seagal,Tyler Bates
18147,Unaccompanied Minors,Lewis Black|Wilmer Valderrama|Tyler James Williams|Dyllan Christopher|Brett Kelly,18,Paul Feig,Jacob Meszaros|Mya Stark,,
17170,"Bright Lights, Big City",Michael J. Fox|Kiefer Sutherland|Phoebe Cates|Jason Robards|Dianne Wiest,24,James Bridges,Jay McInerney,Sydney Pollack|Mark Rosenberg,
18975,The Adventures of Pinocchio,Martin Landau|Jonathan Taylor Thomas|Geneviève Bujold|Udo Kier|Bebe Neuwirth,9,Steve Barron,Sherry Mills,,
15487,The Greatest Game Ever Played,Shia LaBeouf|Stephen Dillane|Josh Flitter|Peter Firth|Peyton List,6,Bill Paxton,Mark Frost,Mark Frost,
22825,The Box,Cameron Diaz|James Marsden|Frank Langella|Michael Zegen|James Rebhorn,16,Richard Kelly,Richard Kelly,,
11152,The Ruins,Shawn Ashmore|Jonathan Tucker|Jena Malone|Laura Ramsey|Joe Anderson,5,Carter Smith,Scott B. Smith,Chris Bender|Stuart Cornfeld,Graeme Revell
1831,The Next Best Thing,Madonna|Rupert Everett|Benjamin Bratt|Malcolm Stumpf|Josef Sommer,11,John Schlesinger,Tom Ropelewski,Tom Rosenberg|Leslie Dixon|Linne Radmin,
43931,My Soul to Take,Max Thieriot|John Magaro|Denzel Whitaker|Zena Grey|Nick Lashaway,14,Wes Craven,Wes Craven,Wes Craven|Anthony Katagas|Iya Labunka,
10591,The Girl Next Door,Emile Hirsch|Elisha Cuthbert|Timothy Olyphant|James Remar|Chris Marquette,23,Luke Greenfield,,Charles Gordon|Harry Gittes|Marc Sternberg,Paul Haslinger
10861,Maximum Risk,Jean-Claude Van Damme|Natasha Henstridge|Jean-Hugues Anglade|Zach Grenier|Paul Ben-Victor,38,Ringo Lam,,Moshe Diamant,Robert Folk
12770,Stealing Harvard,Jason Lee|Tom Green|Leslie Mann|Dennis Farina|John C. McGinley,10,Bruce McCulloch,Peter Tolan,Susan Cavan,Christophe Beck
276907,Legend,Tom Hardy|Emily Browning|Christopher Eccleston|David Thewlis|Taron Egerton,40,Brian Helgeland,Brian Helgeland,Tim Bevan|Eric Fellner|Brian Oliver|Chris Clark|Quentin Curtis,Carter Burwell
10074,Hot Rod,Andy Samberg|Isla Fisher|Bill Hader|Sissy Spacek|Danny McBride,20,Akiva Schaffer,,John Goldwyn|Lorne Michaels|Louise Rosner-Meyer|Erin David|Seth Meyers,Trevor Rabin
65055,Shark Night,Sara Paxton|Chris Carmack|Joel David Moore|Chris Zylka|Dustin Milligan,12,David R. Ellis,Will Hayes|Jesse Studenberg,,
10397,Angela's Ashes,Emily Watson|Robert Carlyle|Joe Breen|Michael Legge|Ciaran Owens,27,Alan Parker,Laura Jones,David Brown,John Williams
200505,Draft Day,Kevin Costner|Jennifer Garner|Tom Welling|Sam Elliott|Terry Crews,19,Ivan Reitman,Scott Rothman|Rajiv Joseph,Ivan Reitman|Gigi Pritzker|Joe Medjuck|Ali Bell,John Debney
11954,Lifeforce,Steve Railsback|Peter Firth|Frank Finlay|Mathilda May|Patrick Stewart,15,Tobe Hooper,Dan O'Bannon|Don Jakoby|Michael Armstrong|Olaf Pooley,Menahem Golan|Yoram Globus,Henry Mancini
60309,The Conspirator,Evan Rachel Wood|James McAvoy|Kevin Kline|Robin Wright|Alexis Bledel,18,Robert Redford,Gregory Bernstein|Gregory Bernstein|James D. Solomon|James D. Solomon,Bill Holderman,Mark Isham
9787,Lords of Dogtown,Emile Hirsch|Victor Rasuk|Rebecca De Mornay|John Robinson|Michael Angarano,20,Catherine Hardwicke,,John Linson,Mark Mothersbaugh
293646,The 33,Antonio Banderas|Rodrigo Santoro|Juliette Binoche|James Brolin|Lou Diamond Phillips,26,Patricia Riggen,Michael Thomas|Mikko Alanne|Craig Borten,Edward McGurn|Mike Medavoy|Robert Katz,James Horner
6978,Big Trouble in Little China,Kurt Russell|Kim Cattrall|Dennis Dun|James Hong|Victor Wong,46,John Carpenter,David Z. Weinstein|Gary Goldman,Larry J. Franco|James Lew|Jim Lau,John Carpenter|Alan Howarth
133698,Fly Me to the Moon,Diane Kruger|Dany Boon|Alice Pol|Robert Plagnol|Jonathan Cohen,11,Pascal Chaumeil,Laurent Zeitoun|Philippe Mechelen|Yoann Gromb,Nicolas Duval-Adassovsky|Laurent Zeitoun|Yann Zenou,Klaus Badelt
59440,Warrior,Tom Hardy|Jennifer Morrison|Nick Nolte|Joel Edgerton|Frank Grillo,28,Gavin O'Connor,Gavin O'Connor|Gavin O'Connor|Cliff Dorfman|Cliff Dorfman|Anthony Tambakis,Gavin O'Connor|Jamie Marshall|Greg O'Connor|Anthony Tambakis|Josh Fagin,Mark Isham
1770,Michael Collins,Liam Neeson|Aidan Quinn|Stephen Rea|Alan Rickman|Julia Roberts,22,Neil Jordan,Neil Jordan,Stephen Woolley,Elliot Goldenthal
10655,Gettysburg,Jeff Daniels|Tom Berenger|Martin Sheen|Sam Elliott|Stephen Lang,22,Ronald F. Maxwell,Ronald F. Maxwell,Robert Katz|Moctesuma Esparza,Randy Edelman
8988,Stop-Loss,Ryan Phillippe|Abbie Cornish|Joseph Gordon-Levitt|Channing Tatum|Josef Sommer,89,Kimberly Peirce,Kimberly Peirce|Mark Richard,Kimberly Peirce|Scott Rudin|Mark Roybal|Gregory Goodman,John Powell
15992,Abandon,Katie Holmes|Benjamin Bratt|Charlie Hunnam|Zooey Deschanel|Fred Ward,14,Stephen Gaghan,Stephen Gaghan,,
17707,Brokedown Palace,Claire Danes|Kate Beckinsale|Bill Pullman|Jacqueline Kim|Lou Diamond Phillips,14,Jonathan Kaplan,Adam Fields,Adam Fields,
77883,The Possession,Jeffrey Dean Morgan|Natasha Calis|Madison Davenport|Kyra Sedgwick|Rob LaBelle,14,Ole Bornedal,Juliet Snowden|Leslie Gornstein|E.L. Katz|Kevin Mannis,,
40001,Mrs. Winterbourne,Shirley MacLaine|Ricki Lake|Brendan Fraser|Jane Krakowski|Loren Dean,12,Richard Benjamin,Phoef Sutton|Lisa-Maria Radano,Oren Koules|Dale Pollock|Ross Canter,Patrick Doyle
64639,Straw Dogs,James Marsden|Kate Bosworth|Alexander Skarsgård|Dominic Purcell|Laz Alonso,20,Rod Lurie,David Zelag Goodman|David Zelag Goodman|Rod Lurie|Rod Lurie,,
9903,The Hoax,Richard Gere|Alfred Molina|Marcia Gay Harden|Hope Davis|Julie Delpy,27,Lasse Hallström,William Wheeler,Bob Yari|Leslie Holleran|Mark Gordon|Betsy Beers|Joshua Maurer,Carter Burwell
21338,Stone Cold,Brian Bosworth|Lance Henriksen|William Forsythe|Arabella Holzbog|Sam McMurray,16,Craig R. Baxley,Walter Doniger,Yoram Ben-Ami,
20766,The Road,Viggo Mortensen|Kodi Smit-McPhee|Charlize Theron|Robert Duvall|Guy Pearce,15,John Hillcoat,Joe Penhall,Nick Wechsler|Paula Mae Schwartz|Steve Schwartz,
24264,Sheena,Tanya Roberts|Ted Wass|Donovan Scott|Elizabeth of Toro|France Zobda,8,John Guillermin,David Newman|Lorenzo Semple Jr.,Paul Aratow,
19803,Underclassman,Nick Cannon|Roselyn Sánchez|Shawn Ashmore|Cheech Marin|Kelly Hu,7,Marcos Siega,David Wagner|Brent Goldberg,,
20309,Say It Isn't So,Chris Klein|Heather Graham|Orlando Jones|Sally Field|Richard Jenkins,17,J.B. Rogers,Peter Gaulke|Gerry Swallow,,Mason Daring
9912,The World's Fastest Indian,Anthony Hopkins|Iain Rea|Tessa Mitchell|Aaron Murphy|Tim Shadbolt,22,Roger Donaldson,,Roger Donaldson|John J. Kelly|Gary Hannam,J. Peter Robinson
9067,Tank Girl,Lori Petty|Ice-T|Naomi Watts|Malcolm McDowell|Iggy Pop,76,Rachel Talalay,Tedi Sarafian,Pen Densham|John Watson|Tom Astor,
27360,King's Ransom,Anthony Anderson|Jay Mohr|Kellita Smith|Brooke D'Orsay|Donald Faison,7,Jeffrey W. Byrd,,,
8338,Blindness,Julianne Moore|Mark Ruffalo|Alice Braga|Gael García Bernal|Danny Glover,17,Fernando Meirelles,Don McKellar,Niv Fichman|Andrea Barata Ribeiro|Bel Berlinck|Sonoko Sakai|Sheena Macdonald,Marco Antônio Guimarães
168705,BloodRayne,Kristanna Loken|Ben Kingsley|Michelle Rodriguez|Michael Madsen|Matthew Davis,11,Uwe Boll,Guinevere Turner,,
72113,Carnage,Kate Winslet|Jodie Foster|Christoph Waltz|John C. Reilly|Elvis Polanski,6,Roman Polanski,Roman Polanski|Yasmina Reza,Saïd Ben Saïd,Alexandre Desplat
9729,Where the Truth Lies,Kevin Bacon|Colin Firth|Alison Lohman|David Hayman|Rachel Blanchard,16,Atom Egoyan,Atom Egoyan,Robert Lantos,Mychael Danna
94352,Cirque du Soleil: Worlds Away,Erica Linz|Igor Zaripov|Matt Gillanders|Jason Berrent|Dallas Barnett,7,Andrew Adamson,Andrew Adamson,James Cameron|Andrew Adamson|Aron Warner|Martin Bolduc,
22256,Without Limits,Billy Crudup|Donald Sutherland|Monica Potter|Jeremy Sisto|Matthew Lillard,12,Robert Towne,Robert Towne|Kenny Moore,,
12404,Me and Orson Welles,Zac Efron|Claire Danes|Christian McKay|Imogen Poots|Zoe Kazan,14,Richard Linklater,Vincent Palmo Jr.|Holly Gent Palmo,Richard Linklater|Marc Samuelson|Ann Carli,Michael J. McEvoy
152742,The Best Offer,Geoffrey Rush|Jim Sturgess|Sylvia Hoeks|Donald Sutherland|Maximilian Dirr,16,Giuseppe Tornatore,Giuseppe Tornatore,Arturo Paglia|Isabella Cocuzza,Ennio Morricone
11699,The Bad Lieutenant: Port of Call - New Orleans,Nicolas Cage|Eva Mendes|Val Kilmer|Fairuza Balk|Shawn Hatosy,58,Werner Herzog,William M. Finkelstein,Nicolas Cage|Edward R. Pressman|Randall Emmett|John Thompson|Melanie Brown,Mark Isham
49953,A Turtle's Tale: Sammy's Adventures,Yuri Lowenthal|Gemma Arterton|Isabelle Fuhrman|Melanie Griffith|Tim Curry,10,Ben Stassen,Domonic Paris,Ben Stassen|Domonic Paris|Mimi Maynard|Gina Gallo|Caroline Van Iseghem,Ramin Djawadi
48034,Little White Lies,François Cluzet|Marion Cotillard|Benoît Magimel|Gilles Lellouche|Jean Dujardin,27,Guillaume Canet,Guillaume Canet,Alain Attal,
39845,Love Ranch,Helen Mirren|Joe Pesci|Sergio Peris-Mencheta|Gina Gershon|Bai Ling,12,Taylor Hackford,Mark Jacobson,,
25353,The True Story of Puss 'n Boots,Jérôme Deschamps|Yolande Moreau|Louise Wallon|Arthur Deschamps|Jean-Claude Bolle-Reddat,5,Jérôme Deschamps|Pascal Hérold|Macha Makeïeff,Pascal Hérold,,
36696,Space Dogs,Anna Bolshova|Evgeny Mironov|Sergey Garmash|Aleksandr Bashirov|Elena Yakovleva,10,Inna Evlannikova|Svyatoslav Ushakov,Aleksandr Talal|John Chua,,
109091,The Counselor,Michael Fassbender|Cameron Diaz|Javier Bardem|Goran Visnjic|Penélope Cruz,30,Ridley Scott,Cormac McCarthy,Ridley Scott|Nick Wechsler|Paula Mae Schwartz|Steve Schwartz,Daniel Pemberton
38543,Ironclad,James Purefoy|Kate Mara|Jason Flemyng|Paul Giamatti|Brian Cox,41,Jonathan English,Erick Kastel|Jonathan English,Rick Benattar|Andrew J. Curtis,Lorne Balfe
33157,Waterloo,Rod Steiger|Christopher Plummer|Orson Welles|Jack Hawkins|Virginia McKenna,21,Sergey Bondarchuk,H.A.L. Craig,Dino De Laurentiis,
290864,Kung Fu Jungle,Donnie Yen|Charlie Yeung|Wang Baoqiang|Bai Bing|Deep Ng,10,Teddy Chan,Teddy Chan|Lau Ho-Leung|Mak Tin-Shu,Alex Tong|Catherine Hun|Ning Song,
242166,Red Sky,Cam Gigandet|Rachael Leigh Cook|Shane West|Bill Pullman|Brian Krause,13,Mario Van Peebles,Randy Arrington|Adam Prince,Russell Gray|Sergei Bespalov|Yakov Bentsvi|Dmitry Guzeev|Dave Riggs,
859,Dangerous Liaisons,Glenn Close|John Malkovich|Michelle Pfeiffer|Swoosie Kurtz|Keanu Reeves,14,Stephen Frears,Choderlos de Laclos|Christopher Hampton,Norma Heyman|Hank Moonjean,George Fenton
83770,On the Road,Garrett Hedlund|Sam Riley|Kristen Stewart|Amy Adams|Tom Sturridge,17,Walter Salles,José Rivera,Nathanaël Karmitz|Charles Gillibert,Gustavo Santaolalla
168,Star Trek IV: The Voyage Home,William Shatner|Leonard Nimoy|DeForest Kelley|James Doohan|George Takei,15,Leonard Nimoy,Nicholas Meyer|Harve Bennett|Steve Meerson|Peter Krikes,Harve Bennett,Leonard Rosenman
1246,Rocky Balboa,Sylvester Stallone|Burt Young|Milo Ventimiglia|Geraldine Hughes|James Francis Kelly III,16,Sylvester Stallone,Sylvester Stallone,William Chartoff|Kevin King Templeton|Charles Winkler|David Winkler,Bill Conti
4233,Scream 2,David Arquette|Neve Campbell|Courteney Cox|Sarah Michelle Gellar|Jamie Kennedy,75,Wes Craven,Kevin Williamson,Cathy Konrad|Marianne Maddalena,Marco Beltrami
174751,Jane Got a Gun,Natalie Portman|Joel Edgerton|Ewan McGregor|Noah Emmerich|Boyd Holbrook,15,Gavin O'Connor,Joel Edgerton|Anthony Tambakis|Brian Duffield,Natalie Portman|Scott Steindorff|Scott LaStaiti|Chris Coen|Aleen Keshishian,
184098,Think Like a Man Too,Adam Brody|Michael Ealy|Jerry Ferrara|Meagan Good|Regina Hall,23,Tim Story,Keith Merryman|David A. Newman,William Packer,
2069,The Whole Nine Yards,Bruce Willis|Matthew Perry|Rosanna Arquette|Michael Clarke Duncan|Kevin Pollak,10,Jonathan Lynn,Mitchell Kapner,Allan Kaufman|David Willis,Randy Edelman|Gary Gold
1788,Footloose,Kevin Bacon|John Lithgow|Dianne Wiest|Chris Penn|Lori Singer,13,Herbert Ross,Dean Pitchford,Lewis J. Rachmil|Craig Zadan,
11635,Old School,Luke Wilson|Will Ferrell|Vince Vaughn|Ellen Pompeo|Leah Remini,14,Todd Phillips,Todd Phillips|Scot Armstrong|Court Crandall,Todd Phillips|Daniel Goldberg|Joe Medjuck,
177,The Fisher King,Jeff Bridges|Robin Williams|Mercedes Ruehl|Amanda Plummer|Michael Jeter,25,Terry Gilliam,Richard LaGravenese,Debra Hill|Lynda Obst,George Fenton
3600,I Still Know What You Did Last Summer,Jennifer Love Hewitt|Freddie Prinze Jr.|Mekhi Phifer|Brandy Norwood|Muse Watson,11,Danny Cannon,Trey Callaway,Erik Feig|Neal H. Moritz|Stokely Chaffin|William S. Beasley,John Frizzell
2621,Return to Me,David Duchovny|Minnie Driver|Carroll O'Connor|Robert Loggia|Jim Belushi,15,Bonnie Hunt,Bonnie Hunt|Don Lake,,
10358,Zack and Miri Make a Porno,Seth Rogen|Elizabeth Banks|Jennifer Schwalbach Smith|Jason Mewes|Gerry Bednob,14,Kevin Smith,Kevin Smith,Scott Mosier,James L. Venable
10480,Nurse Betty,Renée Zellweger|Morgan Freeman|Chris Rock|Greg Kinnear|Aaron Eckhart,21,Neil LaBute,John C. Richards,Steve Golin,Rolfe Kent
10313,The Men Who Stare at Goats,George Clooney|Ewan McGregor|Jeff Bridges|Kevin Spacey|Robert Patrick,35,Grant Heslov,Peter Straughan,George Clooney|Grant Heslov|Paul Lister,Rolfe Kent
18828,Double Take,Orlando Jones|Eddie Griffin|Garcelle Beauvais|Gary Grubbs|Daniel Roebuck,7,George Gallo,,David Permut,
3558,"Girl, Interrupted",Winona Ryder|Angelina Jolie|Clea DuVall|Brittany Murphy|Elisabeth Moss,17,James Mangold,James Mangold|Lisa Loomer|Anna Hamilton Phelan,Cathy Konrad|Douglas Wick,Mychael Danna
13476,Win a Date with Tad Hamilton!,Josh Duhamel|Kate Bosworth|Topher Grace|Nathan Lane|Sean Hayes,11,Robert Luketic,Victor Levin,,
10208,Muppets from Space,Steve Whitmire|Dave Goelz|Bill Barretta|Frank Oz|Jerry Nelson,18,Tim Hill,Jerry Juhl,Ken Kaufman,Jamshied Sharifi
24961,The Wiz,Diana Ross|Michael Jackson|Nipsey Russell|Ted Ross|Theresa Merritt,10,Sidney Lumet,Joel Schumacher,Rob Cohen,Charlie Smalls
20697,Ready to Rumble,David Arquette|Scott Caan|Oliver Platt|Rose McGowan|Bill Goldberg,47,Brian Robbins,Steven Brill,Jeffrey Silver|Robert F. Newmyer|Scott Strauss|John Gatins|Herb Gains,
20761,Play It to the Bone,Antonio Banderas|Woody Harrelson|Lolita Davidovich|Tom Sizemore|Lucy Liu,24,Ron Shelton,Ron Shelton,Stephen Chin,
70868,I Don't Know How She Does It,Sarah Jessica Parker|Pierce Brosnan|Sarah Shahi|Busy Philipps|Olivia Munn,14,Douglas McGrath,Aline Brosh McKenna,,
43593,Piranha 3D,Elisabeth Shue|Adam Scott|Jerry O'Connell|Steven R. McQueen|Jessica Szohr,20,Alexandre Aja,Josh Stolberg,Mark Canton|Grégory Levasseur|Alexandre Aja|Marc Toberoff,Michael Wandmacher
6478,Beyond the Sea,Kevin Spacey|Kate Bosworth|John Goodman|Bob Hoskins|Brenda Blethyn,8,Kevin Spacey,Lewis Colick|Kevin Spacey,Kevin Spacey|Jan Fantl,
40688,Meet the Deedles,Paul Walker|John Ashton|Dennis Hopper|Eric Braeden|Richard Lineback,9,Steve Boyum,Jim Herzfeld,Aaron Meyerson|Dale Pollock,Steve Bartek
26672,The Thief and the Cobbler,Vincent Price|Anthony Quayle|Sean Connery|Joan Sims|Paul Matthews,12,Richard Williams,Richard Williams|Margaret French,Richard Williams|Imogen Sutton,
45881,The Bridge of San Luis Rey,Gabriel Byrne|F. Murray Abraham|Kathy Bates|Robert De Niro|Harvey Keitel,15,Mary McGuckian,Mary McGuckian,,Lalo Schifrin
41283,Faster,Dwayne Johnson|Billy Bob Thornton|Maggie Grace|Carla Gugino|Tom Berenger,20,"George Tillman, Jr.",Joe Gayton|Joe Gayton|Tony Gayton|Tony Gayton,Martin Shafer|Liz Glotzer|Robert Teitel|Tony Gayton,Clint Mansell
4935,Howl's Moving Castle,Takuya Kimura|Akihiro Miwa|Tatsuya Gashûin|Mitsunori Isaki|Yo Oizumi,10,Hayao Miyazaki,Hayao Miyazaki,Rick Dempsey|Ned Lott|Toshio Suzuki|Tomohiko Ishii,Joe Hisaishi
19908,Zombieland,Jesse Eisenberg|Woody Harrelson|Emma Stone|Abigail Breslin|Amber Heard,16,Ruben Fleischer,Rhett Reese|Paul Wernick,Gavin Polone,
10663,The Waterboy,Adam Sandler|Kathy Bates|Fairuza Balk|Henry Winkler|Jerry Reed,15,Frank Coraci,Adam Sandler|Tim Herlihy,Jack Giarraputo|Robert Simonds,
1891,The Empire Strikes Back,Mark Hamill|Harrison Ford|Carrie Fisher|Billy Dee Williams|Anthony Daniels,76,Irvin Kershner,George Lucas|Leigh Brackett|Lawrence Kasdan,Gary Kurtz|Howard G. Kazanjian,John Williams
9737,Bad Boys,Will Smith|Martin Lawrence|Téa Leoni|Tchéky Karyo|Joe Pantoliano,32,Michael Bay,Doug Richardson|George Gallo|Michael Barrie|Jim Mulholland,Jerry Bruckheimer|Don Simpson,Mark Mancina
37137,The Naked Gun 2½: The Smell of Fear,Leslie Nielsen|Priscilla Presley|George Kennedy|O.J. Simpson|Robert Goulet,18,David Zucker,Jim Abrahams|David Zucker|Pat Proft,Robert K. Weiss|Jim Abrahams,Ira Newborn
9532,Final Destination,Devon Sawa|Ali Larter|Kerr Smith|Tony Todd|Seann William Scott,13,James Wong,Glenn Morgan|James Wong|Jeffrey Reddick,Craig Perry|Warren Zide|Glenn Morgan,Shirley Walker
10316,The Ides of March,Ryan Gosling|George Clooney|Philip Seymour Hoffman|Paul Giamatti|Evan Rachel Wood,54,George Clooney,George Clooney|Grant Heslov|Beau Willimon,George Clooney|Grant Heslov|Brian Oliver,
2787,Pitch Black,Vin Diesel|Radha Mitchell|Cole Hauser|Lewis Fitz-Gerald|Claudia Black,15,David Twohy,David Twohy|Jim Wheat|Jim Wheat|Ken Wheat|Ken Wheat,Tom Engelman,
12658,Someone Like You...,Ashley Judd|Greg Kinnear|Hugh Jackman|Marisa Tomei|Ellen Barkin,10,Tony Goldwyn,Elizabeth Chandler,Lynda Obst,Rolfe Kent
152601,Her,Joaquin Phoenix|Scarlett Johansson|Rooney Mara|Amy Adams|Olivia Wilde,37,Spike Jonze,Spike Jonze,Spike Jonze|Vincent Landay|Megan Ellison,Owen Pallett
10866,Joy Ride,Steve Zahn|Paul Walker|Leelee Sobieski|Jessica Bowman|Stuart Stone,28,John Dahl,J.J. Abrams|Clay Tarver,Chris Moore|J.J. Abrams,Marco Beltrami
227707,The Adventurer: The Curse of the Midas Box,Aneurin Barnard|Michael Sheen|Lena Headey|Sam Neill|Ioan Gruffudd,31,Jonathan Newman,Matthew Huffman|Christian Taylor,Peter Bevan|Karl Richards|Ibon Cormenzana|Ignasi Estapé,
21349,Anywhere But Here,Susan Sarandon|Natalie Portman|Hart Bochner|Eileen Ryan|Ray Baker,13,Wayne Wang,Alvin Sargent|Mona Simpson,,
19150,The Crew,Richard Dreyfuss|Burt Reynolds|Dan Hedaya|Seymour Cassel|Carrie-Anne Moss,13,Michael Dinner,Michael Dinner,,
70435,Haywire,Gina Carano|Ewan McGregor|Michael Fassbender|Bill Paxton|Channing Tatum,14,Steven Soderbergh,Lem Dobbs,Ken Halsband|Gregory Jacobs,David Holmes
580,Jaws: The Revenge,Lorraine Gary|Lance Guest|Mario Van Peebles|Michael Caine|Karen Young,30,Joseph Sargent,Peter Benchley|Michael De Guzman,Joseph Sargent,Michael Small
9819,Marvin's Room,Diane Keaton|Meryl Streep|Leonardo DiCaprio|Robert De Niro|Hume Cronyn,18,Jerry Zaks,Scott McPherson,Robert De Niro|Scott Rudin|Jane Rosenthal,Rachel Portman
13579,The Longshots,Ice Cube|Keke Palmer|Tasha Smith|Jill Marie Jones|Dash Mihok,19,Fred Durst,,,
20024,The End of the Affair,Ralph Fiennes|Stephen Rea|Julianne Moore|James Bolam|Ian Hart,13,Neil Jordan,Neil Jordan,Stephen Woolley|Neil Jordan,Michael Nyman
2453,Harley Davidson and the Marlboro Man,Mickey Rourke|Don Johnson|Chelsea Field|Daniel Baldwin|Giancarlo Esposito,16,Simon Wincer,Don Michael Paul,Don Michael Paul|Jere Henshaw|Missy Alpern,Basil Poledouris|Ken Tamplin
6973,In the Valley of Elah,Tommy Lee Jones|Charlize Theron|Susan Sarandon|Frances Fisher|James Franco,42,Paul Haggis,Paul Haggis|Mark Boal,Paul Haggis|Patrick Wachsberger|Steve Samuels|Darlene Caamano|Laurence Becsey,
11156,Coco Before Chanel,Audrey Tautou|Benoît Poelvoorde|Alessandro Nivola|Marie Gillain|Emmanuelle Devos,18,Anne Fontaine,Anne Fontaine|Camille Fontaine,Carole Scotta|Simon Arnal|Caroline Benjo|Philippe Carcassonne,
354110,Forsaken,Demi Moore|Kiefer Sutherland|Donald Sutherland|Brian Cox|Siobhan Williams,16,Jon Cassar,Brad Mirman,Gary Howsam|Bill Marks|Kevin DeWalt|Josh Miller|Isabella Marchese Ragona,
22215,Cheri,Michelle Pfeiffer|Kathy Bates|Rupert Friend|Felicity Jones|Iben Hjejle,16,Stephen Frears,Christopher Hampton,,Alexandre Desplat
11632,Vanity Fair,Reese Witherspoon|James Purefoy|Jonathan Rhys Meyers|Romola Garai|Gabriel Byrne,13,Mira Nair,Julian Fellowes|Matthew Faulk|Mark Skeet,Donna Gigliotti|Janette Day|Lydia Dean Pilcher,Mychael Danna
30596,Bodyguards and Assassins,Donnie Yen|Wang Xue-qi|Tony Leung Ka-Fai|Nicholas Tse|Hu Jun,18,Teddy Chan,Chun Tin-Nam|Guo Junli|Joyce Chan Ka-Yi,,
3021,1408,John Cusack|Samuel L. Jackson|Mary McCormack|Jasmine Jessica Anthony|Tony Shalhoub,40,Mikael Håfström,Scott Alexander|Larry Karaszewski|Matt Greenberg,Lorenzo di Bonaventura,
957,Spaceballs,Mel Brooks|Rick Moranis|Bill Pullman|Daphne Zuniga|John Candy,28,Mel Brooks,Mel Brooks|Thomas Meehan|Ronny Graham,Mel Brooks|Ezra Swerdlow,John Morris
256917,The Water Diviner,Russell Crowe|Olga Kurylenko|Yılmaz Erdoğan|Cem Yılmaz|Jai Courtney,24,Russell Crowe,Andrew Knight|Andrew Anastasios,Andrew Mason|Troy Lum|Keith Rodger,David Hirschfelder
251,Ghost,Patrick Swayze|Demi Moore|Whoopi Goldberg|Tony Goldwyn|Vincent Schiavelli,14,Jerry Zucker,,Lisa Weinstein|Howard W. Koch,Maurice Jarre
544,There's Something About Mary,Cameron Diaz|Ben Stiller|Matt Dillon|Lee Evans|Chris Elliott,19,Bobby Farrelly|Peter Farrelly,Bobby Farrelly|Peter Farrelly|Ed Decter|John J. Strauss,Frank Beddor|Michael Steinberg|Bradley Thomas|Charles B. Wessler,Jonathan Richman
11395,The Santa Clause,Tim Allen|Judge Reinhold|Wendy Crewson|David Krumholtz|Peter Boyle,11,John Pasquin,Steve Rudnick|Leo Benvenuti,Jeffrey Silver|Brian Reilly,Michael Convertino
14635,The Rookie,Dennis Quaid|Rachel Griffiths|Beth Grant|Angus T. Jones|Brian Cox,9,John Lee Hancock,Mike Rich,,
13680,The Game Plan,Dwayne Johnson|Madison Pettis|Kyra Sedgwick|Roselyn Sánchez|Morris Chestnut,15,Andy Fickman,,Mark Ciardi|Gordon Gray,Audrey Wells
688,The Bridges of Madison County,Meryl Streep|Clint Eastwood|Annie Corley|Victor Slezak|Jim Haynie,12,Clint Eastwood,Richard LaGravenese,Clint Eastwood|Tom Rooker|Kathleen Kennedy|Michael Maurer,Clint Eastwood|Lennie Niehaus
11090,The Animal,Rob Schneider|Colleen Haskell|John C. McGinley|Ed Asner|Guy Torry,14,Luke Greenfield,Tom Brady,Barry Bernardi|Todd Garner|Carr D'Angelo,Teddy Castellucci
783,Gandhi,Ben Kingsley|Candice Bergen|Edward Fox|John Gielgud|Trevor Howard,92,Richard Attenborough,John Briley,Richard Attenborough|Terence A. Clegg,
228194,The Hundred-Foot Journey,Helen Mirren|Manish Dayal|Om Puri|Charlotte Le Bon|Rohan Chand,39,Lasse Hallström,Steven Knight,Steven Spielberg|Oprah Winfrey,
1642,The Net,Sandra Bullock|Jeremy Northam|Dennis Miller|Wendy Gazelle|Ken Howard,32,Irwin Winkler,John D. Brancato|Michael Ferris,Irwin Winkler|Rob Cowan,
10950,I Am Sam,Sean Penn|Michelle Pfeiffer|Dianne Wiest|Dakota Fanning|Richard Schiff,38,Jessie Nelson,Jessie Nelson|Kristine Johnson,Edward Zwick|Marshall Herskovitz|Richard Solomon|Jessie Nelson,John Powell
235260,Son of God,Roma Downey|Diogo Morgado|Louise Delamere|Darwin Shaw|Amber Rose Revah,35,Christopher Spencer,Nic Young|Christopher Spencer|Richard Bedser|Colin Swash,,
277,Underworld,Kate Beckinsale|Scott Speedman|Michael Sheen|Shane Brolly|Bill Nighy,32,Len Wiseman,Len Wiseman|Kevin Grevioux|Danny McBride|Danny McBride,Tom Rosenberg|Gary Lucchesi|Richard S. Wright,Paul Haslinger
8999,Derailed,Clive Owen|Jennifer Aniston|Vincent Cassel|Melissa George|Addison Timlin,19,Mikael Håfström,Stuart Beattie,Lorenzo di Bonaventura,Ed Shearmur
11323,The Informant!,Matt Damon|Scott Bakula|Joel McHale|Melanie Lynskey|Ann Dowd,24,Steven Soderbergh,Scott Z. Burns,,Marvin Hamlisch
10445,Shadowlands,Anthony Hopkins|Debra Winger|John Wood|Julian Fellowes|Roddy Maude-Roxby,14,Richard Attenborough,William Nicholson,Richard Attenborough|Brian Eastman,George Fenton
11453,Deuce Bigalow: European Gigolo,Rob Schneider|Eddie Griffin|Jeroen Krabbé|Til Schweiger|Hanna Verboom,10,Mike Bigelow,Rob Schneider|Jason Ward|David Garrett,Adam Sandler|Jack Giarraputo|John Schneider,James L. Venable
146239,Delivery Man,Vince Vaughn|Cobie Smulders|Chris Pratt|Britt Robertson|Jack Reynor,12,Ken Scott,Martin Petit|Ken Scott,André Rouleau,Jon Brion
205588,Our Kind of Traitor,Ewan McGregor|Stellan Skarsgård|Damian Lewis|Naomie Harris|Jeremy Northam,20,Susanna White,Hossein Amini,Gail Egan|Stephen Cornwell|Simon Cornwell,Marcelo Zarvos
10878,Saving Silverman,Jason Biggs|Steve Zahn|Jack Black|Amanda Peet|Amanda Detmer,13,Dennis Dugan,Hank Nelken|Greg DePaul,Bruce Berman,
82650,Diary of a Wimpy Kid: Dog Days,Zachary Gordon|Robert Capron|Devon Bostick|Rachael Harris|Steve Zahn,19,David Bowers,Wallace Wolodarsky|Maya Forbes|Gabe Sachs|Jeff Judah,,
10279,Summer of Sam,John Leguizamo|Adrien Brody|Mira Sorvino|Jennifer Esposito|Anthony LaPaglia,19,Spike Lee,Spike Lee|Victor Colicchio|Michael Imperioli,Jon Kilik|Spike Lee,Terence Blanchard
2294,Jay and Silent Bob Strike Back,Kevin Smith|Jason Mewes|Ben Affleck|Jeff Anderson|Brian O'Halloran,29,Kevin Smith,Kevin Smith,Scott Mosier,James L. Venable
2176,The Glass House,Leelee Sobieski|Diane Lane|Stellan Skarsgård|Bruce Dern|Kathy Baker,19,Daniel Sackheim,Wesley Strick,Neal H. Moritz,
270487,"Hail, Caesar!",Josh Brolin|George Clooney|Alden Ehrenreich|Ralph Fiennes|Scarlett Johansson,87,Joel Coen|Ethan Coen,Joel Coen|Ethan Coen,Joel Coen|Ethan Coen|Tim Bevan|Eric Fellner,
19366,Josie and the Pussycats,Rachael Leigh Cook|Rosario Dawson|Tara Reid|Gabriel Mann|Alan Cumming,11,Deborah Kaplan|Harry Elfont,Deborah Kaplan|Harry Elfont,Marc Platt,John Frizzell
204082,Homefront,Jason Statham|James Franco|Izabela Vidovic|Winona Ryder|Rachelle Lefevre,16,Gary Fleder,Sylvester Stallone,Sylvester Stallone|Kevin King Templeton|John Thompson,Mark Isham
24100,The Little Vampire,Richard E. Grant|Jonathan Lipnicki|Jim Carter|Alice Krige|Pamela Gidley,9,Uli Edel,,,
1599,I Heart Huckabees,Jason Schwartzman|Dustin Hoffman|Lily Tomlin|Jude Law|Mark Wahlberg,17,David O. Russell,David O. Russell|Jeff Baena,,
5550,RoboCop 3,Robert John Burke|Nancy Allen|Mario Machado|Jodi Long|John Posey,22,Fred Dekker,Frank Miller|Frank Miller|Fred Dekker,Patrick Crowley,Basil Poledouris
30379,Megiddo: The Omega Code 2,Michael York|Michael Biehn|Diane Venora|R. Lee Ermey|Udo Kier,11,Brian Trenchard-Smith|Paul J. Lombardi,John Fasano|Stephan Blinn,,
42586,Darling Lili,Julie Andrews|Rock Hudson|Jeremy Kemp|Lance Percival|Michael Witney,7,Blake Edwards,Blake Edwards|William Peter Blatty,,
17709,Dudley Do-Right,Brendan Fraser|Sarah Jessica Parker|Alfred Molina|Eric Idle|Robert Prosky,73,Hugh Wilson,Hugh Wilson,John Davis|Joseph Singer|J. Todd Harris,
287948,The Transporter Refueled,Ed Skrein|Ray Stevenson|Loan Chabanol|Gabriella Wright|Tatjana Pajković,27,Camille Delamarre,Luc Besson|Adam Cooper|Bill Collage,Luc Besson|Mark Gao,
7548,The Libertine,Johnny Depp|Samantha Morton|John Malkovich|Rosamund Pike|Paul Ritter,17,Laurence Dunmore,Stephen Jeffreys,John Malkovich|Lianne Halfon|Russell Smith,Michael Nyman
9075,Black Book,Carice van Houten|Sebastian Koch|Thom Hoffman|Halina Reijn|Waldemar Kobus,18,Paul Verhoeven,Paul Verhoeven|Gerard Soeteman,Jeroen Beker|Frans van Gestel,
11661,Joyeux Noël,Diane Kruger|Natalie Dessay|Benno Fürmann|Guillaume Canet|Gary Lewis,15,Christian Carion,Christian Carion,Christophe Rossignon,Philippe Rombi
109513,Hit & Run,Kristen Bell|Dax Shepard|Tom Arnold|Kristin Chenoweth|Michael Rosenbaum,18,Dax Shepard|David Palmer,Dax Shepard,Andrew Panay|Kim Waltrip|Nate Tuck,Julian Wass|Robert Mervak
12085,Mad Money,Diane Keaton|Queen Latifah|Katie Holmes|Ted Danson|Roger Cross,9,Callie Khouri,Glenn Gers,,James Newton Howard|Martin Davich
204922,Before I Go to Sleep,Nicole Kidman|Colin Firth|Mark Strong|Anne-Marie Duff|Jing Lusi,10,Rowan Joffe,Rowan Joffe,Avi Lerner|Mark Gill|Liza Marshall|Matthew O'Toole,Ed Shearmur
38985,Sorcerer,Roy Scheider|Bruno Cremer|Francisco Rabal|Amidou|Ramon Bieri,14,William Friedkin,Walon Green,William Friedkin,Tangerine Dream
44113,Stone,Frances Conroy|Robert De Niro|Edward Norton|Milla Jovovich|Enver Gjokaj,11,John Curran,Angus MacLachlan,,
21494,Moliere,Romain Duris|Fabrice Luchini|Edouard Baer|Ludivine Sagnier|Laura Morante,11,Laurent Tirard,Grégoire Vigneron|Laurent Tirard,,
164457,Out of the Furnace,Christian Bale|Zoe Saldana|Woody Harrelson|Sam Shepard|Willem Dafoe,41,Scott Cooper,Scott Cooper|Brad Ingelsby,Ridley Scott|Tony Scott|Leonardo DiCaprio|Michael Costigan|Ryan Kavanaugh,
4566,Michael Clayton,George Clooney|Tom Wilkinson|Tilda Swinton|Sydney Pollack|Michael O'Keefe,18,Tony Gilroy,Tony Gilroy,Sydney Pollack|Jennifer Fox|Steve Samuels|Kerry Orent,James Newton Howard
17795,My Fellow Americans,Jack Lemmon|James Garner|Dan Aykroyd|John Heard|Wilford Brimley,17,Peter Segal,Peter Tolan|E. Jack Kaplan|E. Jack Kaplan|Richard Chapman|Richard Chapman,,
1073,Arlington Road,Jeff Bridges|Tim Robbins|Joan Cusack|Hope Davis|Robert Gossett,16,Mark Pellington,Ehren Kruger,Tom Gorai|Marc Samuelson|Peter Samuelson,Angelo Badalamenti
153158,Underdogs,Juan José Campanella|Diego Ramos|Pablo Rago|Axel Kuschevatzky|David Masajnik,15,Juan José Campanella,Juan José Campanella|Eduardo Sacheri|Axel Kuschevatzky,,
81836,To Rome with Love,Ellen Page|Woody Allen|Jesse Eisenberg|Penélope Cruz|Alec Baldwin,17,Woody Allen,Woody Allen,,
10724,Firefox,Clint Eastwood|Freddie Jones|David Huffman|Warren Clarke|Ronald Lacey,54,Clint Eastwood,Wendell Wellman|Alex Lasker,Clint Eastwood,Maurice Jarre
9473,"South Park: Bigger, Longer & Uncut",Trey Parker|Matt Stone|Mary Kay Bergman|Isaac Hayes|George Clooney,19,Trey Parker,Trey Parker|Matt Stone|Pam Brady,Trey Parker|Matt Stone|Frank C. Agnone II,Marc Shaiman
2196,Death at a Funeral,Matthew Macfadyen|Keeley Hawes|Andy Nyman|Ewen Bremner|Daisy Donovan,14,Frank Oz,Dean Craig,Diana Phillips|Laurence Malkin|Share Stallings,
1499,Teenage Mutant Ninja Turtles III,Paige Turco|Stuart Wilson|Sab Shimono|Vivian Wu|Mark Caso,29,Stuart Gillard,Stuart Gillard,David Chan|Kim Dawson,
20857,Hardball,Keanu Reeves|Diane Lane|Michael B. Jordan|D. B. Sweeney|John Hawkes,21,Brian Robbins,John Gatins,,
82693,Silver Linings Playbook,Bradley Cooper|Jennifer Lawrence|Robert De Niro|Jacki Weaver|Chris Tucker,62,David O. Russell,David O. Russell,Bruce Cohen|Jonathan Gordon|Donna Gigliotti|Mark Kamine,Danny Elfman
1646,Freedom Writers,Hilary Swank|Scott Glenn|Imelda Staunton|Patrick Dempsey|Mario,28,Richard LaGravenese,Richard LaGravenese,Danny DeVito|Michael Shamberg|Stacey Sher,
44944,For Colored Girls,Kimberly Elise|Janet Jackson|Loretta Devine|Thandie Newton|Anika Noni Rose,16,Tyler Perry,Tyler Perry,Paul Hall,
4108,The Transporter,Jason Statham|Shu Qi|François Berléand|Matt Schulze|Ric Young,13,Louis Leterrier|Corey Yuen Kwai,Luc Besson|Robert Mark Kamen,Luc Besson|Steve Chasman,Stanley Clarke
8456,Never Back Down,Sean Faris|Amber Heard|Cam Gigandet|Djimon Hounsou|Evan Peters,10,Jeff Wadlow,Chris Hauty,Craig Baumgarten|David Zelon,
7341,The Rage: Carrie 2,Emily Bergl|Jason London|Amy Irving|J. Smith-Cameron|Dylan Bruno,42,Katt Shea,Rafael Moreu,Paul Monash,Danny B. Harvey
19255,Away We Go,John Krasinski|Maya Rudolph|Carmen Ejogo|Catherine O'Hara|Jeff Daniels,17,Sam Mendes,Dave Eggers|Vendela Vida,Edward Saxon|Peter Saraf|Marc Turtletaub,Alexi Murdoch
10187,Swing Vote,Kevin Costner|Madeline Carroll|Paula Patton|Kelsey Grammer|Dennis Hopper,28,Joshua Michael Stern,Joshua Michael Stern|Jason Richman,Kevin Costner|Jim Wilson,
31005,Moonlight Mile,Jake Gyllenhaal|Dustin Hoffman|Susan Sarandon|Aleksia Landeau|Ellen Pompeo,16,Brad Silberling,Brad Silberling,Mark Johnson|Brad Silberling,
49517,Tinker Tailor Soldier Spy,John Hurt|Gary Oldman|Kathy Burke|Benedict Cumberbatch|Colin Firth,31,Tomas Alfredson,Peter Straughan|Bridget O'Connor,Tim Bevan|Eric Fellner|Robyn Slovo,Alberto Iglesias
44857,Molly,Elisabeth Shue|Aaron Eckhart|Jill Hennessy|Thomas Jane|D.W. Moffett,16,John Duigan,Dick Christie,William J. MacDonald,
50780,The Beaver,Jodie Foster|Mel Gibson|Jennifer Lawrence|Anton Yelchin|Zachary Booth,7,Jodie Foster,Kyle Killen,Steve Golin|Ann Ruark|Keith Redmon,
16363,The Best Little Whorehouse in Texas,Burt Reynolds|Dolly Parton|Dom DeLuise|Charles Durning|Jim Nabors,37,Colin Higgins,Peter Masterson|Larry L. King,Edward K. Milkis|Thomas L. Miller|Robert L. Boyett,Patrick Williams|Carol Hall
1946,eXistenZ,Jennifer Jason Leigh|Jude Law|Ian Holm|Willem Dafoe|Don McKellar,17,David Cronenberg,David Cronenberg,David Cronenberg|András Hámori|Robert Lantos,Howard Shore
85,Raiders of the Lost Ark,Harrison Ford|Karen Allen|Paul Freeman|Ronald Lacey|John Rhys-Davies,50,Steven Spielberg,George Lucas|Philip Kaufman|Lawrence Kasdan,Frank Marshall,John Williams
772,Home Alone 2: Lost in New York,Macaulay Culkin|Joe Pesci|Catherine O'Hara|Daniel Stern|John Heard,18,Chris Columbus,John Hughes,John Hughes,John Williams
840,Close Encounters of the Third Kind,Richard Dreyfuss|François Truffaut|Teri Garr|Melinda Dillon|Bob Balaban,59,Steven Spielberg,Steven Spielberg|Matthew Robbins|Hal Barwood|Jerry Belson|John Hill,Clark L. Paylow|Julia Phillips|Michael Phillips,John Williams
9682,Pulse,Kristen Bell|Ian Somerhalder|Christina Milian|Rick Gonzalez|Jonathan Tucker,15,Jim Sonzero,,,Elia Cmiral
96,Beverly Hills Cop II,Eddie Murphy|Judge Reinhold|John Ashton|Ronny Cox|Paul Reiser,27,Tony Scott,Eddie Murphy|Robert D. Wachs|Larry Ferguson|Warren Skaaren,Jerry Bruckheimer|Don Simpson,Harold Faltermeyer
10678,Bringing Down the House,Steve Martin|Queen Latifah|Eugene Levy|Joan Plowright|Jean Smart,59,Adam Shankman,Shane West|Jason Filardi,Ashok Amritraj|David Hoberman,Lalo Schifrin
274,The Silence of the Lambs,Jodie Foster|Anthony Hopkins|Scott Glenn|Ted Levine|Anthony Heald,59,Jonathan Demme,Ted Tally,Ronald M. Bozman|Edward Saxon|Kenneth Utt,Howard Shore
8872,Wayne's World,Mike Myers|Dana Carvey|Rob Lowe|Tia Carrere|Lara Flynn Boyle,18,Penelope Spheeris,,Lorne Michaels,J. Peter Robinson
16290,Jackass 3D,Johnny Knoxville|Bam Margera|Ryan Dunn|Steve-O|Chris Pontius,42,Jeff Tremaine,Spike Jonze|Johnny Knoxville|Preston Lacy,Spike Jonze|Johnny Knoxville|Jeff Tremaine,Amjad Albasel
579,Jaws 2,Roy Scheider|Lorraine Gary|Murray Hamilton|Joseph Mascolo|Jeffrey Kramer,20,Jeannot Szwarc,Peter Benchley|Carl Gottlieb|Howard Sackler,Richard D. Zanuck|David Brown,John Williams
14405,Beverly Hills Chihuahua,Drew Barrymore|Piper Perabo|Andy García|George Lopez|Paul Rodríguez,12,Raja Gosnell,Jeffrey Bushell,,
138843,The Conjuring,Patrick Wilson|Vera Farmiga|Lili Taylor|Ron Livingston|Shanley Caswell,23,James Wan,Carey Hayes|Chad Hayes,Rob Cowan|Peter Safran|Tony DeRosa-Grund,Joseph Bishara
11637,Are We There Yet?,Ice Cube|Nia Long|Aleisha Allen|Philip Bolden|Jay Mohr,13,Brian Levant,J. David Stem|David N. Weiss|Steven Gary Banks|Claudia Grazioso,Ice Cube|Dan Kolsrud|Matt Alvarez,David Newman
226486,Tammy,Melissa McCarthy|Susan Sarandon|Kathy Bates|Allison Janney|Dan Aykroyd,40,Ben Falcone,Melissa McCarthy|Ben Falcone,Will Ferrell|Adam McKay|Melissa McCarthy,Michael Andrews
1584,School of Rock,Jack Black|Joan Cusack|Mike White|Sarah Silverman|Adam Pascal,75,Richard Linklater,Mike White,Scott Rudin,
9312,Mortal Kombat,Christopher Lambert|Robin Shou|Linden Ashby|Cary-Hiroyuki Tagawa|Bridgette Wilson,11,Paul W.S. Anderson,Ed Boon|John Tobias|Kevin Droney,Lawrence Kasanoff|Lauri Apelian|Alison Savitch,George S. Clinton
12153,White Chicks,Shawn Wayans|Marlon Wayans|Jaime King|Frankie Faison|Maitland Ward,15,Keenen Ivory Wayans,Marlon Wayans|Keenen Ivory Wayans|Shawn Wayans|Michael Anthony Snowden|Andrew McElfresh,Marlon Wayans|Keenen Ivory Wayans|Shawn Wayans|Rick Alvarez|Lee R. Mayes,
65057,The Descendants,George Clooney|Shailene Woodley|Amara Miller|Nick Krause|Robert Forster,17,Alexander Payne,Alexander Payne|Nat Faxon|Jim Rash,Jim Taylor|Alexander Payne|George Parra|Jim Burke|Tracy Boyd,
8326,Holes,Sigourney Weaver|Jon Voight|Tim Blake Nelson|Patricia Arquette|Shia LaBeouf,23,Andrew Davis,Louis Sachar|Louis Sachar,Andrew Davis|Mike Medavoy,Joel McNeely
35690,The Last Song,Miley Cyrus|Greg Kinnear|Bobby Coleman|Liam Hemsworth|Hallock Beals,14,Julie Anne Robinson,Nicholas Sparks|Jeff Van Wie,,
76203,12 Years a Slave,Chiwetel Ejiofor|Michael Fassbender|Lupita Nyong'o|Benedict Cumberbatch|Paul Dano,93,Steve McQueen,John Ridley,Brad Pitt|Arnon Milchan|Dede Gardner|Bill Pohlad|Anthony Katagas,Hans Zimmer
13497,Drumline,Nick Cannon|Zoe Saldana|Orlando Jones|Leonard Roberts|GQ,15,Charles Stone III,Shawn Schepps|Tina Gordon Chism,Wendy Finerman|Timothy M. Bourne|Jody Gerson,John Powell
35688,Why Did I Get Married Too?,Tyler Perry|Janet Jackson|Jill Scott|Sharon Leal|Malik Yoba,10,Tyler Perry,Tyler Perry,,
162,Edward Scissorhands,Johnny Depp|Winona Ryder|Dianne Wiest|Alan Arkin|Anthony Michael Hall,28,Tim Burton,Tim Burton|Caroline Thompson|Caroline Thompson,Tim Burton|Denise Di Novi,Danny Elfman
296096,Me Before You,Emilia Clarke|Sam Claflin|Janet McTeer|Charles Dance|Brendan Coyle,26,Thea Sharrock,Scott Neustadter|Michael H. Weber|Jojo Moyes,Karen Rosenfelt|Alison Owen,
103370,Madea's Witness Protection,Tyler Perry|Eugene Levy|Denise Richards|Doris Roberts|Devan Leos,11,Tyler Perry,Tyler Perry,Paul Hall|Tyler Perry|Ozzie Areu,
1051,The French Connection,Gene Hackman|Fernando Rey|Roy Scheider|Tony Lo Bianco|Marcel Bozzuffi,11,William Friedkin,Ernest Tidyman,Philip D'Antoni,
376659,Bad Moms,Mila Kunis|Kristen Bell|Kathryn Hahn|Christina Applegate|Jada Pinkett Smith,33,Jon Lucas|Scott Moore,Jon Lucas|Scott Moore,,
10073,Date Movie,Alyson Hannigan|Adam Campbell|Sophie Monk|Jennifer Coolidge|Fred Willard,22,Jason Friedberg|Aaron Seltzer,,Paul Schiff|Jason Friedberg|Jack L. Murray|Dawn Carter,David Kitay
16690,Return to Never Land,Harriet Owen|Blayne Weaver|Jeff Bennett|Kath Soucie|Corey Burton,12,Robin Budd|Donovan Cook,Temple Mathews,,
273895,Selma,David Oyelowo|Tom Wilkinson|Carmen Ejogo|André Holland|Omar J. Dorsey,38,Ava DuVernay,Paul Webb,Oprah Winfrey|Dede Gardner|Christian Colson|Jeremy Kleiner,
14873,The Jungle Book 2,John Goodman|Haley Joel Osment|Mae Whitman|Connor Funk|Bob Joles,9,Steve Trenbirth,Karl Geurs,Christopher Chase|Mary Thorne,Joel McNeely
8968,Boogeyman,Emily Deschanel|Barry Watson|Skye McCole Bartusiak|Lucy Lawless|Tory Mussett,17,Stephen T. Kay,Juliet Snowden|Stiles White,Sam Raimi|Gary Bryman,
9963,Premonition,Sandra Bullock|Julian McMahon|Courtney Taylor Burness|Nia Long|Shyann McClure,20,Mennan Yapo,Bill Kelly,Adam Shankman|Jennifer Gibgot|Ashok Amritraj|Sunil Perkash|Malcolm Petal,Klaus Badelt
15655,The Tigger Movie,Jim Cummings|Nikita Hopkins|Ken Sansom|John Fiedler|Peter Cullen,8,Jun Falkenstein,,Cheryl Abood,Harry Gregson-Williams
21208,Orphan,Vera Farmiga|Peter Sarsgaard|Isabelle Fuhrman|CCH Pounder|Jimmy Bennett,24,Jaume Collet-Serra,David Leslie Johnson|Alex Mace,Joel Silver|Leonardo DiCaprio|David Barrett|Henning Molfenter|Charlie Woebcken,John Ottman
272878,Max,Thomas Haden Church|Josh Wiggins|Lauren Graham|Robbie Amell|Mia Xitlali,34,Boaz Yakin,Sheldon Lettich|Boaz Yakin,Karen Rosenfelt|Ken Blancato,Trevor Rabin
9760,Epic Movie,Kal Penn|Adam Campbell|Jennifer Coolidge|Jayma Mays|Faune A. Chambers,18,Jason Friedberg|Aaron Seltzer,Jason Friedberg|Aaron Seltzer,Paul Schiff,Ed Shearmur
314365,Spotlight,Mark Ruffalo|Michael Keaton|Rachel McAdams|Liev Schreiber|John Slattery,74,Tom McCarthy,Tom McCarthy|Josh Singer,Steve Golin|Michael Sugar|Nicole Rocklin|Blye Pagon Faust,Howard Shore
13279,Lakeview Terrace,Samuel L. Jackson|Patrick Wilson|Kerry Washington|Ron Glass|Justin Chambers,17,Neil LaBute,David Loughery|David Loughery|Howard Korder,John Cameron|Will Smith|Orin Woinsky,Mychael Danna|Jeff Danna
1975,The Grudge 2,Sarah Michelle Gellar|Amber Tamblyn|Edison Chen|Arielle Kebbel|Jennifer Beals,21,Takashi Shimizu,Stephen Susco,Robert Tapert|Takashige Ichise,Christopher Young
33644,How Stella Got Her Groove Back,Angela Bassett|Taye Diggs|Whoopi Goldberg|Regina King|Suzzanne Douglas,38,Kevin Rodney Sullivan,Terry McMillan,Deborah Schindler,
1649,Bill & Ted's Bogus Journey,Keanu Reeves|Alex Winter|George Carlin|William Sadler|Joss Ackland,33,Peter Hewitt,Ed Solomon|Chris Matheson,Scott Kroopf,
9895,Man of the Year,Robin Williams|Christopher Walken|Laura Linney|Lewis Black|Jeff Goldblum,28,Barry Levinson,,James G. Robinson|David C. Robinson,Graeme Revell
9570,The Black Hole,Maximilian Schell|Anthony Perkins|Robert Forster|Joseph Bottoms|Ernest Borgnine,9,Gary Nelson,Bob Barbash|Jeb Rosebrook|Gerry Day,Ron W. Miller,John Barry
27579,The American,George Clooney|Violante Placido|Thekla Reuten|Paolo Bonacelli|Johan Leysen,20,Anton Corbijn,Rowan Joffe,George Clooney|Anne Carey|Grant Heslov|Jill Green|Ann Wingate,
16052,Selena,Jennifer Lopez|Edward James Olmos|Constance Marie|Jon Seda|Lupe Ontiveros,12,Gregory Nava,Gregory Nava,Robert Katz|Moctesuma Esparza,Dave Grusin
40264,Vampires Suck,Chris Riggi|Matt Lanter|Jenn Proske|Ken Jeong|Bradley Dodds,21,Jason Friedberg|Aaron Seltzer,Jason Friedberg|Aaron Seltzer,Jason Friedberg|Aaron Seltzer|Peter Safran,Christopher Lennertz
1164,Babel,Brad Pitt|Cate Blanchett|Gael García Bernal|Rinko Kikuchi|Adriana Barraza,50,Alejandro González Iñárritu,Guillermo Arriaga,Steve Golin|Alejandro González Iñárritu|Jon Kilik|Ann Ruark|Corinne Golden Weber,Gustavo Santaolalla
239678,This Is Where I Leave You,Jason Bateman|Tina Fey|Adam Driver|Rose Byrne|Corey Stoll,33,Shawn Levy,Jonathan Tropper,Paula Weinstein|Shawn Levy|Jeffrey Levine,
14359,Doubt,Meryl Streep|Philip Seymour Hoffman|Amy Adams|Viola Davis|Alice Drummond,45,John Patrick Shanley,John Patrick Shanley,Scott Rudin|Mark Roybal,
3989,Team America: World Police,Trey Parker|Matt Stone|Kristen Miller|Masasa Moyo|Daran Norris,6,Trey Parker,Trey Parker|Matt Stone|Pam Brady,Michael Polaire|Trey Parker|Matt Stone|Pam Brady|Frank C. Agnone II,Harry Gregson-Williams
76617,Texas Chainsaw 3D,Alexandra Daddario|Dan Yeager|Bill Moseley|Marilyn Burns|Tania Raymonde,20,John Luessenhop,Stephen Susco|Adam Marcus|Adam Marcus|Debra Sullivan|Debra Sullivan,Carl Mazzocone,John Frizzell
1710,Copycat,Sigourney Weaver|Holly Hunter|Will Patton|William McNamara|Harry Connick Jr.,15,Jon Amiel,Ann Biderman|David Madsen,Arnon Milchan|Mark Tarlov,Christopher Young
4258,Scary Movie 5,Simon Rex|Ashley Tisdale|Charlie Sheen|Lindsay Lohan|Erica Ash,19,Malcolm D. Lee,David Zucker|Pat Proft,,James L. Venable
20391,Paint Your Wagon,Lee Marvin|Clint Eastwood|Jean Seberg|Harve Presnell|Ray Walston,13,Joshua Logan,Alan Jay Lerner,Alan Jay Lerner|Tom Shaw,
10139,Milk,Sean Penn|Emile Hirsch|James Franco|Josh Brolin|Diego Luna,13,Gus Van Sant,Dustin Lance Black,Bruce Cohen,
335778,Risen,Tom Felton|Cliff Curtis|Joseph Fiennes|Peter Firth|Mark Killeen,30,Kevin Reynolds,Kevin Reynolds|Paul Aiello|Paul Aiello,Mickey Liddell|Patrick Aiello|Pete Shilaimon,Roque Baños
9645,Ghost Ship,Gabriel Byrne|Julianna Margulies|Desmond Harrington|Ron Eldard|Isaiah Washington,11,Steve Beck,Mark Hanlon|John Pogue,Robert Zemeckis|Joel Silver|Gilbert Adler,John Frizzell
55465,A Very Harold & Kumar Christmas,Neil Patrick Harris|John Cho|Elias Koteas|Danneel Ackles|Kal Penn,24,Todd Strauss-Schulson,Jon Hurwitz|Hayden Schlossberg,Greg Shapiro,William Ross
617,Wild Things,Matt Dillon|Kevin Bacon|Denise Richards|Neve Campbell|Theresa Russell,34,John McNaughton,Stephen Peters,Steven A. Jones|Rodney Liber,George S. Clinton
19904,The Stepfather,Dylan Walsh|Sela Ward|Penn Badgley|Amber Heard|Sherry Stringfield,15,Nelson McCormick,Donald E. Westlake|J.S. Cardone|Brian Garfield|Carolyn Lefcourt,Mark Morgan|Greg Mooradian,Charlie Clouser
48289,The Debt,Helen Mirren|Ciarán Hinds|Tom Wilkinson|Jessica Chastain|Sam Worthington,9,John Madden,Matthew Vaughn|Jane Goldman|Peter Straughan|Assaf Bernstein|Ido Rosenblum,Matthew Vaughn|Kris Thykier|Eduardo Rossoff|Eitan Evan,
243,High Fidelity,John Cusack|Iben Hjejle|Todd Louiso|Jack Black|Lisa Bonet,49,Stephen Frears,John Cusack|D.V. DeVincentis|Steve Pink|Scott Rosenberg,Tim Bevan|Rudd Simmons,Howard Shore
6933,One Missed Call,Shannyn Sossamon|Edward Burns|Ana Claudia Talancón|Ray Wise|Azura Skye,20,Eric Valette,Andrew Klavan,Scott Kroopf|Jennie Lew Tugend|Broderick Johnson|Andrew A. Kosove|Lauren Weissman,Johnny Klimek|Reinhold Heil
17182,Eye for an Eye,Sally Field|Kiefer Sutherland|Ed Harris|Beverly D'Angelo|Charlayne Woodard,17,John Schlesinger,Rick Jaffa|Amanda Silver,Michael I. Levy,
8848,The Bank Job,Jason Statham|Saffron Burrows|Stephen Campbell Moore|Daniel Mays|James Faulkner,27,Roger Donaldson,Dick Clement|Ian La Frenais,Charles Roven|Steve Chasman|Mairi Bett|Aaron Shuster,J. Peter Robinson
38,Eternal Sunshine of the Spotless Mind,Jim Carrey|Kate Winslet|Kirsten Dunst|Mark Ruffalo|Elijah Wood,19,Michel Gondry,Michel Gondry|Pierre Bismuth|Charlie Kaufman|Charlie Kaufman,Anthony Bregman|Steve Golin,Jon Brion
38303,You Again,Kristen Bell|Sigourney Weaver|Betty White|Kristin Chenoweth|Odette Annable,15,Andy Fickman,Moe Jelline,John J. Strauss|Andy Fickman|Betsy Sullenger|Eric Tannenbaum,
1266,Street Kings,Keanu Reeves|Forest Whitaker|Chris Evans|Hugh Laurie|Martha Higareda,48,David Ayer,Kurt Wimmer|Jamie Moss|James Ellroy,Erwin Stoff|Lucas Foster|Alexandra Milchan,Graeme Revell
107985,The World's End,Simon Pegg|Nick Frost|Martin Freeman|Eddie Marsan|Paddy Considine,55,Edgar Wright,Edgar Wright|Simon Pegg,Tim Bevan|Eric Fellner|Nira Park,Steven Price
14043,Nancy Drew,Emma Roberts|Josh Flitter|Max Thieriot|Rachael Leigh Cook|Tate Donovan,28,Andrew Fleming,Andrew Fleming|Tiffany Paulsen|Tiffany Paulsen,Jerry Weintraub,Ralph Sall
19901,Daybreakers,Ethan Hawke|Sam Neill|Willem Dafoe|Claudia Karvan|Isabel Lucas,16,Michael Spierig|Peter Spierig,Michael Spierig|Peter Spierig,Chris Brown|Bryan Furst|Sean Furst|Todd Fellman,Christopher Gordon
34016,She's Out of My League,Alice Eve|Jay Baruchel|Mike Vogel|Krysten Ritter|Debra Jo Rupp,14,Jim Field Smith,Sean Anders|John Morris,David B. Householter|Jimmy Miller,Michael Andrews
59860,Monte Carlo,Selena Gomez|Katie Cassidy|Cory Monteith|Leighton Meester|Andie MacDowell,16,Thomas Bezucha,Thomas Bezucha|Maria Maggenti|April Blair,Arnon Milchan|Denise Di Novi|Nicole Kidman|Alison Greenspan,Michael Giacchino
10069,Stay Alive,Jon Foster|Samaire Armstrong|Frankie Muniz|Jimmi Simpson|Wendell Pierce,20,William Brent Bell,,McG|James D. Stern|Erin Stam|Matthew Peterman|Adolfo Martínez Pérez,John Frizzell
9588,Quigley Down Under,Tom Selleck|Laura San Giacomo|Alan Rickman|Chris Haywood|Ron Haddrick,8,Simon Wincer,John Hill,Stanley O'Toole|Alexandra Rose,Basil Poledouris
12819,Alpha and Omega,Hayden Panettiere|Justin Long|Dennis Hopper|Christina Ricci|Danny Glover,12,Ben Gluck|Anthony Bell,Ben Gluck|Chris Denk,,
9954,The Covenant,Steven Strait|Laura Ramsey|Jessica Lucas|Taylor Kitsch|Chace Crawford,20,Renny Harlin,,Tom Rosenberg|Gary Lucchesi|Marc Silvestri,tomandandy
10115,Stick It,Jeff Bridges|Missy Peregrym|Vanessa Lengies|Maddy Curley|Nikki SooHoo,21,Jessica Bendinger,Jessica Bendinger,Gail Lyon,Michael Simpson
25132,Shorts,Jimmy Bennett|Kat Dennings|Jolie Vanier|William H. Macy|James Spader,29,Robert Rodriguez,Robert Rodriguez|Álvaro Rodríguez,Robert Rodriguez|Elizabeth Avellan,
577,To Die For,Nicole Kidman|Matt Dillon|Joaquin Phoenix|Casey Affleck|Illeana Douglas,14,Gus Van Sant,Buck Henry,Laura Ziskin|Leslie Morgan|Sandy Isaac,Danny Elfman
328387,Nerve,Emma Roberts|Dave Franco|Emily Meade|Miles Heizer|Juliette Lewis,22,Henry Joost|Ariel Schulman,Jessica Sharzer,Anthony Katagas|Allison Shearmur,Rob Simonsen
12690,Appaloosa,Viggo Mortensen|Ed Harris|Renée Zellweger|Jeremy Irons|Timothy Spall,14,Ed Harris,Ed Harris|Robert Knott,Ed Harris|Robert Knott|Ginger Sledge,Jeff Beal
9945,Vampires,James Woods|Daniel Baldwin|Sheryl Lee|Thomas Ian Griffith|Maximilian Schell,12,John Carpenter,Don Jakoby,Sandy King,
539,Psycho,Anthony Perkins|Vera Miles|John Gavin|Janet Leigh|Martin Balsam,30,Alfred Hitchcock,Joseph Stefano,Alfred Hitchcock,Bernard Herrmann
13596,My Best Friend's Girl,Dane Cook|Kate Hudson|Alec Baldwin|Jason Biggs|Diora Baird,33,Howard Deutch,Howard Deutch|Jordan Cahan,Adam Herz|Guymon Casady|Barry Katz|Brian Volk-Weiss|Jerry P. Jacobs,John Debney
226857,Endless Love,Alex Pettyfer|Gabriella Wilde|Robert Patrick|Rhys Wakefield|Emma Rigby,38,Shana Feste,Shana Feste|Joshua Safran,Pamela Abdy|Scott Stuber|Josh Schwartz|Stephanie Savage,
13159,Georgia Rule,Jane Fonda|Lindsay Lohan|Felicity Huffman|Dermot Mulroney|Cary Elwes,11,Garry Marshall,,,
47941,Under the Rainbow,Chevy Chase|Carrie Fisher|Eve Arden|Joseph Maher|Robert Donner,15,Steve Rash,,,
526,Ladyhawke,Matthew Broderick|Rutger Hauer|Michelle Pfeiffer|Alfred Molina|John Wood,15,Richard Donner,Tom Mankiewicz|Edward Khmara|Michael Thomas|David Webb Peoples,Richard Donner|Lauren Shuler Donner,Andrew Powell
22796,Simon Birch,Jim Carrey|Ashley Judd|Ian Michael Smith|Joseph Mazzello|Oliver Platt,5,Mark Steven Johnson,Mark Steven Johnson,,
2355,Reign Over Me,Adam Sandler|Don Cheadle|Jada Pinkett Smith|Liv Tyler|Saffron Burrows,31,Mike Binder,Mike Binder,Jack Binder|Michael Rotenberg,Rolfe Kent
5915,Into the Wild,Emile Hirsch|Marcia Gay Harden|William Hurt|Jena Malone|Brian H. Dierker,25,Sean Penn,Sean Penn,,Michael Brook
9842,School for Scoundrels,Billy Bob Thornton|Jon Heder|Jacinda Barrett|Sarah Silverman|Michael Clarke Duncan,33,Todd Phillips,Scot Armstrong,Geyer Kosinski|Todd Phillips|Daniel Goldberg|Scott Budnick|Annette Savitch,Christophe Beck
61012,Silent Hill: Revelation 3D,Adelaide Clemens|Kit Harington|Sean Bean|Carrie-Anne Moss|Radha Mitchell,22,Michael J. Bassett,Michael J. Bassett,Samuel Hadida|Don Carmody,
755,From Dusk Till Dawn,George Clooney|Quentin Tarantino|Harvey Keitel|Juliette Lewis|Ernest Liu,33,Robert Rodriguez,Quentin Tarantino|Robert Kurtzman,Gianni Nunnari|Meir Teper,Graeme Revell
13682,Pooh's Heffalump Movie,Jim Cummings|John Fiedler|Nikita Hopkins|Kath Soucie|Ken Sansom,8,Frank Nissen,Evan Spiliotopoulos|Brian Hohlfeld,,
9089,Home for the Holidays,Holly Hunter|Robert Downey Jr.|Anne Bancroft|Charles Durning|Claire Danes,10,Jodie Foster,W.D. Richter|Chris Radant,Jodie Foster|Peggy Rajski,
9470,Kung Fu Hustle,Stephen Chow|Yuen Wah|Yuen Qiu|Lam Tze-Chung|Huang Sheng-Yi,17,Stephen Chow,Stephen Chow|Lola Huo Xin|Chan Man-Keung|Tsang Kan-Cheung,Stephen Chow|Po Chu Chui|Jeffrey Lau,
18357,The Country Bears,Haley Joel Osment|Diedrich Bader|Candy Ford|James Gammon|Brad Garrett,32,Peter Hastings,Mark Perez,Jeffrey Chernov|Andrew Gunn,
7979,The Kite Runner,Khalid Abdalla|Atossa Leoni|Shaun Toub|Zekeria Ebrahimi|Ahmad Khan Mahmoodzada,16,Marc Forster,David Benioff,William Horberg|E. Bennett Walsh|Rebecca Yeldham,
470,21 Grams,Sean Penn|Naomi Watts|Benicio del Toro|Danny Huston|Carly Nahon,27,Alejandro González Iñárritu,Guillermo Arriaga,Alejandro González Iñárritu|Guillermo Arriaga|Robert Salerno,Gustavo Santaolalla
15644,Paparazzi,Cole Hauser|Robin Tunney|Dennis Farina|Daniel Baldwin|Tom Sizemore,10,Paul Abascal,Forry Smith,Mel Gibson|Bruce Davey|Stephen McEveety,Brian Tyler
9582,A Guy Thing,Jason Lee|Julia Stiles|Selma Blair|James Brolin|Shawn Hatosy,16,Chris Koch,Greg Glienna|Pete Schwaba|Matt Tarses|Bill Wrubel,David Nicksay|David Ladd,Mark Mothersbaugh
10642,Loser,Jason Biggs|Mena Suvari|Zak Orth|Thomas Sadoski|Jimmi Simpson,16,Amy Heckerling,Amy Heckerling,Amy Heckerling|John M. Eckert|Twink Caplan,David Kitay
22074,Capitalism: A Love Story,Michael Moore|Thora Birch|William Black|Elijah Cummings|Baron Hill,9,Michael Moore,Michael Moore,,
2428,The Greatest Story Ever Told,Max von Sydow|Michael Anderson Jr.|Carroll Baker|Ina Balin|Victor Buono,59,George Stevens,George Stevens|James Lee Barrett,George Stevens|George Stevens Jr.,Alfred Newman
290751,Secret in Their Eyes,Chiwetel Ejiofor|Nicole Kidman|Julia Roberts|Dean Norris|Lyndon Smith,11,Billy Ray,Billy Ray|Eduardo Sacheri,Mark Johnson,
13805,Disaster Movie,Matt Lanter|Vanessa Lachey|Nicole Ari Parker|Crista Flanagan|Gary 'G. Thang' Johnson,15,Jason Friedberg|Aaron Seltzer,Jason Friedberg|Aaron Seltzer,Jason Friedberg|Aaron Seltzer|Peter Safran|Jerry P. Jacobs|Kenny Yates,Christopher Lennertz
4597,Armored,Columbus Short|Laurence Fishburne|Skeet Ulrich|Amaury Nolasco|Matt Dillon,16,Nimród Antal,James V. Simpson,Joshua Donen|Trae Ireland|Dan Farah,John Murphy
9414,The Man Who Knew Too Little,Bill Murray|Peter Gallagher|Joanne Whalley|Alfred Molina|Richard Wilson,31,Jon Amiel,Howard Franklin|Robert Farrar,Arnon Milchan|Michael G. Nathanson|Mark Tarlov,Christopher Young
63492,What's Your Number?,Chris Evans|Anna Faris|Martin Freeman|Chris Pratt|Ari Graynor,37,Mark Mylod,Gabrielle Allan|Jennifer Crittenden,,
81796,Lockout,Guy Pearce|Maggie Grace|Joseph Gilgun|Lennie James|Peter Stormare,13,Stephen St. Leger|James Mather,Luc Besson|Stephen St. Leger,Marc Libert|Leila Smith,Alexandre Azaria
10710,Envy,Ben Stiller|Jack Black|Rachel Weisz|Christopher Walken|Amy Poehler,42,Barry Levinson,Steve Adams,Barry Levinson|Paula Weinstein,Mark Mothersbaugh
15092,Crank: High Voltage,Jason Statham|Amy Smart|Dwight Yoakam|Efren Ramirez|Julanne Chidi Hill,27,Brian Taylor|Mark Neveldine,Brian Taylor|Mark Neveldine,Tom Rosenberg|Gary Lucchesi|Richard S. Wright|Skip Williamson,
11382,Bullets Over Broadway,John Cusack|Dianne Wiest|Jennifer Tilly|Chazz Palminteri|Mary-Louise Parker,11,Woody Allen,Woody Allen|Douglas McGrath,Robert Greenhut|Charles H. Joffe,
15005,One Night with the King,Tiffany Dupont|Peter O'Toole|Luke Goss|John Noble|Omar Sharif,18,Michael O. Sajbel,Stephan Blinn,Lawrence Mortorff|Stephan Blinn|Matthew Crouch|Richard J. Cook|Laurie Crouch,J.A.C. Redford
8198,The Quiet American,Michael Caine|Brendan Fraser|Đỗ Thị Hải Yến|Tzi Ma|Rade Serbedzija,42,Phillip Noyce,Christopher Hampton|Robert Schenkkan,William Horberg|Staffan Ahrenberg,
6963,The Weather Man,Nicolas Cage|Michael Caine|Hope Davis|Gemmenne de la Peña|Nicholas Hoult,11,Gore Verbinski,Steve Conrad,Steve Tisch|Todd Black|Jason Blumenthal,Hans Zimmer
15070,Undisputed,Wesley Snipes|Ving Rhames|Peter Falk|Michael Rooker|Jon Seda,21,Walter Hill,David Giler,,
12797,Ghost Town,Ricky Gervais|Greg Kinnear|Téa Leoni|Billy Campbell|Jordan Carlos,24,David Koepp,John Kamps,Gavin Polone|Joseph E. Iberti,Geoff Zanelli
17134,12 Rounds,John Cena|Aidan Gillen|Ashley Scott|Steve Harris|Brian J. White,61,Renny Harlin,Daniel Kunka,Mark Gordon|Michael Lake|Josh McLaughlin,
41402,Let Me In,Kodi Smit-McPhee|Chloë Grace Moretz|Richard Jenkins|Elias Koteas|Sasha Barrese,24,Matt Reeves,Matt Reeves|John Ajvide Lindqvist,Guy East|Donna Gigliotti|Carl Molinder|John Nordling|Simon Oakes,Michael Giacchino
18885,3 Ninjas Kick Back,Victor Wong|Max Elliott Slade|Sean Fox|J. Evan Bonifant|Caroline Junko King,50,Charles T. Kanganis,Mark Saltzman,,
4953,Be Kind Rewind,Jack Black|Yasiin Bey|Danny Glover|Mia Farrow|Marcus Carl Franklin,9,Michel Gondry,Michel Gondry,Michel Gondry|Julie Fong|Georges Bermann,Jean-Michel Bernard
10773,Mrs Henderson Presents,Judi Dench|Bob Hoskins|Will Young|Christopher Guest|Kelly Reilly,16,Stephen Frears,Martin Sherman,Bob Hoskins|Norma Heyman|David Rose|Kathy Rose,George Fenton
146198,Triple 9,Casey Affleck|Chiwetel Ejiofor|Woody Harrelson|Kate Winslet|Anthony Mackie,27,John Hillcoat,Matt Cook,Marc Butan|Keith Redmon|Anthony Katagas|Christopher Woodrow|Bard Dorros,
2639,Deconstructing Harry,Woody Allen|Kirstie Alley|Billy Crystal|Judy Davis|Caroline Aaron,22,Woody Allen,Woody Allen,Jean Doumanian,
10563,Three to Tango,Matthew Perry|Neve Campbell|Dylan McDermott|Oliver Platt|Cylk Cozart,14,Damon Santostefano,Aline Brosh McKenna|Rodney Patrick Vaccaro|Rodney Patrick Vaccaro,Jeffrey Silver|Robert F. Newmyer|Bettina Sofia Viviano,Graeme Revell
295964,Burnt,Bradley Cooper|Sienna Miller|Lily James|Alicia Vikander|Uma Thurman,15,John Wells,Steven Knight|Michael Kalesniko,Stacey Sher|Erwin Stoff|John Wells,Rob Simonsen
5971,We're No Angels,Robert De Niro|Sean Penn|Demi Moore|Hoyt Axton|Bruno Kirby,11,Neil Jordan,David Mamet|Ranald MacDougall|Albert Husson|Sam Spewack|Bella Spewack,Art Linson,George Fenton
9716,Everyone Says I Love You,Drew Barrymore|Diva Gray|Natasha Lyonne|Edward Norton|Woody Allen,117,Woody Allen,Woody Allen,,
11835,Death Sentence,Kevin Bacon|Garrett Hedlund|Kelly Preston|Jordan Garrett|John Goodman,14,James Wan,Ian Jeffers,Ashok Amritraj|Howard Baldwin|Karen Elise Baldwin,Charlie Clouser
26171,Everybody's Fine,Robert De Niro|Drew Barrymore|Kate Beckinsale|Sam Rockwell|Melissa Leo,16,Kirk Jones,Tonino Guerra|Kirk Jones|Giuseppe Tornatore|Massimo De Rita,Ted Field|Gianni Nunnari|Vittorio Cecchi Gori|Glynis Murray|Nathalie Peter-Contesse,Dario Marianelli
31117,Superbabies: Baby Geniuses 2,Jon Voight|Scott Baio|Vanessa Angel|Skyler Shaye|Whoopi Goldberg,8,Bob Clark,Steven Paul|Gregory Poppen,Steven Paul,
9074,The Man,Samuel L. Jackson|Eugene Levy|Luke Goss|Miguel Ferrer|Susie Essman,23,Les Mayfield,Margaret Oberman|Stephen Carpenter|Jim Piddock,Toby Emmerich|Robert N. Fried,
14396,Code Name: The Cleaner,Cedric the Entertainer|Lucy Liu|Nicollette Sheridan|Mark Dacascos|Callum Keith Rennie,13,Les Mayfield,,,
15673,Connie and Carla,Nia Vardalos|Toni Collette|David Duchovny|Stephen Spinella|Alec Mapa,14,Michael Lembeck,Nia Vardalos,,
42618,Sweet Charity,"Shirley MacLaine|John McMartin|Ricardo Montalban|Sammy Davis, Jr.|Chita Rivera",11,Bob Fosse,Peter Stone,Robert Arthur,Cy Coleman
171274,Inherent Vice,Joaquin Phoenix|Josh Brolin|Owen Wilson|Katherine Waterston|Reese Witherspoon,101,Paul Thomas Anderson,Paul Thomas Anderson,Paul Thomas Anderson|Daniel Lupi|JoAnne Sellar,Jonny Greenwood
24432,Doogal,Daniel Tay|Jimmy Fallon|Jon Stewart|Whoopi Goldberg|William H. Macy,14,Frank Passingham|Dave Borthwick|Jean Duval,,,
109417,Battle of the Year,Josh Holloway|Josh Peck|Chris Brown|Laz Alonso|Caity Lotz,13,Benson Lee,Chris Parker|Brin Hill,Beau Flynn|Amy Locane|Tripp Vinson,
13948,An American Carol,Kevin Farley|Kelsey Grammer|Leslie Nielsen|Trace Adkins|Robert Davi,46,David Zucker,David Zucker,,
106747,Machete Kills,Danny Trejo|Mel Gibson|Amber Heard|Michelle Rodriguez|Sofía Vergara,22,Robert Rodriguez,Robert Rodriguez|Kyle Ward|Marcel Rodriguez,Robert Rodriguez|Rick Schwartz|Sergei Bespalov|Aaron Kaufman|Iliana Nikolic,Robert Rodriguez|Carl Thiel
10929,Willard,Crispin Glover|R. Lee Ermey|Laura Harring|Jackie Burroughs|Ashlyn Gere,6,Glen Morgan,Glen Morgan,James Wong|Glen Morgan,Shirley Walker
14220,Strange Wilderness,Steve Zahn|Allen Covert|Jonah Hill|Kevin Heffernan|Ashley Scott,16,Fred Wolf,Fred Wolf|Peter Gaulke,Adam Sandler|Jack Giarraputo,
46435,Topsy-Turvy,Allan Corduner|Jim Broadbent|Timothy Spall|Dexter Fletcher|Shirley Henderson,44,Mike Leigh,Mike Leigh,Simon Channing Williams,
256962,Little Boy,Jakob Salvati|Emily Watson|Cary-Hiroyuki Tagawa|Michael Rapaport|David Henrie,81,Alejandro Monteverde,Alejandro Monteverde|Pepe Portillo,Alejandro Monteverde|Leo Severino,
48231,A Dangerous Method,Keira Knightley|Viggo Mortensen|Michael Fassbender|Sarah Gadon|Vincent Cassel,34,David Cronenberg,Christopher Hampton,Jeremy Thomas,Howard Shore
3509,A Scanner Darkly,Keanu Reeves|Winona Ryder|Woody Harrelson|Robert Downey Jr.|Mitch Baker,16,Richard Linklater,Richard Linklater,Anne Walker-McBay|Erwin Stoff|Palmer West|Jonah Smith|Tommy Pallotta,Graham Reynolds
82684,Chasing Mavericks,Gerard Butler|Jonny Weston|Elisabeth Shue|Abigail Spencer|Leven Rambin,13,Curtis Hanson|Michael Apted,Kario Salem|Brandon Hooper|Jim Meenaghan,Curtis Hanson|Kathleen M. Courtney|Brandon Hooper|Jim Meenaghan,Chad Fischer
12142,Alone in the Dark,Christian Slater|Tara Reid|Stephen Dorff|Frank C. Turner|Matthew Walker,29,Uwe Boll,Michael Roesch|Peter Scheerer|Elan Mastai,Shawn Williamson,
23367,Bandslam,Vanessa Hudgens|Aly Michalka|Gaelan Connell|Lisa Kudrow|Scott Porter,52,Todd Graff,Todd Graff|Josh A. Cagan,K.C. Hodenfield|Elaine Goldsmith-Thomas|Marisa Yeres|Ron Schmidt|Jared Mass,
10740,Birth,Nicole Kidman|Cameron Bright|Danny Huston|Lauren Bacall|Alison Elliott,10,Jonathan Glazer,Jean-Claude Carrière|Milo Addica|Jonathan Glazer,Jean-Louis Piel|Lizie Gower|Nick Morris,Alexandre Desplat
241239,A Most Violent Year,Oscar Isaac|Jessica Chastain|Albert Brooks|Elyes Gabel|David Oyelowo,22,J.C. Chandor,J.C. Chandor,Neal Dodson|J.C. Chandor|Anna Gerb,
14582,Passchendaele,Paul Gross|Caroline Dhavernas|Joe Dinicol|Meredith Bailey|Adam Harrington,11,Paul Gross,Paul Gross,Niv Fichman|Paul Gross|Francis Damberger|Frank Siracusa,Jan A.P. Kaczmarek
14914,Flash of Genius,Aaron Abrams|Alan Alda|Lauren Graham|Greg Kinnear|Tatiana Maslany,7,Marc Abraham,Philip Railsback|John Seabrook,Roger Birnbaum|Gary Barber|Michael Lieber,
3902,I'm Not There.,Cate Blanchett|Heath Ledger|Julianne Moore|Ben Whishaw|Charlotte Gainsbourg,18,Todd Haynes,Todd Haynes|Oren Moverman,John Sloss|Christine Vachon|James D. Stern|John Goldwyn,
77948,The Cold Light of Day,Henry Cavill|Verónica Echegui|Sigourney Weaver|Bruce Willis|Caroline Goodall,22,Mabrouk El Mechri,Trevor Macy|Scott Wiper|John Petro,Marc D. Evans|Garrett Basch,Lucas Vidal
21755,The Brothers Bloom,Rachel Weisz|Adrien Brody|Mark Ruffalo|Rinko Kikuchi|Robbie Coltrane,25,Rian Johnson,Rian Johnson,Tom Karnowski|Matthew J. Birch|James D. Stern|Ram Bergman,Nathan Johnson
4960,"Synecdoche, New York",Philip Seymour Hoffman|Samantha Morton|Jennifer Jason Leigh|Michelle Williams|Catherine Keener,17,Charlie Kaufman,Charlie Kaufman,Charlie Kaufman|Anthony Bregman|Spike Jonze|Sidney Kimmel,Jon Brion
128,Princess Mononoke,Yōji Matsuda|Yuriko Ishida|Yūko Tanaka|Kaoru Kobayashi|Masahiko Nishimura,14,Hayao Miyazaki,Hayao Miyazaki,Toshio Suzuki,Joe Hisaishi
14652,Bon voyage,Grégori Derangère|Gérard Depardieu|Isabelle Adjani|Virginie Ledoyen|Yvan Attal,9,Jean-Paul Rappeneau,Jean-Paul Rappeneau|Patrick Modiano,,
40932,Can't Stop the Music,Alex Briley|David Hodo|Glenn Hughes|Randy Jones|Felipe Rose,15,Nancy Walker,Bronte Woodard|Allan Carr,,
16608,The Proposition,Guy Pearce|Ray Winstone|Emily Watson|Danny Huston|David Wenham,24,John Hillcoat,Nick Cave,Chris Brown|Pam Collis|Chiara Menage|Jackie O'Sullivan|Christopher Simon,Nick Cave|Warren Ellis
334531,My All American,Aaron Eckhart|Finn Wittrock|Robin Tunney|Sarah Bolger|Michael Reilly Burke,16,Angelo Pizzo,Angelo Pizzo,Paul Schiff,John Paesano
32316,Marci X,Lisa Kudrow|Damon Wayans|Richard Benjamin|Jane Krakowski|Christine Baranski,5,Richard Benjamin,Paul Rudnick,,Mervyn Warren
7299,Equilibrium,Christian Bale|Taye Diggs|Emily Watson|Angus Macfadyen|Sean Bean,19,Kurt Wimmer,Kurt Wimmer,Jan de Bont|Lucas Foster,
13405,The Children of Huang Shi,Jonathan Rhys Meyers|Radha Mitchell|Chow Yun-fat|Michelle Yeoh,4,Roger Spottiswoode,,,
19457,The Yards,Mark Wahlberg|Joaquin Phoenix|Charlize Theron|James Caan|Ellen Burstyn,16,James Gray,James Gray|Matt Reeves,Nick Wechsler|Paul Webster|Matt Reeves|Kerry Orent,
112937,The Oogieloves in the Big Balloon Adventure,Christopher Lloyd|Cary Elwes|Jaime Pressly|Cloris Leachman|Chazz Palminteri,10,Matthew Diamond,Scott Stabile,Gayle Dickie,Joseph Alfuso
314385,By the Sea,Angelina Jolie|Brad Pitt|Mélanie Laurent|Melvil Poupaud|Niels Arestrup,20,Angelina Jolie,Angelina Jolie,Brad Pitt|Angelina Jolie,Gabriel Yared
8953,Steamboy,Anne Suzuki|Masane Tsukayama|Katsuo Nakamura|Manami Konishi|Kiyoshi Kodama,7,Katsuhiro Ōtomo,Sadayuki Murai,Shinji Komori|Hideyuki Tomioka,Steve Jablonsky
29078,The Game of Their Lives,Gerard Butler|Wes Bentley|Gavin Rossdale|Costas Mandylor|Louis Mandylor,7,David Anspaugh,,,
46503,All Good Things,Kirsten Dunst|Ryan Gosling|Kristen Wiig|Frank Langella|Lily Rabe,13,Andrew Jarecki,Marc Smerling|Marcus Hinchey,,
10448,Rapa Nui,Jason Scott Lee|Esai Morales|Sandrine Holt|Eru Potaka-Dewes|Emilio Tuki Hito,15,Kevin Reynolds,Kevin Reynolds|Tim Rose Price,Kevin Costner|Jim Wilson,Stewart Copeland
13688,CJ7,Stephen Chow|Xu Jiao|Kitty Zhang Yuqi|Lam Tze-Chung|Lee Sheung-Ching,10,Stephen Chow,Stephen Chow,Han Sanping|Stephen Chow|Vincent Kok|Chui Bo-Chu|Connie Wong Nga-Lam,
10353,The Visitors II: The Corridors of Time,Christian Clavier|Jean Reno|Marie-Anne Chazel|Christian Bujeau|Muriel Robin,36,Jean-Marie Poiré,Christian Clavier|Jean-Marie Poiré,Alain Terzian,Felix Mendelssohn-Bartholdy
43935,Dylan Dog: Dead of Night,Brandon Routh|Peter Stormare|Sam Huntington|Taye Diggs|Anita Briem,14,Kevin Munroe,Thomas Dean Donnelly|Joshua Oppenheimer,,Klaus Badelt
11458,People I Know,Al Pacino|Kim Basinger|Ryan O'Neal|Téa Leoni|Jonathan Walker,16,Daniel Algrant,Jon Robin Baitz,Michael Nozik,Terence Blanchard
44638,The Tempest,Helen Mirren|Felicity Jones|Reeve Carney|David Strathairn|Tom Conti,12,Julie Taymor,Julie Taymor|Julia Taylor-Stanley,Julie Taymor|Robert Chartoff|Lynn Hendee|Julia Taylor-Stanley|Jason K. Lau,
241257,Regression,Ethan Hawke|Emma Watson|David Thewlis|Lothaire Bluteau|Dale Dickey,25,Alejandro Amenábar,Alejandro Amenábar,Fernando Bovaira|Alejandro Amenábar|Christina Piovesan,
14538,Three Kingdoms: Resurrection of the Dragon,Sammo Hung|Vanness Wu|Maggie Q|Andy Lau|Ti Lung,6,Daniel Lee,,,
13250,Butterfly on a Wheel,Pierce Brosnan|Maria Bello|Gerard Butler|Emma Karwandy|Claudette Mink,15,Mike Barker,William Morrissey,Pierce Brosnan|William Vince|Ron McLeod|William Morrissey|Martin Bigham,Robert Duncan
133931,Zambezia,Jeremy Suarez|Samuel L. Jackson|Abigail Breslin|Leonard Nimoy|Jeff Goldblum,19,Wayne Thornley,Wayne Thornley|Andrew Cook|Raffaella Delle Donne,,
280871,Ramanujan,Abhinay Vaddi|Suhasini Maniratnam|Kevin McGowan|Abbas|Anmol,24,Gnana Rajasekaran,Gnana Rajasekaran|Gnana Rajasekaran,Srivatsan Nadathur|Sushant Desai|Sharanyan Nadathur|Sindhu Rajasekaran,Ramesh Vinayakam
239897,Dwegons,Melissa Leo|Maggie Wheeler|Joey D. Vieira|R. Martin Klein|Thomas Francis Walsh III,8,Tom Walsh,Tom Walsh|Adriana Walsh,Tom Walsh,
184341,Hands of Stone,Robert De Niro|Edgar Ramírez|Jurnee Smollett|Ellen Barkin|Rubén Blades,14,Jonathan Jakubowicz,Jonathan Jakubowicz,,
334074,Survivor,Pierce Brosnan|Milla Jovovich|Dylan McDermott|Angela Bassett|Robert Forster,20,James McTeigue,Philip Shelby,Irwin Winkler|Charles Winkler|Boaz Davidson|Matthew O'Toole,Ilan Eshkeri
199373,The Frozen Ground,Nicolas Cage|Vanessa Hudgens|John Cusack|Radha Mitchell|Jodi Lyn O'Keefe,19,Scott Walker,Scott Walker,Mark Ordesky|Randall Emmett|50 Cent|Jeff Rice|Remington Chase,Lorne Balfe
14202,The Painted Veil,Edward Norton|Juliet Howland|Naomi Watts|Ian Renwick|Liev Schreiber,12,John Curran,Ron Nyswaner,Edward Norton|Naomi Watts|Bob Yari|Sara Colleton|Antonia Barnard,Alexandre Desplat
6968,The Baader Meinhof Complex,Martina Gedeck|Moritz Bleibtreu|Johanna Wokalek|Nadja Uhl|Stipe Erceg,42,Uli Edel,Bernd Eichinger|Uli Edel,Bernd Eichinger,
581,Dances with Wolves,Kevin Costner|Mary McDonnell|Graham Greene|Rodney A. Grant|Floyd Red Crow Westerman,57,Kevin Costner,Michael Blake,Kevin Costner|Jim Wilson,John Barry
52449,Bad Teacher,Cameron Diaz|Jason Segel|Justin Timberlake|Lucy Punch|Phyllis Smith,45,Jake Kasdan,Gene Stupnitsky|Lee Eisenberg,David B. Householter|Jimmy Miller,Michael Andrews
12150,Sea of Love,Al Pacino|Ellen Barkin|John Goodman|Michael Rooker|William Hickey,12,Harold Becker,Richard Price,Martin Bregman|Louis A. Stroller,
11247,A Cinderella Story,Hilary Duff|Jennifer Coolidge|Chad Michael Murray|Dan Byrd|Regina King,67,Mark Rosman,Leigh Dunlap|Leigh Dunlap,Hunt Lowry|Dylan Sellers|Clifford Werber|Ilyssa Goodman,Christophe Beck
4232,Scream,David Arquette|Neve Campbell|Courteney Cox|Matthew Lillard|Rose McGowan,19,Wes Craven,Kevin Williamson,Cathy Konrad|Cary Woods,Marco Beltrami
9378,Thir13en Ghosts,Tony Shalhoub|Embeth Davidtz|Matthew Lillard|Shannon Elizabeth|Matthew Harrison,25,Steve Beck,Benjamin Carr|Robb White|Richard D'Ovidio,Robert Zemeckis|Joel Silver|Gilbert Adler,John Frizzell
694,The Shining,Jack Nicholson|Shelley Duvall|Danny Lloyd|Scatman Crothers|Barry Nelson,12,Stanley Kubrick,Stanley Kubrick|Diane Johnson,Stanley Kubrick,Wendy Carlos|Rachel Elkind
105,Back to the Future,Michael J. Fox|Christopher Lloyd|Lea Thompson|Crispin Glover|Thomas F. Wilson,51,Robert Zemeckis,Robert Zemeckis|Bob Gale,Bob Gale|Neil Canton,Alan Silvestri
11377,House on Haunted Hill,Geoffrey Rush|Famke Janssen|Taye Diggs|Peter Gallagher|Chris Kattan,15,William Malone,Robb White|Dick Beebe,Robert Zemeckis|Joel Silver|Gilbert Adler,Don Davis
26367,I Can Do Bad All By Myself,Tyler Perry|Taraji P. Henson|Adam Rodríguez|Mary J. Blige|Gladys Knight,6,Tyler Perry,Tyler Perry,,
385383,Fight Valley,Erin O'Brien|Miesha Tate|Holly Holm|Cristiane Justino|Susie Celek,16,Rob Hawk,Rob Hawk,Arthur Maurizio|Rocco Michaluk|Marlene Taborda|Thomas J. Nigro,
41210,The Switch,Jason Bateman|Jennifer Aniston|Jeff Goldblum|Juliette Lewis|Todd Louiso,20,Josh Gordon|Will Speck,Jeffrey Eugenides|Allan Loeb,Albert Berger|Ron Yerxa,
12090,Just Married,Ashton Kutcher|Brittany Murphy|Christian Kane|David Moscow|Alex Thomas,10,Shawn Levy,Sam Harper,Robert Simonds,Christophe Beck
62630,The Devil's Double,Dominic Cooper|Ludivine Sagnier|Raad Rawi|Mehmet Ferda|Philip Quast,18,Lee Tamahori,Michael Thomas|Latif Yahia,Paul Breuls|Catherine Vandeleene|Norton Herrick|Emjay Rechsteiner|Michael John Fedun,
16110,Thomas and the Magic Railroad,Alec Baldwin|Peter Fonda|Mara Wilson,3,Britt Allcroft,,,
29427,The Crazies,Timothy Olyphant|Radha Mitchell|Joe Anderson|Danielle Panabaker|Christie Lynn Smith,39,Breck Eisner,Scott Kosar|Ray Wright,Michael Aguilar|Rob Cowan|Dean Georgaris,Mark Isham
129,Spirited Away,Rumi Hiiragi|Miyu Irino|Mari Natsuki|Takashi Naito|Yasuko Sawaguchi,19,Hayao Miyazaki,Hayao Miyazaki,John Lasseter|Toshio Suzuki,Joe Hisaishi
244114,Firestorm,Andy Lau|Gordon Lam Ka-Tung|Yao Chen|Hu Jun|Ray Lui,12,Alan Yuen,Alan Yuen,William Kong|Andy Lau,
2669,The Bounty,Mel Gibson|Anthony Hopkins|Laurence Olivier|Edward Fox|Daniel Day-Lewis,28,Roger Donaldson,Robert Bolt,Bernard Williams,Vangelis
203833,The Book Thief,Geoffrey Rush|Sophie Nélisse|Emily Watson|Nico Liersch|Ben Schnetzer,35,Brian Percival,Michael Petroni,Karen Rosenfelt|Ken Blancato,John Williams
13523,Sex Drive,Josh Zuckerman|Amanda Crew|Clark Duke|James Marsden|Seth Green,11,Sean Anders,Sean Anders|John Morris,Leslie Morgenstein|John Morris|Bob Levy,Stephen Trask
25195,Leap Year,Amy Adams|Matthew Goode|Adam Scott|John Lithgow|Flaminia Cinque,15,Anand Tucker,Deborah Kaplan|Harry Elfont,,
17277,The Fall of the Roman Empire,Sophia Loren|Stephen Boyd|Alec Guinness|Christopher Plummer|Anthony Quayle,26,Anthony Mann,Ben Barzman|Basilio Franchina,,
50725,Take Me Home Tonight,Topher Grace|Anna Faris|Dan Fogler|Teresa Palmer|Michelle Trachtenberg,28,Michael Dowse,Topher Grace|Jackie Filgo|Jeff Filgo|Gordon Kaywin,James Whitaker|Ryan Kavanaugh|Sarah Bowen,Trevor Horn
82631,Won't Back Down,Viola Davis|Maggie Gyllenhaal|Ving Rhames|Lance Reddick|Rosie Perez,20,Daniel Barnz,Daniel Barnz,Mark Johnson,Marcelo Zarvos
73191,The Nutcracker,Darci Kistler|Damian Woetzel|Bart Robinson Cook|Kyra Nichols|Jessica Lynn Cohen,6,Emile Ardolino,,,
22479,Kansas City,Jennifer Jason Leigh|Miranda Richardson|Harry Belafonte|Michael Murphy|Dermot Mulroney,8,Robert Altman,Robert Altman|Frank Barhydt,,
340611,Indignation,Logan Lerman|Sarah Gadon|Tracy Letts|Linda Emond|Danny Burstein,33,James Schamus,James Schamus,Anthony Bregman|James Schamus|Rodrigo Teixeira,Jay Wadley
10065,The Amityville Horror,Ryan Reynolds|Melissa George|Jesse James|Chloë Grace Moretz|Jimmy Bennett,18,Andrew Douglas,,Michael Bay|George Furla|Randall Emmett|Paul Mason|Andrew Form,Steve Jablonsky
2757,Adaptation.,Nicolas Cage|Meryl Streep|Chris Cooper|Tilda Swinton|Cara Seymour,25,Spike Jonze,Charlie Kaufman|Donald Kaufman,Jonathan Demme|Edward Saxon|Vincent Landay,Carter Burwell
11683,Land of the Dead,Simon Baker|John Leguizamo|Dennis Hopper|Robert Joy|Asia Argento,32,George A. Romero,George A. Romero,Mark Canton|Bernie Goldmann|Peter Grunwald,Johnny Klimek|Reinhold Heil
244339,Out of Inferno,Lau Ching-Wan|Angelica Lee|Chen Sicheng|Natalie Tong|Eddie Cheung Siu-Fai,6,Danny Pang|Oxide Pang Chun,Danny Pang|Oxide Pang Chun|Szeto Kam-Yuen|Nicholl Tang|MengZhang Wu,Danny Pang|Oxide Pang Chun|Alvin Lam,
1878,Fear and Loathing in Las Vegas,Johnny Depp|Benicio del Toro|Tobey Maguire|Christina Ricci|Ellen Barkin,28,Terry Gilliam,Terry Gilliam|Tony Grisoni|Alex Cox|Tod Davies,Patrick Cassavetti|Laila Nabulsi|Stephen Nemeth,Ray Cooper
23082,The Invention of Lying,Ricky Gervais|Jennifer Garner|Jonah Hill|Louis C.K.|Jeffrey Tambor,23,Ricky Gervais|Matthew Robinson,Ricky Gervais|Matthew Robinson,Lynda Obst|Ricky Gervais|Dan Lin|Oliver Obst,Tim Atack
195589,Neighbors,Seth Rogen|Zac Efron|Rose Byrne|Dave Franco|Ike Barinholtz,51,Nicholas Stoller,Brendan O'Brien|Andrew J. Cohen,Seth Rogen|Evan Goldberg|James Weaver,Michael Andrews
854,The Mask,Jim Carrey|Cameron Diaz|Nancy Fish|Tim Bagley|Johnny Williams,16,Chuck Russell,Mike Werb,,Randy Edelman
2280,Big,Tom Hanks|Elizabeth Perkins|Robert Loggia|John Heard|Jared Rushton,15,Penny Marshall,Gary Ross|Anne Spielberg,James L. Brooks|Robert Greenhut,Howard Shore
496,Borat: Cultural Learnings of America for Make Benefit Glorious Nation of Kazakhstan,Sacha Baron Cohen|Ken Davitian|Luenell|Pamela Anderson|Bob Barr,12,Larry Charles,Sacha Baron Cohen|Sacha Baron Cohen|Anthony Hines|Anthony Hines|Peter Baynham,Sacha Baron Cohen|Jay Roach,Erran Baron Cohen
8835,Legally Blonde,Reese Witherspoon|Luke Wilson|Selma Blair|Matthew Davis|Victor Garber,21,Robert Luketic,Karen McCullah Lutz|Kirsten Smith,Marc Platt|Ric Kidney,Rolfe Kent
157,Star Trek III: The Search for Spock,William Shatner|Leonard Nimoy|DeForest Kelley|James Doohan|George Takei,18,Leonard Nimoy,,Harve Bennett,James Horner
8643,The Exorcism of Emily Rose,Laura Linney|Tom Wilkinson|Campbell Scott|Jennifer Carpenter|Kenneth Welsh,19,Scott Derrickson,Scott Derrickson|Paul Harris Boardman,Tom Rosenberg|Gary Lucchesi|Beau Flynn|Tripp Vinson|Paul Harris Boardman,
10402,Deuce Bigalow: Male Gigolo,Rob Schneider|William Forsythe|Eddie Griffin|Arija Bareikis|Oded Fehr,16,Mike Mitchell,Rob Schneider,Adam Sandler,
218043,Left Behind,Nicolas Cage|Chad Michael Murray|Lea Thompson|Nicky Whelan|Martin Klebba,27,Vic Armstrong,Paul Lalonde|John Patus|Jerry B. Jenkins|Tim LaHaye,Paul Lalonde|Ed Clydesdale|Michael Walker,
9043,The Family Stone,Claire Danes|Diane Keaton|Rachel McAdams|Dermot Mulroney|Sarah Jessica Parker,10,Thomas Bezucha,Thomas Bezucha,Michael London|Jennifer Ogden,
21301,Barbershop 2: Back in Business,Ice Cube|Cedric the Entertainer|Sean Patrick Thomas|Keke Palmer|Michael Ealy,20,Kevin Rodney Sullivan,Don D. Scott,,
10147,Bad Santa,Billy Bob Thornton|Tony Cox|Brett Kelly|Bernie Mac|John Ritter,19,Terry Zwigoff,Glenn Ficarra|John Requa,Joel Coen|Bob Weinstein|John Cameron|Sarah Aubrey,David Kitay
816,Austin Powers: International Man of Mystery,Mike Myers|Elizabeth Hurley|Michael York|Mimi Rogers|Seth Green,27,Jay Roach,Mike Myers,Jennifer Todd|Suzanne Todd|Demi Moore,George S. Clinton
302688,My Big Fat Greek Wedding 2,John Corbett|Elena Kampouris|Nia Vardalos|Ian Gomez|John Stamos,38,Kirk Jones,Nia Vardalos,Tom Hanks|Rita Wilson,
60307,Diary of a Wimpy Kid: Rodrick Rules,Zachary Gordon|Devon Bostick|Rachael Harris|Robert Capron|Steve Zahn,19,David Bowers,Gabe Sachs|Jeff Judah,,
106,Predator,Arnold Schwarzenegger|Carl Weathers|Elpidia Carrillo|Bill Duke|Jesse Ventura,11,John McTiernan,,Joel Silver|Jim Thomas|Lawrence Gordon,Alan Silvestri
279,Amadeus,F. Murray Abraham|Tom Hulce|Elizabeth Berridge|Roy Dotrice|Simon Callow,60,Miloš Forman,Peter Shaffer,Saul Zaentz,
8617,Prom Night,Brittany Snow|Scott Porter|Jessica Stroup|Dana Davis|Kelly Blatz,23,Nelson McCormick,J.S. Cardone,Neal H. Moritz|Toby Jaffe,Paul Haslinger
10625,Mean Girls,Lindsay Lohan|Rachel McAdams|Tim Meadows|Ana Gasteyer|Amy Poehler,38,Mark Waters,Tina Fey,Lorne Michaels,Rolfe Kent
10934,Under the Tuscan Sun,Diane Lane|Sandra Oh|Lindsay Duncan|Raoul Bova|Vincent Riotta,18,Audrey Wells,Audrey Wells,Tom Sternberg|Audrey Wells|Katie DiMento|Jon Goldman|Edoardo Petti,Christophe Beck
5279,Gosford Park,Helen Mirren|Clive Owen|Maggie Smith|Geraldine Somerville|Jeremy Northam,30,Robert Altman,Robert Altman|Julian Fellowes,Robert Altman|David Levy|Julian Fellowes|Bob Balaban|Joshua Astrachan,Patrick Doyle
10013,Peggy Sue Got Married,Kathleen Turner|Nicolas Cage|Barry Miller|Catherine Hicks|Joan Allen,17,Francis Ford Coppola,Jerry Leichtling|Arlene Sarner,Paul R. Gurian,John Barry
194662,Birdman,Michael Keaton|Emma Stone|Zach Galifianakis|Naomi Watts|Edward Norton,50,Alejandro González Iñárritu,Alejandro González Iñárritu|Armando Bo|Nicolás Giacobone|Alexander Dinelaris,Alejandro González Iñárritu|Arnon Milchan|James W. Skotchdopole|John Lesher,Antonio Sánchez
160588,Blue Jasmine,Cate Blanchett|Alec Baldwin|Sally Hawkins|Bobby Cannavale|Louis C.K.,16,Woody Allen,Woody Allen,Letty Aronson|Stephen Tenenbaum|Edward Walson,
9829,United 93,J.J. Johnson|Polly Adams|Trish Gates|Nancy McDoniel|Opal Alladin,24,Paul Greengrass,Paul Greengrass,Lloyd Levin|Tim Bevan|Eric Fellner|Paul Greengrass|Michael Bronner,John Powell
10028,Honey,Jessica Alba|Mekhi Phifer|Joy Bryant|Romeo Miller|David Moscow,21,Bille Woodruff,Alonzo Brown|Kim Watson,Marc Platt|Andre Harrell|Nicole Brown,Mervyn Warren
10535,Spy Hard,Leslie Nielsen|Nicollette Sheridan|Charles Durning|Marcia Gay Harden|Barry Bostwick,38,Rick Friedberg,Jason Friedberg|Aaron Seltzer|Rick Friedberg|Dick Chudnow,Doug Draizin|Rick Friedberg|Jeffrey Konvitz,Bill Conti
790,The Fog,Adrienne Barbeau|Jamie Lee Curtis|Janet Leigh|John Houseman|Tom Atkins,15,John Carpenter,Debra Hill|John Carpenter,Debra Hill|Barry Bernardi|Pegi Brotman,John Carpenter
43959,Soul Surfer,AnnaSophia Robb|Helen Hunt|Lorraine Nicholson|Carrie Underwood|Dennis Quaid,16,Sean McNamara,Sean McNamara|Deborah Schwartz,,
10364,Catch-22,Alan Arkin|Martin Balsam|Richard Benjamin|Art Garfunkel|Jack Gilford,20,Mike Nichols,Buck Henry,Martin Ransohoff|John Calley,
16991,Observe and Report,Seth Rogen|Anna Faris|Michael Peña|Ray Liotta|Collette Wolfe,24,Jody Hill,Jody Hill,,
9610,Conan the Destroyer,Arnold Schwarzenegger|Grace Jones|Wilt Chamberlain|Tracey Walter|Mako,11,Richard Fleischer,Stanley Mann|Gerry Conway|Roy Thomas,Raffaella De Laurentiis|Edward R. Pressman,Basil Poledouris
1578,Raging Bull,Robert De Niro|Joe Pesci|Cathy Moriarty|Frank Vincent|Nicholas Colasanto,47,Martin Scorsese,Paul Schrader|Mardik Martin,Irwin Winkler|Robert Chartoff,
25643,Love Happens,Aaron Eckhart|Jennifer Aniston|Judy Greer|Martin Sheen|Deirdre Blades,16,Brandon Camp,,Scott Stuber|Mike Thompson|Alexa Faigen,Christopher Young
11904,Young Sherlock Holmes,Nicholas Rowe|Alan Cox|Sophie Ward|Anthony Higgins|Susan Fleetwood,7,Barry Levinson,Chris Columbus,Mark Johnson|Henry Winkler,Bruce Broughton
28665,Fame,Kay Panabaker|Naturi Naughton|Kherington Payne|Megan Mullally|Walter Perez,8,Kevin Tancharoen,Christopher Gore|Allison Burnett,Tom Rosenberg|Gary Lucchesi|Richard S. Wright|Mark Canton|Celine Catalaa,
44115,127 Hours,James Franco|Kate Mara|Amber Tamblyn|Clémence Poésy|Lizzy Caplan,29,Danny Boyle,Danny Boyle|Simon Beaufoy,Danny Boyle|Christian Colson|John Smithson|Tom Heller|Gareth Smith,A. R. Rahman
10569,Small Time Crooks,Woody Allen|Carolyn Saxon|Tracey Ullman|Michael Rapaport|Tony Darrow,21,Woody Allen,,Letty Aronson|Helen Robin|Charles H. Joffe|Jack Rollins|Jean Doumanian,
10560,Center Stage,Amanda Schull|Zoe Saldana|Susan May Pratt|Peter Gallagher|Scottie Thompson,5,Nicholas Hytner,Carol Heikkinen,Laurence Mark,
333348,Love the Coopers,Steve Martin|Diane Keaton|John Goodman|Alan Arkin|Olivia Wilde,15,Jessie Nelson,Steven Rogers,,
20483,Catch That Kid,Kristen Stewart|Corbin Bleu|Max Thieriot|Jennifer Beals|Sam Robards,34,Bart Freundlich|James Sbardellati|Peter Merwin,Michael Brandt|Derek Haas,Andrew Lazar|Jeffrey Graup|Gym Hinderer,
11457,Life as a House,Kevin Kline|Kristin Scott Thomas|Hayden Christensen|Jena Malone|Mary Steenburgen,9,Irwin Winkler,Mark Andrus,Rob Cowan,Mark Isham
321697,Steve Jobs,Michael Fassbender|Kate Winslet|Seth Rogen|Katherine Waterston|Jeff Daniels,19,Danny Boyle,Aaron Sorkin,Danny Boyle|Scott Rudin|Mark Gordon|Guymon Casady|Christian Colson,Daniel Pemberton
19840,"I Love You, Beth Cooper",Hayden Panettiere|Paul Rust|Lauren London|Lauren Storm|Jack Carpenter,17,Chris Columbus,Larry Doyle,Chris Columbus|Mark Radcliffe|Michael Barnathan,Christophe Beck
22327,Youth in Revolt,Michael Cera|Zach Galifianakis|Justin Long|Ray Liotta|Steve Buscemi,16,Miguel Arteta,Gustin Nash,David Permut,
38665,The Legend of the Lone Ranger,Christopher Lloyd|Matt Clark|Juanin Clay|Jason Robards|John Bennett Perry,14,William A. Fraker,Ivan Goff|Ben Roberts,,
2575,The Tailor of Panama,Pierce Brosnan|Geoffrey Rush|Jamie Lee Curtis|Leonor Varela|Brendan Gleeson,14,John Boorman,Andrew Davies|John Boorman|John le Carré,John Boorman,
11644,Blow Out,John Travolta|Nancy Allen|John Lithgow|Dennis Franz|Peter Boyden,17,Brian De Palma,Brian De Palma|Bill Mesce Jr.,George Litto,Pino Donaggio
146227,Getaway,Ethan Hawke|Selena Gomez|Jon Voight|Paul Freeman|Bruce Payne,12,Courtney Solomon,Sean Finegan|Gregg Maxwell Parker,Moshe Diamant|Courtney Solomon|Christopher Milburn|Allan Zeman,Justin Caine Burnett
68924,The Ice Storm,Kevin Kline|Joan Allen|Sigourney Weaver|Henry Czerny|Tobey Maguire,16,Ang Lee,James Schamus|Rick Moody,Ang Lee|James Schamus|Ted Hope,
253235,And So It Goes,Michael Douglas|Diane Keaton|Sterling Jerins|Paloma Guzmán|Frances Sternhagen,33,Rob Reiner,Mark Andrus,Rob Reiner|Mark Damon|Alan Greisman,Marc Shaiman
22102,Troop Beverly Hills,Shelley Long|Craig T. Nelson|Betty Thomas|Mary Gross|Carla Gugino,12,Jeff Kanew,Margaret Oberman|Pamela Norris|Ava Ostern Fries,Ava Ostern Fries,Randy Edelman
18701,Being Julia,Michael Gambon|Annette Bening|Leigh Lawson|Shaun Evans|Jeremy Irons,18,István Szabó,,,
10068,Nine 1/2 Weeks,Mickey Rourke|Kim Basinger|Margaret Whitton|David Margulies|Christine Baranski,10,Adrian Lyne,Sarah Kernochan|Zalman King|Patricia Louisianna Knop,Mark Damon|Sidney Kimmel|Zalman King|Antony Rufus-Isaacs,
848,Dragonslayer,Peter MacNicol|Caitlin Clarke|Ralph Richardson|John Hallam|Peter Eyre,15,Matthew Robbins,Matthew Robbins|Hal Barwood,Hal Barwood|Eric Rattray,Alex North
36811,The Last Station,James McAvoy|Christopher Plummer|Helen Mirren|Paul Giamatti|Anne-Marie Duff,10,Michael Hoffman,,,
522,Ed Wood,Johnny Depp|Martin Landau|Sarah Jessica Parker|Patricia Arquette|Jeffrey Jones,68,Tim Burton,Scott Alexander|Larry Karaszewski,Tim Burton|Denise Di Novi|Michael Flynn,Howard Shore
130150,Labor Day,Josh Brolin|Kate Winslet|Gattlin Griffith|Tobey Maguire|Tom Lipinski,19,Jason Reitman,Jason Reitman,Jason Reitman|Lianne Halfon|Russell Smith|Helen Estabrook|Nicole C. Taylor,
12246,Mongol: The Rise of Genghis Khan,Tadanobu Asano|Sun Honglei|Khulan Chuluun|Aliya|Ba Sen,27,Sergei Bodrov,Sergei Bodrov,Anton Melnik|Sergei Bodrov,Tuomas Kantelinen
13809,RockNRolla,Mark Strong|Tom Wilkinson|Toby Kebbell|Gerard Butler|Tom Hardy,17,Guy Ritchie,Guy Ritchie,Guy Ritchie|Joel Silver|Susan Downey|Steve Clark-Hall,Steve Isles
27380,Megaforce,Barry Bostwick|Michael Beck|Persis Khambatta|Henry Silva|George Furth,13,Hal Needham,Bob Kachler|James Whittaker,,Jerrold Immel
10549,Hamlet,Kenneth Branagh|Derek Jacobi|Julie Christie|Richard Briers|Kate Winslet,29,Kenneth Branagh,Kenneth Branagh,David Barron,Patrick Doyle
33870,Mao's Last Dancer,Chi Cao|Chengwu Guo|Wen Bin Huang|Joan Chen|Bruce Greenwood,13,Bruce Beresford,,,
245703,Midnight Special,Michael Shannon|Jaeden Lieberher|Joel Edgerton|Kirsten Dunst|Adam Driver,36,Jeff Nichols,Jeff Nichols,Sarah Green|Brian Kavanaugh-Jones,
10739,Anything Else,Woody Allen|Jason Biggs|Christina Ricci|Stockard Channing|Danny DeVito,23,Woody Allen,Woody Allen,Letty Aronson,
127560,The Railway Man,Jeremy Irvine|Colin Firth|Stellan Skarsgård|Michael MacKenzie|Nicole Kidman,34,Jonathan Teplitzky,Frank Cottrell Boyce|Andy Paterson,Chris Brown|Andy Paterson|Bill Curbishley,David Hirschfelder
37903,The White Ribbon,Ursina Lardi|Ulrich Tukur|Burghart Klaußner|Christian Friedel|Leonie Benesch,84,Michael Haneke,Michael Haneke|Michael Haneke,Stefan Arndt|Veit Heiduschka|Margaret Ménégoz|Andrea Occhipinti,
396152,Restoration,Emily Roya O'Brien|Adrian Gaeta|Zack Ward|Sarah Ann Schultz,4,Zack Ward,Zack Ward|James Cullen Bressack,,
10017,The Wraith,Charlie Sheen|Nick Cassavetes|Sherilyn Fenn|Randy Quaid|Matthew Barry,15,Mike Marvin,Mike Marvin,John Kemeny,J. Peter Robinson|Michael Hoenig
11468,Salton Sea,Val Kilmer|Vincent D'Onofrio|Adam Goldberg|Luis Guzmán|Doug Hutchison,18,D.J. Caruso,Tony Gayton,Frank Darabont|Eriq La Salle|Butch Robinson|Ken Aguado,Thomas Newman
193613,Metallica: Through the Never,Dane DeHaan|Mackenzie Gray|James Hetfield|Lars Ulrich|Kirk Hammett,7,Nimród Antal,Nimród Antal|James Hetfield|Lars Ulrich|Kirk Hammett|Robert Trujillo,,
17436,The Informers,Billy Bob Thornton|Kim Basinger|Mickey Rourke|Winona Ryder|Jon Foster,23,Gregor Jordan,Bret Easton Ellis|Nicholas Jarecki,Bret Easton Ellis,
43434,Carlos,Edgar Ramírez|Alexander Scheer|Fadi Abi Samra|Nora von Waldstätten|Talal El-Jordi,23,Olivier Assayas,Olivier Assayas|Daniel LeConte|Dan Franck,Jens Meurer|Daniel LeConte|Marc Hansell|Frank Lehmann|Jona Wirbeleit,
31166,I Come with the Rain,Josh Hartnett|Elias Koteas|Takuya Kimura|Lee Byung-hun|Tran Nu Yên-Khê,6,Tran Anh Hung,Tran Anh Hung,Jean Cazes,
69848,One Man's Hero,Tom Berenger|Joaquim de Almeida|Daniela Romo|Mark Moses|Stuart Graham,15,Lance Hool,Milton S. Gelman,William J. MacDonald,Ernest Troost
8408,Day of the Dead,Lori Cardille|Terry Alexander|Joseph Pilato|Jarlath Conroy|Anthony Dileo Jr.,39,George A. Romero,George A. Romero,Richard P. Rubinstein,
332411,I Am Wrath,John Travolta|Christopher Meloni|Rebecca De Mornay|Amanda Schull|Patrick St. Esprit,12,Chuck Russell,Yvan Gauthier|Paul Sloan,Michael Mendelsohn|Rob Carliner,Haim Mazar
9389,Renaissance,Daniel Craig|Catherine McCormack|Romola Garai|Jonathan Pryce|Ian Holm,15,Christian Volckman,Alexandre de La Patellière,Aton Soumache|Alexis Vonarb|Roch Lener,Nicholas Dodd
9626,Red Sonja,"Arnold Schwarzenegger|Brigitte Nielsen|Sandahl Bergman|Paul L. Smith|Ernie Reyes, Jr.",17,Richard Fleischer,George MacDonald Fraser|Clive Exton,Christian Ferry,Ennio Morricone
75638,Red Lights,Sigourney Weaver|Robert De Niro|Cillian Murphy|Elizabeth Olsen|Toby Jones,18,Rodrigo Cortés,Rodrigo Cortés,Rodrigo Cortés|Adrián Guerra,
8363,Superbad,Jonah Hill|Michael Cera|Christopher Mintz-Plasse|Bill Hader|Seth Rogen,53,Greg Mottola,Seth Rogen|Evan Goldberg,Judd Apatow|Shauna Robertson,Lyle Workman
15670,Madea Goes to Jail,Tyler Perry|Derek Luke|Keshia Knight Pulliam|Whoopi Goldberg|Ion Overman,14,Tyler Perry,Tyler Perry,Tyler Perry,
290555,Wolves,Jason Momoa|Lucas Till|John Pyper-Ferguson|Stephen McHattie|Merritt Patterson,8,David Hayter,David Hayter,,
8328,Step Up 2: The Streets,Briana Evigan|Robert Hoffman|Will Kemp|Cassie Ventura|Adam G. Sevani,13,Jon M. Chu,Toni Ann Johnson|Karen Barna|Duane Adler,Patrick Wachsberger|Erik Feig|Adam Shankman|Jennifer Gibgot,Aaron Zigman
10982,Hoodwinked!,Anne Hathaway|Glenn Close|Jim Belushi|Patrick Warburton|Anthony Anderson,15,Cory Edwards|Todd Edwards|Tony Leech,Cory Edwards|Todd Edwards|Tony Leech,David Lovegren|Maurice Kanbar|Sue Bea Montgomery|Preston Stutzman,John Mark Painter|Kristin Wilkinson
205,Hotel Rwanda,Don Cheadle|Sophie Okonedo|Nick Nolte|Fana Mokoena|Joaquin Phoenix,28,Terry George,Terry George|Keir Pearson,Nicholas Meyer|Terry George|Izidore Codron|A. Kitman Ho,Rupert Gregson-Williams|Martin Russell|Andrea Guerra
1620,Hitman,Timothy Olyphant|Dougray Scott|Olga Kurylenko|Robert Knepper|Ulrich Thomsen,11,Xavier Gens,Skip Woods,Charles Gordon|Pierre-Ange Le Pogam|Adrian Askarieh|Daniel Alter,Geoff Zanelli
175541,Black Nativity,Forest Whitaker|Angela Bassett|Jennifer Hudson|Tyrese Gibson|Jacob Latimore,9,Kasi Lemmons,Kasi Lemmons,Trudie Styler|T.D. Jakes,Laura Karpman|Raphael Saadiq
241254,The Prince,Bruce Willis|Jason Patric|John Cusack|Jessica Lowndes|Gia Mantegna,25,Brian A Miller,Jeremy Passmore|Andre Fabrizio,George Furla|Randall Emmett|Ho-Sung Pak|Fred Song,
31932,City of Ghosts,Matt Dillon|James Caan|Natascha McElhone|Gérard Depardieu|Stellan Skarsgård,9,Matt Dillon,Matt Dillon|Barry Gifford,,
1933,The Others,Nicole Kidman|Christopher Eccleston|Alakina Mann|James Bentley|Eric Sykes,13,Alejandro Amenábar,Alejandro Amenábar,Fernando Bovaira|José Luis Cuerda|Sunmin Park,Alejandro Amenábar
679,Aliens,Sigourney Weaver|Michael Biehn|James Remar|Paul Reiser|Lance Henriksen,26,James Cameron,James Cameron,Gale Anne Hurd,James Horner
11113,My Fair Lady,Audrey Hepburn|Rex Harrison|Stanley Holloway|Wilfrid Hyde-White|Gladys Cooper,10,George Cukor,Alan Jay Lerner,Jack Warner|James C. Katz,Frederick Loewe
3597,I Know What You Did Last Summer,Jennifer Love Hewitt|Sarah Michelle Gellar|Ryan Phillippe|Freddie Prinze Jr.|Bridgette Wilson,11,Jim Gillespie,Kevin Williamson,Erik Feig|Neal H. Moritz|Stokely Chaffin,John Debney
193893,Let's Be Cops,Jake Johnson|Damon Wayans Jr.|Nina Dobrev|Rob Riggle|James D'Arcy,74,Luke Greenfield,Luke Greenfield|Nicholas Thomas,Simon Kinberg|Luke Greenfield|Aditya Sood,Christophe Beck|Jake Monaco
9675,Sideways,Paul Giamatti|Thomas Haden Church|Virginia Madsen|Sandra Oh|Marylouise Burke,18,Alexander Payne,Jim Taylor|Alexander Payne,Michael London|George Parra,Rolfe Kent
9988,Beerfest,Erik Stolhanske|Jay Chandrasekhar|Steve Lemme|Paul Soter|M.C. Gainey,26,Jay Chandrasekhar,,Bill Gerber|Richard Perello|Artist W. Robinson,Nathan Barr
948,Halloween,Donald Pleasence|Jamie Lee Curtis|P.J. Soles|Nancy Kyes|Nick Castle,25,John Carpenter,Debra Hill|John Carpenter,Debra Hill,John Carpenter
21765,Good Boy!,Molly Shannon|Liam Aiken|Matthew Broderick|Donald Faison|Cheech Marin,12,John Robert Hoffman,John Robert Hoffman|Zeke Richardson,Lisa Henson|Kristine Belson,
146304,The Best Man Holiday,Terrence Howard|Harold Perrineau|Morris Chestnut|Sanaa Lathan|Taye Diggs,12,Malcolm D. Lee,Malcolm D. Lee,Sean Daniel|Malcolm D. Lee,
7516,Smokin' Aces,Ryan Reynolds|Ray Liotta|Joseph Ruskin|Alex Rocco|Wayne Newton,30,Joe Carnahan,Joe Carnahan,Tim Bevan|Eric Fellner,Clint Mansell
41439,Saw: The Final Chapter,Tobin Bell|Costas Mandylor|Betsy Russell|Cary Elwes|Sean Patrick Flanery,10,Kevin Greutert,Patrick Melton|Marcus Dunstan,Mark Burg|Oren Koules,Charlie Clouser
2752,40 Days and 40 Nights,Josh Hartnett|Shannyn Sossamon|Adam Trese|Emmanuelle Vaugier|Barry Newman,12,Michael Lehmann,Rob Perez,Tim Bevan|Michael London,Rolfe Kent
9429,A Night at the Roxbury,Will Ferrell|Chris Kattan|Jennifer Coolidge|Michael Clarke Duncan|Eva Mendes,15,John Fortenberry,Steve Koren|Will Ferrell|Chris Kattan,Amy Heckerling,
38117,Beastly,Alex Pettyfer|Vanessa Hudgens|Mary-Kate Olsen|Lisa Gay Hamilton|Neil Patrick Harris,21,Daniel Barnz,Daniel Barnz|Daniel Barnz|Alex Flinn,,
9792,The Hills Have Eyes,Aaron Stanford|Kathleen Quinlan|Vinessa Shaw|Emilie de Ravin|Dan Byrd,15,Alexandre Aja,Grégory Levasseur|Alexandre Aja,Wes Craven|Marianne Maddalena|Peter Locke|Samy Layani,tomandandy
13778,Dickie Roberts: Former Child Star,David Spade|Mary McCormack|Craig Bierko|Scott Terra|Jenna Boyd,89,Sam Weisman,David Spade|Fred Wolf,Adam Sandler|Jack Giarraputo|M. Blair Breard|Tom McNulty,Christophe Beck|Waddy Wachtel
228203,"McFarland, USA",Kevin Costner|Ramiro Rodriguez|Carlos Pratts|Johnny Ortiz|Rafael Martinez,55,Niki Caro,Grant Thompson|Chris Cleveland|Bettina Gilois,Mark Ciardi|Gordon Gray,Antonio Pinto
41382,Lottery Ticket,Shad Moss|Brandon T. Jackson|Naturi Naughton|Loretta Devine|Teairra Mari,18,Erik White,Abdul Williams,,
13960,ATL,T.I.|Evan Ross|Jackie Long|Lauren London|Albert Daniels,14,Christian Robinson,Tina Gordon Chism,Will Smith,
114150,Pitch Perfect,Anna Kendrick|Skylar Astin|Brittany Snow|Anna Camp|Rebel Wilson,125,Jason Moore,Kay Cannon,Elizabeth Banks|Paul Brooks|Max Handelman,Mark Kilian|Christophe Beck
26602,Summer Catch,Freddie Prinze Jr.|Jessica Biel|Fred Ward|Matthew Lillard|Brian Dennehy,9,Mike Tollin,Kevin Falls,,
10223,A Simple Plan,Bill Paxton|Bridget Fonda|Billy Bob Thornton|Brent Briscoe|Chelcie Ross,9,Sam Raimi,Scott B. Smith,Gary Levinsohn|James Jacks,Danny Elfman
16028,They,Laura Regan|Marc Blucas|Ethan Embry|Dagmara Domińczyk|Jon Abrahams,15,Robert Harmon,Brendan Hood,Scott Kroopf|Tom Engelman,Elia Cmiral
15639,Larry the Cable Guy: Health Inspector,Larry the Cable Guy|Iris Bahr|Tony Hale|David Koechner|Brooke Dillman,9,Trent Cooper,Jonathan Bernstein|James Greer,,
16112,The Adventures of Elmo in Grouchland,Kevin Clash|Mandy Patinkin|Vanessa Williams|Sonia Manzano|Roscoe Orman,41,Gary Halvorson,Joey Mazzarino|Mitchell Kriegman|Mitchell Kriegman,Alex Rockwell|Marjorie Kalins,
26390,Brooklyn's Finest,Richard Gere|Don Cheadle|Ethan Hawke|Wesley Snipes|Vincent D'Onofrio,21,Antoine Fuqua,Michael C. Martin|Michael C. Martin,John Thompson|Basil Iwanyk|Joe Napolitano|John Langley|Elie Cohn,Marcelo Zarvos
27759,55 Days at Peking,Charlton Heston|Ava Gardner|David Niven|Burt Kwouk|Flora Robson,17,Nicholas Ray|Guy Green,Bernard Gordon|Philip Yordan,Samuel Bronston|Michał Waszyński|Alan Brown,Dimitri Tiomkin
109428,Evil Dead,Jane Levy|Shiloh Fernandez|Lou Taylor Pucci|Jessica Lucas|Elizabeth Blackmore,14,Fede Alvarez,Sam Raimi|Fede Alvarez|Rodo Sayagues,Sam Raimi|Bruce Campbell|Robert Tapert|Sally Campbell,Roque Baños
23049,My Life in Ruins,Nia Vardalos|Richard Dreyfuss|Alexis Georgoulis|Alistair McGowan|Harland Williams,15,Donald Petrie,Mike Reiss,,
9310,American Dreamz,Hugh Grant|Dennis Quaid|Mandy Moore|Willem Dafoe|Chris Klein,48,Paul Weitz,Paul Weitz,Paul Weitz|Rodney Liber|Andrew Miano,Stephen Trask
11411,Superman IV: The Quest for Peace,Christopher Reeve|Margot Kidder|Gene Hackman|Jackie Cooper|Marc McClure,18,Sidney J. Furie,Lawrence Konner|Lawrence Konner|Mark Rosenthal|Mark Rosenthal|Christopher Reeve,Menahem Golan|Yoram Globus,Alexander Courage
16988,How She Move,Rutina Wesley|Dwain Murphy|Boyd Banks|Clé Bennett|Nina Dobrev,8,Ian Iqbal Rashid,Annemarie Morais,Brent Barclay|Jennifer Kawaja|Julia Sereny,
7304,Running Scared,Paul Walker|Cameron Bright|Vera Farmiga|Chazz Palminteri|Karel Roden,15,Wayne Kramer,Wayne Kramer,Sammy Lee|Brett Ratner|Michael A. Pierce,Mark Isham
24747,Bobby Jones: Stroke of Genius,Jim Caviezel|Claire Forlani|Jeremy Northam|Malcolm McDowell|Aidan Quinn,8,Rowdy Herrington,Rowdy Herrington|Rowdy Herrington|Bill Pryor|Kim Dawson|Tony De Paul,,James Horner
58048,Shanghai Surprise,Madonna|Sean Penn|Paul Freeman|Richard Griffiths|Clyde Kusatsu,15,Jim Goddard,John Kohn|Robert Bentley,,
1491,The Illusionist,Edward Norton|Jessica Biel|Paul Giamatti|Rufus Sewell|Eddie Marsan,35,Neil Burger,Neil Burger,Bob Yari|Brian Koppelman|David Levien|Cathy Schulman|Michael London,Philip Glass
2989,Roar,Tippi Hedren|Melanie Griffith|Jerry Marshall|Kyalo Mativo|Rick Glassey,9,Noel Marshall,Noel Marshall,Tippi Hedren|Noel Marshall|Robert Gottschalk,Terrence P. Minogue
10629,Veronica Guerin,Cate Blanchett|Gerard McSorley|Ciarán Hinds|Brenda Fricker|Don Wycherley,28,Joel Schumacher,Carol Doyle|Carol Doyle|Mary Agnes Donoghue,Jerry Bruckheimer,Harry Gregson-Williams
255343,Escobar: Paradise Lost,Benicio del Toro|Josh Hutcherson|Brady Corbet|Claudia Traisac|Carlos Bardem,9,Andrea Di Stefano,Andrea Di Stefano,Dimitri Rassam,
4723,Southland Tales,Dwayne Johnson|Seann William Scott|Sarah Michelle Gellar|Mandy Moore|Will Sasso,62,Richard Kelly,Richard Kelly,Sean McKittrick|Bo Hyde|Kendall Morgan|Matthew Rhodes,Moby
10800,Dragon Hunters,Vincent Lindon|Patrick Timsit|Philippe Nahon|Amanda Lear|Marie Drion,15,Guillaume Ivernel|Arthur Qwak,Arthur Qwak|Frédéric Lenoir,Tilo Seiffert|Philippe Delarue,Klaus Badelt
25763,Damnation Alley,Jan-Michael Vincent|George Peppard|Dominique Sanda|Paul Winfield|Jackie Earle Haley,18,Jack Smight,Lukas Heller|Alan Sharp,Paul Maslansky|Jerome M. Zeitman,Jerry Goldsmith
79694,The Apparition,Ashley Greene|Sebastian Stan|Tom Felton|Julianna Guill|Luke Pasqualino,11,Todd Lincoln,Todd Lincoln,Alex Heineman,
4032,My Girl,Anna Chlumsky|Macaulay Culkin|Dan Aykroyd|Jamie Lee Curtis|Richard Masur,9,Howard Zieff,Laurice Elehwany,Brian Grazer|Hannah Gold,James Newton Howard
18615,Fur: An Imaginary Portrait of Diane Arbus,Nicole Kidman|Robert Downey Jr.|Ty Burrell|Harris Yulin|Jane Alexander,15,Steven Shainberg,Erin Cressida Wilson,Bonnie Timmermann|Laura Bickford|Andrew Fierberg,Carter Burwell
10673,Wall Street,Charlie Sheen|Michael Douglas|Martin Sheen|Daryl Hannah|John C. McGinley,95,Oliver Stone,Oliver Stone|Stanley Weiser,Edward R. Pressman,Stewart Copeland
4584,Sense and Sensibility,Kate Winslet|Emma Thompson|Hugh Grant|Tom Wilkinson|Alan Rickman,17,Ang Lee,Emma Thompson,Lindsay Doran,
2977,Becoming Jane,Anne Hathaway|James McAvoy|Julie Walters|James Cromwell|Maggie Smith,18,Julian Jarrold,Kevin Hood,Graham Broadbent|Robert Bernstein|Douglas Rae,Adrian Johnston
10760,Sydney White,Amanda Bynes|Sara Paxton|Matt Long|Jeremy Howard|Danny Strong,22,Joe Nussbaum,,James G. Robinson|Dara Resnik Creasey|Clifford Werber|David C. Robinson,Deborah Lurie
11093,House of Sand and Fog,Jennifer Connelly|Ben Kingsley|Ron Eldard|Frances Fisher|Kim Dickens,9,Vadim Perelman,Shawn Lawrence Otto|Vadim Perelman,Michael London|Vadim Perelman,James Horner
207,Dead Poets Society,Robin Williams|Ethan Hawke|Robert Sean Leonard|Gale Hansen|Josh Charles,15,Peter Weir,Tom Schulman,Steven Haft|Paul Junger Witt|Tony Thomas,Maurice Jarre
8467,Dumb and Dumber,Jim Carrey|Jeff Daniels|Lauren Holly|Teri Garr|Mike Starr,80,Bobby Farrelly|Peter Farrelly,Bobby Farrelly|Peter Farrelly|Bennett Yellin,Charles B. Wessler|Brad Krevoy|Steven Stabler,Todd Rundgren
639,When Harry Met Sally...,Meg Ryan|Billy Crystal|Carrie Fisher|Bruno Kirby|Steven Ford,16,Rob Reiner,Nora Ephron,Rob Reiner|Andrew Scheinman|Nora Ephron|Steve Nicolaides|Jeffrey Stott,Marc Shaiman|Thomas Richard Sharp
24226,The Verdict,Paul Newman|Charlotte Rampling|Jack Warden|James Mason|Milo O'Shea,17,Sidney Lumet,David Mamet,Richard D. Zanuck|David Brown,Johnny Mandel
9285,Road Trip,Breckin Meyer|Seann William Scott|Amy Smart|Paulo Costanzo|DJ Qualls,17,Todd Phillips,Todd Phillips|Scot Armstrong,Daniel Goldberg|Joe Medjuck,Michael Simpson
14709,Varsity Blues,James Van Der Beek|Amy Smart|Jon Voight|Paul Walker|Ron Lester,14,Brian Robbins,W. Peter Iliff,,
74643,The Artist,Jean Dujardin|Bérénice Bejo|John Goodman|James Cromwell|Penelope Ann Miller,69,Michel Hazanavicius,Michel Hazanavicius,Thomas Langmann|Jean Dujardin,Ludovic Bource
13788,The Unborn,Odette Annable|Gary Oldman|Meagan Good|Cam Gigandet|Idris Elba,13,David S. Goyer,David S. Goyer,Michael Bay|Andrew Form|Bradley Fuller,
83666,Moonrise Kingdom,Bruce Willis|Edward Norton|Jared Gilman|Kara Hayward|Bill Murray,15,Wes Anderson,Wes Anderson|Roman Coppola,Scott Rudin|Wes Anderson|Jeremy Dawson|Steven M. Rales,Alexandre Desplat
10781,The Texas Chainsaw Massacre: The Beginning,Jordana Brewster|Taylor Handley|Diora Baird|Matt Bomer|R. Lee Ermey,12,Jonathan Liebesman,Sheldon Turner|Sheldon Turner|David J. Schow,Michael Bay|Mike Fleiss|Tobe Hooper|Andrew Form|Bradley Fuller,Steve Jablonsky
318850,The Young Messiah,Adam Greaves-Neal|Sara Lazzaro|Vincent Walsh|Sean Bean|Jonathan Bailey,17,Cyrus Nowrasteh,Cyrus Nowrasteh|Betsy Giffen Nowrasteh,,
13908,The Master of Disguise,Dana Carvey|Brent Spiner|Jennifer Esposito|Harold Gould|James Brolin,16,Perry Andelin Blake,Dana Carvey|Harris Goldberg,,
1417,Pan's Labyrinth,Ivana Baquero|Maribel Verdú|Sergi López|Doug Jones|Ariadna Gil,31,Guillermo del Toro,Guillermo del Toro,Alfonso Cuarón|Frida Torresblanco|Guillermo del Toro|Álvaro Augustín|Bertha Navarro,Javier Navarrete
39180,See Spot Run,Michael Clarke Duncan|David Arquette|Leslie Bibb|Joe Viterelli|Steve Schirripa,9,John Whitesell,George Gallo|George Gallo|Gregory Poirier|Michael Alexander Miller|Dan Baron,,
16161,Baby Boy,Tyrese Gibson|Taraji P. Henson|Omar Gooding|Ving Rhames|Snoop Dogg,11,John Singleton,John Singleton,John Singleton,
49950,The Roommate,Minka Kelly|Leighton Meester|Cam Gigandet|Aly Michalka|Matt Lanter,15,Christian E. Christiansen,Sonny Mallhi|Chris Bylsma|Nick Bylsma|Richard Robertson,Doug Davison|George Flynn|Chris Bylsma|Richard Robertson|Irene Yeung,John Frizzell
10956,Joe Dirt,David Spade|Brittany Daniel|Dennis Miller|Adam Beach|Jaime Pressly,18,Dennie Gordon,David Spade|Fred Wolf,Robert Simonds,
9594,Double Impact,Jean-Claude Van Damme|Geoffrey Lewis|Alonna Shaw|Cory Everson|Philip Chan Yan-Kin,13,Sheldon Lettich,Sheldon Lettich|Jean-Claude Van Damme,Paul Michael Glaser|Jean-Claude Van Damme|Ashok Amritraj,Arthur Kempel
4638,Hot Fuzz,Simon Pegg|Nick Frost|Jim Broadbent|Paddy Considine|Rafe Spall,45,Edgar Wright,Edgar Wright|Simon Pegg,Tim Bevan|Eric Fellner|Nira Park,David Arnold
13972,The Women,Cloris Leachman|India Ennenga|Annette Bening|Eva Mendes|Debra Messing,11,Diane English,,,
5038,Vicky Cristina Barcelona,Scarlett Johansson|Rebecca Hall|Javier Bardem|Penélope Cruz|Christopher Evan Welch,23,Woody Allen,Woody Allen,Letty Aronson|Stephen Tenenbaum|Gareth Wiley,
13491,Arn: The Knight Templar,Joakim Nätterqvist|Sofia Helin|Stellan Skarsgård|Michael Nyqvist|Mirja Turestedt,17,Peter Flinth,Hans Gunnarsson,Waldemar Bergendahl|Hans Lönnerheden|Leif Mohlin,Tuomas Kantelinen
10571,Boys and Girls,Freddie Prinze Jr.|Claire Forlani|Jason Biggs|Amanda Detmer|Alyson Hannigan,73,Robert Iscove,Andrew Miller|Andrew Lowery,Jay Cohen|Lee Gottsegen|Murray Schisgal,Stewart Copeland
10994,White Oleander,Alison Lohman|Michelle Pfeiffer|Cole Hauser|Robin Wright|Amy Aquino,35,Peter Kosminsky,Mary Agnes Donoghue,Hunt Lowry|John Wells|Ilyse A. Reutlinger|Tracy Underwood,Thomas Newman
19994,Jennifer's Body,Megan Fox|Amanda Seyfried|Johnny Simmons|Adam Brody|J.K. Simmons,20,Karyn Kusama,Diablo Cody,Brad Van Arragon|Jason Reitman|Mason Novick|Daniel Dubiecki,Theodore Shapiro|Stephen Barton
25166,Drowning Mona,Danny DeVito|Bette Midler|Neve Campbell|Jamie Lee Curtis|Casey Affleck,17,Nick Gomez,Peter Steinfeld,,
30890,Radio Days,Woody Allen|Mia Farrow|Jeff Daniels|Larry David|Todd Field,23,Woody Allen,Woody Allen,Robert Greenhut,
23169,Remember Me,Robert Pattinson|Emilie de Ravin|Pierce Brosnan|Lena Olin|Chris Cooper,17,Allen Coulter,Will Fetters,Nick Osborne|Trevor Engelson,Marcelo Zarvos
17403,How to Deal,Mandy Moore|Trent Ford|Allison Janney|Alexandra Holden|Dylan Baker,14,Clare Kilner,Neena Beber,William Teitler|Erica Huggins,
12120,My Stepmother is an Alien,Dan Aykroyd|Kim Basinger|Jon Lovitz|Alyson Hannigan|Seth Green,11,Richard Benjamin,Herschel Weingrod|Timothy Harris|Jonathan Reynolds,Franklin R. Levy|Ronald Parker,
9800,Philadelphia,Tom Hanks|Denzel Washington|Jason Robards|Mary Steenburgen|Antonio Banderas,61,Jonathan Demme,,Jonathan Demme|Edward Saxon,Howard Shore
1090,The Thirteenth Floor,Craig Bierko|Armin Mueller-Stahl|Gretchen Mol|Vincent D'Onofrio|Dennis Haysbert,31,Josef Rusnak,Josef Rusnak|Ravel Centeno-Rodriguez,Roland Emmerich|Ute Emmerich|Kelly Van Horn|Marco Weber,Harald Kloser
18475,The Cookout,Ja Rule|Tim Meadows|Jenifer Lewis|Jonathan Silverman|Eve,6,Lance Rivera,,Shakim Compere|Otis Best,
40160,Meteor,Sean Connery|Natalie Wood|Karl Malden|Brian Keith|Martin Landau,22,Ronald Neame,Edmund H. North|Edmund H. North|Stanley Mann,Theodore R. Parvin|Arnold H. Orgolini,Laurence Rosenthal
18074,Duets,Gwyneth Paltrow|Scott Speedman|Maria Bello|Paul Giamatti|Andre Braugher,6,Bruce Paltrow,John Byrum,,
9689,Hollywood Ending,Woody Allen|George Hamilton|Téa Leoni|Debra Messing|Mark Rydell,23,Woody Allen,Woody Allen,Letty Aronson,
9781,Detroit Rock City,Giuseppe Andrews|James DeBello|Edward Furlong|Sam Huntington|Lin Shaye,24,Adam Rifkin,Carl V. Dupré,Gene Simmons|Kathleen Haase|Barry Levine,J. Peter Robinson
8009,Highlander,Christopher Lambert|Roxanne Hart|Clancy Brown|Sean Connery|Beatie Edney,16,Russell Mulcahy,Larry Ferguson|Gregory Widen|Peter Bellwood,Peter S. Davis|William N. Panzer,Michael Kamen
3877,Things We Lost in the Fire,Halle Berry|Benicio del Toro|David Duchovny|Alison Lohman|Sarah Dubrovsky,10,Susanne Bier,Allan Loeb,Sam Mendes|Sam Mercer|Barbara Kelly,Johan Söderqvist
8854,Steel,Shaquille O'Neal|Annabeth Gish|Richard Roundtree|Judd Nelson|Irma P. Hall,30,Kenneth Johnson,Kenneth Johnson,Quincy Jones,Mervyn Warren
152599,The Immigrant,Marion Cotillard|Jeremy Renner|Joaquin Phoenix|Dagmara Domińczyk|Gabriel Rush,9,James Gray,James Gray|Ric Menello,Greg Shapiro|James Gray|Anthony Katagas|Christopher Woodrow,
18840,The White Countess,Ralph Fiennes|Natasha Richardson|Hiroyuki Sanada|Lynn Redgrave|Vanessa Redgrave,20,James Ivory,Kazuo Ishiguro,Ismail Merchant,Richard Robbins
68727,Trance,James McAvoy|Vincent Cassel|Rosario Dawson|Matt Cross|Danny Sapani,15,Danny Boyle,John Hodge|Joe Ahearne,Danny Boyle|Christian Colson,Rick Smith
12657,Soul Plane,Tom Arnold|Kevin Hart|Method Man|Snoop Dogg|K. D. Aubert,33,Jessy Terrero,Chuck Wilson|Bo Zenga,Jessy Terrero|David Rubin,RZA|Christopher Lennertz
8265,Welcome to the Sticks,Kad Merad|Dany Boon|Zoé Félix|Lorenzo Ausilia-Foret|Anne Marivin,15,Dany Boon|Nicolas Guy,Alexandre Charlot|Franck Magnier|Dany Boon,Claude Berri|Jérôme Seydoux|Richard Pezet,Philippe Rombi
12410,Good,Viggo Mortensen|Jason Isaacs|Mark Strong|Steven Mackintosh|Jodie Whittaker,5,Vicente Amorim,,,
34647,Enter the Void,Nathaniel Brown|Paz de la Huerta|Cyril Roy|Masato Tanno|Jesse Kuhn,8,Gaspar Noé,Gaspar Noé,Olivier Delbosc|Marc Missonnier|Vincent Maraval|Brahim Chioua|Pierre Buffin,
73935,Vamps,Alicia Silverstone|Krysten Ritter|Sigourney Weaver|Richard Lewis|Wallace Shawn,20,Amy Heckerling,Amy Heckerling,,
28178,Hachi: A Dog's Tale,Richard Gere|Joan Allen|Jason Alexander|Cary-Hiroyuki Tagawa|Sarah Roemer,18,Lasse Hallström,Stephen P. Lindsey,Richard Gere|Bill Johnson|Shin Torisawa,Jan A.P. Kaczmarek
185567,Zulu,Orlando Bloom|Forest Whitaker|Conrad Kemp|Inge Beckmann|Tinarie Van Wyk-Loots,18,Jérôme Salle,Julien Rappeneau|Jérôme Salle,Richard Grandpierre,
264656,The Homesman,Hilary Swank|Tommy Lee Jones|Grace Gummer|Meryl Streep|Miranda Otto,22,Tommy Lee Jones,Tommy Lee Jones|Wesley Oliver|Kieran Fitzgerald,Luc Besson|Peter Brant|Brian Kennedy,Marco Beltrami
35696,Juwanna Mann,"Miguel A. Núñez, Jr.|Vivica A. Fox|Kevin Pollak|Tommy Davidson|Ginuwine",16,Jesse Vaughan,Bradley Allenstein,,
16351,Ararat,Simon Abkarian|Charles Aznavour|Christopher Plummer|Arsinée Khanjian|David Alpay,13,Atom Egoyan,,,
38717,Madison,Jim Caviezel|Jake Lloyd|Mary McCormack|Bruce Dern|Paul Dooley,13,William Bindley,,,
18777,Slow Burn,Ray Liotta|LL Cool J|Mekhi Phifer|Jolene Blalock|Chiwetel Ejiofor,5,Wayne Beach,Wayne Beach|Wayne Beach|Anthony Walton,Bonnie Timmermann|Sidney Kimmel|Tim Williams,
2110,Wasabi,Jean Reno|Ryoko Hirosue|Michel Muller|Carole Bouquet|Yoshi Oida,29,Gérard Krawczyk,Luc Besson,Luc Besson,Eric Serra|Julien Schultheis
9035,Slither,Nathan Fillion|Don Thompson|Elizabeth Banks|Gregg Henry|Xantha Radley,14,James Gunn,James Gunn,Eric Newman|Paul Brooks,
90,Beverly Hills Cop,Eddie Murphy|Judge Reinhold|John Ashton|Ronny Cox|Paul Reiser,18,Martin Brest,"Danilo Bach|Daniel Petrie, Jr.",Jerry Bruckheimer|Don Simpson,Harold Faltermeyer
771,Home Alone,Macaulay Culkin|Joe Pesci|Daniel Stern|John Heard|Catherine O'Hara,31,Chris Columbus,John Hughes,John Hughes,John Williams
12154,Three Men and a Baby,Tom Selleck|Steve Guttenberg|Ted Danson|Nancy Travis|Margaret Colin,8,Leonard Nimoy,James Orr|Jim Cruickshank,Ted Field|Robert W. Cort,
9576,Tootsie,Dustin Hoffman|Jessica Lange|Teri Garr|Dabney Coleman|Charles Durning,45,Sydney Pollack,Robert Garland|Barry Levinson|Larry Gelbart|Elaine May|Don McGuire,Sydney Pollack|Ronald L. Schwary|Dick Richards,Dave Grusin
744,Top Gun,Tom Cruise|Kelly McGillis|Val Kilmer|Anthony Edwards|Tom Skerritt,15,Tony Scott,Jim Cash|Jack Epps Jr.,Jerry Bruckheimer|Don Simpson,Harold Faltermeyer
146,"Crouching Tiger, Hidden Dragon",Chow Yun-fat|Michelle Yeoh|Zhang Ziyi|Chang Chen|Cheng Pei-Pei,12,Ang Lee,James Schamus|Wang Hui-Ling|Kuo Jung Tsai,William Kong|Ang Lee|Li-Kong Hsu,Dun Tan
14,American Beauty,Kevin Spacey|Annette Bening|Thora Birch|Wes Bentley|Mena Suvari,40,Sam Mendes,Alan Ball,Bruce Cohen|Dan Jinks,Thomas Newman
45269,The King's Speech,Colin Firth|Geoffrey Rush|Helena Bonham Carter|Guy Pearce|Timothy Spall,40,Tom Hooper,David Seidler,Emile Sherman|Iain Canning|Gareth Unwin,Alexandre Desplat
9493,Twins,Arnold Schwarzenegger|Danny DeVito|Kelly Preston|Chloe Webb|David Caruso,52,Ivan Reitman,Herschel Weingrod|Timothy Harris|William Davies|William Osborne,Ivan Reitman,Georges Delerue|Randy Edelman
22556,The Yellow Handkerchief,William Hurt|Maria Bello|Kristen Stewart|Eddie Redmayne|Veronica Russell,5,Udayan Prasad,Pete Hamill|Erin Dignam,,
873,The Color Purple,Whoopi Goldberg|Margaret Avery|Danny Glover|Akosua Busia|Oprah Winfrey,21,Steven Spielberg,Menno Meyjes,Steven Spielberg|Kathleen Kennedy|Frank Marshall|Quincy Jones|Carole Isenberg,Quincy Jones
33196,Tidal Wave,Park Joong-hoon|Sol Kyung-gu|Uhm Jung-hwa|Ha Ji-won|Lee Briggs,13,Yoon Je-kyoon,Yoon Je-kyoon|Kim Hwi,David S. Dranitzke|Jiseung Lee,Byungwoo Lee
205596,The Imitation Game,Benedict Cumberbatch|Keira Knightley|Matthew Goode|Rory Kinnear|Allen Leech,68,Morten Tyldum,Graham Moore,Teddy Schwarzman|Nora Grossman|Ido Ostrowsky,Alexandre Desplat
10765,Private Benjamin,Goldie Hawn|Eileen Brennan|Armand Assante|Robert Webber|Mary Kay Place,8,Howard Zieff,Nancy Meyers|Harvey Miller|Charles Shyer,Nancy Meyers|Harvey Miller|Charles Shyer,Bill Conti
16769,Coal Miner's Daughter,Sissy Spacek|Tommy Lee Jones|Levon Helm|Beverly D'Angelo|William Sanderson,21,Michael Apted,Tom Rickman,Bernard Schwartz,
33217,Diary of a Wimpy Kid,Zachary Gordon|Robert Capron|Rachael Harris|Steve Zahn|Devon Bostick,38,Thor Freudenthal,Jackie Filgo|Jeff Filgo|Gabe Sachs|Jeff Judah,Brad Simpson|Nina Jacobson,
132232,Mama,Jessica Chastain|Nikolaj Coster-Waldau|Megan Charpentier|Isabelle Nélisse|Daniel Kash,7,Andy Muschietti,Neil Cross|Barbara Muschietti|Andy Muschietti,J. Miles Dale|Barbara Muschietti,Fernando Velázquez
11153,National Lampoon's Vacation,Chevy Chase|Beverly D'Angelo|Imogene Coca|Randy Quaid|Anthony Michael Hall,24,Harold Ramis,John Hughes,Matty Simmons,Ralph Burns
208134,Bad Grandpa,Johnny Knoxville|Jackson Nicoll|Georgina Cates|Spike Jonze|Catherine Keener,9,Jeff Tremaine,Spike Jonze|Spike Jonze|Johnny Knoxville|Johnny Knoxville|Fax Bahr,Spike Jonze|Johnny Knoxville|Jeff Tremaine|Derek Freda,
1165,The Queen,Helen Mirren|Michael Sheen|James Cromwell|Sylvia Syms|Helen McCrory,29,Stephen Frears,,Christine Langan|Tracey Seaward|Andy Harries,Alexandre Desplat
4011,Beetlejuice,Geena Davis|Alec Baldwin|Winona Ryder|Michael Keaton|Catherine O'Hara,28,Tim Burton,Warren Skaaren|Larry Wilson|Michael McDowell|Michael McDowell,Richard Hashimoto|Larry Wilson|Michael Bender,Danny Elfman
17202,Why Did I Get Married?,Tyler Perry|Jill Scott|Janet Jackson|Michael Jai White|Malik Yoba,9,Tyler Perry,Tyler Perry,,
9587,Little Women,Winona Ryder|Gabriel Byrne|Trini Alvarado|Samantha Mathis|Kirsten Dunst,10,Gillian Armstrong,Robin Swicord,Denise Di Novi,Thomas Newman
65086,The Woman in Black,Daniel Radcliffe|Ciarán Hinds|Sidney Johnston|Alisa Khazanova|Mary Stockley,26,James Watkins,Jane Goldman,Brian Oliver|Richard Jackson|Simon Oakes,Marco Beltrami
10053,When a Stranger Calls,Camilla Belle|Katie Cassidy|Tommy Flanagan|Brian Geraghty|Clark Gregg,20,Simon West,,John Davis|Wyck Godfrey|Ken Lemberger,James Dooley
11870,Big Fat Liar,Frankie Muniz|Paul Giamatti|Amanda Bynes|Amanda Detmer|Donald Faison,19,Shawn Levy,Brian Robbins|Dan Schneider,Brian Robbins,Christophe Beck
11778,The Deer Hunter,Robert De Niro|John Cazale|John Savage|Christopher Walken|Meryl Streep,50,Michael Cimino,Deric Washburn|Michael Cimino,Michael Deeley|Michael Cimino|Barry Spikings|John Peverall,
586,Wag the Dog,Dustin Hoffman|Robert De Niro|Anne Heche|Woody Harrelson|Jim Belushi,16,Barry Levinson,David Mamet|Hilary Henkin,Robert De Niro|Jane Rosenthal|Barry Levinson,Mark Knopfler
18736,The Lizzie McGuire Movie,Hilary Duff|Adam Lamberg|Hallie Todd|Robert Carradine|Jake Thomas,24,Jim Fall,Ed Decter|John J. Strauss|Susan Estelle Jansen,Stan Rogow,Cliff Eidelman
134411,Snitch,Dwayne Johnson|Barry Pepper|Jon Bernthal|Susan Sarandon|Michael Kenneth Williams,22,Ric Roman Waugh,Justin Haythe|Ric Roman Waugh,Jonathan King|Guy East|Nigel Sinclair|Dwayne Johnson|Dany Garcia,
287903,Krampus,Adam Scott|Toni Collette|Allison Tolman|David Koechner|Emjay Anthony,21,Michael Dougherty,Michael Dougherty|Todd Casey|Zach Shields,Michael Dougherty|Thomas Tull|Jon Jashni|Alex Garcia,Douglas Pipes
9276,The Faculty,Jordana Brewster|Elijah Wood|Clea DuVall|Laura Harris|Josh Hartnett,33,Robert Rodriguez,Kevin Williamson,Robert Rodriguez|Elizabeth Avellan|Tamara Smith,Marco Beltrami
15765,What's Love Got to Do with It,Angela Bassett|Laurence Fishburne|Vanessa Bell Calloway|Rae'Ven Larrymore Kelly|Virginia Capers,11,Brian Gibson,Kate Lanier,,
2142,Cop Land,Sylvester Stallone|Harvey Keitel|Ray Liotta|Robert De Niro|Michael Rapaport,21,James Mangold,James Mangold,Cathy Konrad|Cary Woods|Ezra Swerdlow,Howard Shore
11397,Not Another Teen Movie,Chyler Leigh|Chris Evans|Jaime Pressly|Eric Christian Olsen|Mia Kirshner,96,Joel Gallen,Buddy Johnson|Phil Beauman|Adam Jay Epstein|Andrew Jacobson|Mike Bender,Neal H. Moritz,Theodore Shapiro
77016,End of Watch,Jake Gyllenhaal|Michael Peña|Natalie Martinez|Anna Kendrick|David Harbour,28,David Ayer,David Ayer,David Ayer|Matt Jackson|John Lesher,David Sardy
11478,The Skulls,Joshua Jackson|Paul Walker|Hill Harper|Leslie Bibb|Christopher McDonald,17,Rob Cohen,John Pogue,Neal H. Moritz|John Pogue,Randy Edelman
266856,The Theory of Everything,Eddie Redmayne|Felicity Jones|Charlie Cox|Emily Watson|Simon McBurney,45,James Marsh,Anthony McCarten,Tim Bevan|Eric Fellner|Lisa Bruce|Anthony McCarten,
13411,Malibu's Most Wanted,Jamie Kennedy|Taye Diggs|Anthony Anderson|Regina Hall|Blair Underwood,16,John Whitesell,Jamie Kennedy|Nick Swardson|Fax Bahr|Adam Small,,John Van Tongeren
10564,Where the Heart Is,Natalie Portman|Ashley Judd|Stockard Channing|Joan Cusack|Sally Field,65,Matt Williams,Lowell Ganz,,Mason Daring
947,Lawrence of Arabia,Peter O'Toole|Alec Guinness|Anthony Quinn|Jack Hawkins|Omar Sharif,53,David Lean,Michael Wilson|Robert Bolt,Sam Spiegel|Robert A. Harris,Maurice Jarre
24150,Halloween II,Scout Taylor-Compton|Sheri Moon Zombie|Tyler Mane|Chase Wright Vanek|Brad Dourif,39,Rob Zombie,Rob Zombie,Rob Zombie|Andy Gould|Malek Akkad,
228970,Wild,Reese Witherspoon|Laura Dern|Thomas Sadoski|Keene McRae|Michiel Huisman,57,Jean-Marc Vallée,Nick Hornby,Reese Witherspoon|Bill Pohlad|Bruna Papandrea,
18405,The Last House on the Left,Garret Dillahunt|Michael Bowen|Joshua Cox|Riki Lindhome|Aaron Paul,11,Dennis Iliadis,Wes Craven|Carl Ellsworth|Adam Alleca,Wes Craven|Sean S. Cunningham|Marianne Maddalena,
6961,The Wedding Date,Debra Messing|Dermot Mulroney|Amy Adams|Jack Davenport|Jeremy Sheffield,10,Clare Kilner,Dana Fox,Paul Brooks|Jessica Bendinger|Nathalie Marciano|Michelle Chydzik Sowa,Blake Neely
11442,Halloween: Resurrection,Jamie Lee Curtis|Brad Loree|Busta Rhymes|Bianca Kajlich|Katee Sackhoff,30,Rick Rosenthal,Larry Brand,,Danny Lux
2493,The Princess Bride,Cary Elwes|Robin Wright|Mandy Patinkin|André the Giant|Chris Sarandon,27,Rob Reiner,William Goldman,Rob Reiner|Andrew Scheinman,Mark Knopfler
14047,The Great Debaters,Denzel Washington|Nate Parker|Forest Whitaker|Denzel Whitaker|Kimberly Elise,49,Denzel Washington,Robert Eisele|Jeffrey Porro,Oprah Winfrey|Joe Roth|Todd Black|Kate Forte,James Newton Howard|Peter Golub
64690,Drive,Ryan Gosling|Carey Mulligan|Bryan Cranston|Albert Brooks|Oscar Isaac,25,Nicolas Winding Refn,Hossein Amini,Gigi Pritzker|Marc Platt|Adam Siegel|Michel Litvak|John Palermo,Cliff Martinez
11132,Confessions of a Teenage Drama Queen,Lindsay Lohan|Adam Garcia|Glenne Headly|Alison Pill|Megan Fox,8,Sara Sugarman,Gail Parent,Jerry Leider|Robert Shapiro,Mark Mothersbaugh
17127,The Object of My Affection,Jennifer Aniston|Paul Rudd|Hayden Panettiere|Alan Alda|Allison Janney,15,Nicholas Hytner,Wendy Wasserstein,,George Fenton
1562,28 Weeks Later,Imogen Poots|Robert Carlyle|Rose Byrne|Jeremy Renner|Harold Perrineau,52,Juan Carlos Fresnadillo,Juan Carlos Fresnadillo|Enrique López Lavigne|Rowan Joffe|Jesús Olmo,Andrew Macdonald|Allon Reich|Bernard Bellew|Enrique López Lavigne,
232679,When the Game Stands Tall,Jim Caviezel|Michael Chiklis|Laura Dern|Clancy Brown|Ser'Darius Blain,65,Thomas Carter,David Zelon|Scott Marshall Smith,David Zelon,
17880,Because of Winn-Dixie,Jeff Daniels|AnnaSophia Robb|Cicely Tyson|Eva Marie Saint|Dave Matthews,15,Wayne Wang,Kate DiCamillo|Joan Singleton,,
14736,Love & Basketball,"Chris Warren, Jr.|Kyla Pratt|Sanaa Lathan|Omar Epps|Alfre Woodard",20,Gina Prince-Bythewood,Gina Prince-Bythewood,Spike Lee|Sam Kitt,Terence Blanchard
9434,Grosse Pointe Blank,John Cusack|Minnie Driver|Dan Aykroyd|Joan Cusack|Alan Arkin,18,George Armitage,John Cusack|D.V. DeVincentis|Steve Pink|Tom Jankiewicz|Tom Jankiewicz,Susan Arnold,Joe Strummer
23706,All About Steve,Sandra Bullock|Thomas Haden Church|Bradley Cooper|Ken Jeong|DJ Qualls,18,Phil Traill,Kim Barker,Sandra Bullock|Mary McLaglen|Jeffrey Harlacker,Christophe Beck
11531,Book of Shadows: Blair Witch 2,Kim Director|Jeffrey Donovan|Erica Leerhsen|Tristine Skyler|Stephen Barker Turner,5,Joe Berlinger,Daniel Myrick|Eduardo Sánchez,Bill Carraro,
9100,The Craft,Robin Tunney|Fairuza Balk|Neve Campbell|Rachel True|Skeet Ulrich,15,Andrew Fleming,Andrew Fleming|Peter Filardi,Douglas Wick,
116,Match Point,Jonathan Rhys Meyers|Scarlett Johansson|Emily Mortimer|Brian Cox|Penelope Wilton,30,Woody Allen,,Letty Aronson|Nicky Kentish Barnes|Stephen Tenenbaum|Gareth Wiley,
38843,Ramona and Beezus,Joey King|Selena Gomez|John Corbett|Bridget Moynahan|Ginnifer Goodwin,15,Elizabeth Allen Rosenbaum,Laurie Craig|Nick Pustay,Denise Di Novi|Alison Greenspan,
1245,The Remains of the Day,Anthony Hopkins|Emma Thompson|James Fox|Christopher Reeve|Hugh Grant,33,James Ivory,Ruth Prawer Jhabvala,Mike Nichols|John Calley|Ismail Merchant,Richard Robbins
4995,Boogie Nights,Mark Wahlberg|Burt Reynolds|John C. Reilly|Julianne Moore|Thomas Jane,94,Paul Thomas Anderson,Paul Thomas Anderson,John S. Lyons|Lloyd Levin|Paul Thomas Anderson|Daniel Lupi|JoAnne Sellar,Michael Penn
10413,Nowhere to Run,Jean-Claude Van Damme|Rosanna Arquette|Kieran Culkin|Ted Levine|Tiffany Taubman,11,Robert Harmon,Joe Eszterhas|Randy Feldman|Leslie Bohem,Gary Adelson|Craig Baumgarten,Mark Isham
14012,Flicka,Tim McGraw|Maria Bello|Armie Hammer|Alison Lohman|Ryan Kwanten,8,Michael Mayer,Lawrence Konner|Mark Rosenthal,,
9793,The Hills Have Eyes 2,Michael Bailey Smith|Archie Kao|Jay Acovone|Jeff Kober|Philip Pavel,15,Martin Weisz,Wes Craven|Jonathan Craven,Wes Craven|Marianne Maddalena|Peter Locke|Samy Layani,Trevor Morris
12212,Urban Legends: Final Cut,Jennifer Morrison|Matthew Davis|Loretta Devine|Hart Bochner|Anthony Anderson,19,John Ottman,Scott Derrickson|Paul Harris Boardman,Neal H. Moritz,Damon Intrabartolo
13768,Tuck Everlasting,Alexis Bledel|William Hurt|Sissy Spacek|Jonathan Jackson|Scott Bairstow,8,Jay Russell,,,
8975,The Marine,John Cena|Kelly Carlson|Robert Patrick|Abigail Bianca|Anthony Ray Parker,10,John Bonito,,Joel Simon|Jonathan Winfrey,Don Davis
342521,Keanu,Jordan Peele|Keegan-Michael Key|Tiffany Haddish|Method Man|Darrell Britt-Gibson,29,Peter Atencio,Jordan Peele|Alex Rubens,Peter Principato|Jordan Peele|Keegan-Michael Key|Joel Zadak,Steve Jablonsky|Nathan Whitehead
45272,Country Strong,Gwyneth Paltrow|Garrett Hedlund|Tim McGraw|Leighton Meester|Marshall Chapman,7,Shana Feste,Shana Feste,Tobey Maguire|Jenno Topping|George Flynn|Meredith Zamsky,
9424,Disturbing Behavior,James Marsden|Katie Holmes|Nick Stahl|Steve Railsback|Bruce Greenwood,15,David Nutter,Scott Rosenberg,Armyan Bernstein|Jonathan Shestack,Mark Snow
97367,The Place Beyond the Pines,Ryan Gosling|Bradley Cooper|Eva Mendes|Dane DeHaan|Emory Cohen,33,Derek Cianfrance,Ben Coccio|Ben Coccio|Derek Cianfrance|Derek Cianfrance|Darius Marder,Sidney Kimmel|Lynette Howell|Alex Orlovsky|Jamie Patricof,Mike Patton
254904,The November Man,Pierce Brosnan|Luke Bracey|Olga Kurylenko|Bill Smitrovich|Amila Terzimehic,38,Roger Donaldson,Karl Gajdusek|Michael Finch,Sriram Das,
18681,Eye of the Beholder,Ewan McGregor|Ashley Judd|Patrick Bergin|k.d. lang|Geneviève Bujold,25,Stephan Elliott,Stephan Elliott|Marc Behm,,
12162,The Hurt Locker,Jeremy Renner|Anthony Mackie|Brian Geraghty|Guy Pearce|Ralph Fiennes,11,Kathryn Bigelow,Mark Boal,Kathryn Bigelow|Greg Shapiro|Mark Boal|Nicolas Chartier|Jenn Lee,Marco Beltrami|Buck Sanders
11495,Firestarter,David Keith|Drew Barrymore|Freddie Jones|Heather Locklear|Martin Sheen,15,Mark L. Lester,Stanley Mann,"Frank Capra, Jr.",Christopher Franke|Edgar Froese|Johannes Schmölling
64689,Killing Them Softly,Brad Pitt|Scoot McNairy|Ben Mendelsohn|James Gandolfini|Ray Liotta,20,Andrew Dominik,Andrew Dominik,Brad Pitt|Dede Gardner|Anthony Katagas|Paula Mae Schwartz|Steve Schwartz,
157849,A Most Wanted Man,Philip Seymour Hoffman|Rachel McAdams|Robin Wright|Daniel Brühl|Willem Dafoe,28,Anton Corbijn,Andrew Bovell,Andrea Calderwood|Malte Grunert|Gail Egan|Stephen Cornwell|Simon Cornwell,
13166,Freddy Got Fingered,Tom Green|Rip Torn|Marisa Coughlan|Eddie Kaye Thomas|Harland Williams,45,Tom Green,,Marc S. Fischer|Larry Brezner|Lauren Lloyd|Howard Lapides|Derek Harvie,
15511,VeggieTales: The Pirates Who Don't Do Anything,Phil Vischer|Mike Nawrocki|Cam Clarke|Laura Gerow|Yuri Lowenthal,15,Mike Nawrocki,,,
37003,U2 3D,Bono|The Edge|Adam Clayton|Larry Mullen Jr.,4,Mark Pellington|Catherine Owens,,Jon Shapiro|Catherine Owens|John Modell|Peter Shapiro,
12211,Highlander: Endgame,Christopher Lambert|Bruce Payne|Adrian Paul|Donnie Yen|Lisa Barbuscia,6,Douglas Aarniokoski,Joel Soisson,Bob Weinstein|Peter S. Davis|William N. Panzer,Nick Glennie-Smith
13816,Idlewild,André Benjamin|Paula Patton|Terrence Howard|Faizon Love|Malinda Williams,25,Bryan Barber,Bryan Barber,Charles Roven|André Benjamin|Bryan Barber|Erika Conner|Robert Guralnick,
51828,One Day,Anne Hathaway|Jim Sturgess|Patricia Clarkson|Ken Stott|Romola Garai,31,Lone Scherfig,David Nicholls,Nina Jacobson,
22798,Whip It,Ellen Page|Alia Shawkat|Kristen Wiig|Drew Barrymore|Shannon Eagen,20,Drew Barrymore,Shauna Cross,,
7501,Knockaround Guys,Barry Pepper|Andy Davoli|Seth Green|Vin Diesel|John Malkovich,32,Brian Koppelman|David Levien,,,Clint Mansell
10743,Confidence,Edward Burns|Rachel Weisz|Morris Chestnut|Dustin Hoffman|Andy García,21,James Foley,Doug Jung,Michael Ohoven|Marc Butan|Michael Paseornek|Michael Burns,Christophe Beck
37718,The Muse,Albert Brooks|Sharon Stone|Andie MacDowell|Jeff Bridges|Cybill Shepherd,13,Albert Brooks,Albert Brooks|Monica Mcgowan Johnson,,
15237,De-Lovely,Kevin Kline|Ashley Judd|Jonathan Pryce|Kevin McNally|Sandra Nelson,21,Irwin Winkler,,Irwin Winkler|Charles Winkler|Rob Cowan,
9686,New York Stories,Woody Allen|Marvin Chatinover|Mae Questel|Mia Farrow|Molly Regan,22,Francis Ford Coppola|Martin Scorsese|Woody Allen,Francis Ford Coppola|Woody Allen|Sofia Coppola|Richard Price,,
17644,Barney's Great Adventure,,0,Steve Gomer,,,
97430,The Man with the Iron Fists,Russell Crowe|Lucy Liu|Jamie Chung|RZA|Zhu Zhu,21,RZA,RZA|Eli Roth,Marc Abraham|Eric Newman|Eli Roth,
12257,Home Fries,Drew Barrymore|Catherine O'Hara|Luke Wilson|Jake Busey|Shelley Duvall,8,Dean Parisot,Vince Gilligan,Barry Levinson|Mark Johnson|Lawrence Kasdan|Charles Newirth,Rachel Portman
13539,Here On Earth,Leelee Sobieski|Chris Klein|Josh Hartnett|Michael Rooker|Annie Corley,8,Mark Piznarski,Michael Seitzman,,Andrea Morricone
68,Brazil,Jonathan Pryce|Robert De Niro|Katherine Helmond|Ian Holm|Bob Hoskins,22,Terry Gilliam,Terry Gilliam|Tom Stoppard|Charles McKeown,Arnon Milchan|Patrick Cassavetti,Michael Kamen
14024,Raise Your Voice,Hilary Duff|Oliver James|David Keith|Johnny Lewis|Rita Wilson,12,Sean McNamara,Mitch Rotter|Sam Schreiber,Sara Risher|A.J. Dix|Toby Emmerich|Sean McNamara|William Shively,Aaron Zigman|Machine Head
115,The Big Lebowski,Jeff Bridges|John Goodman|Julianne Moore|Steve Buscemi|Philip Seymour Hoffman,41,Joel Coen,Joel Coen|Ethan Coen,Joel Coen|Ethan Coen,Carter Burwell
7874,Black Snake Moan,"Samuel L. Jackson|Christina Ricci|Justin Timberlake|S. Epatha Merkerson|John Cothran, Jr.",15,Craig Brewer,Craig Brewer,John Singleton|Stephanie Allain,Scott Bomar
4911,Dark Blue,Kurt Russell|Scott Speedman|Michael Michele|Brendan Gleeson|Ving Rhames,17,Ron Shelton,David Ayer|James Ellroy,Sean Daniel|James Jacks|David Blocker|Caldecot Chubb,
1988,A Mighty Heart,Angelina Jolie|Dan Futterman|Irrfan Khan|Archie Panjabi|Denis O'Hare,15,Michael Winterbottom,John Orloff,Andrew Eaton|Brad Pitt|Dede Gardner,Harry Escott|Molly Nyman
16222,Whatever It Takes,Jodi Lyn O'Keefe|Shane West|Marla Sokoloff|James Franco|Aaron Paul,20,David Raynr,Mark Schwahn,Paul Schiff,Ed Shearmur
9557,Boat Trip,Cuba Gooding Jr.|Horatio Sanz|Roselyn Sánchez|Vivica A. Fox|Maurice Godin,13,Mort Nathan,Mort Nathan|William Bigelow,Frank Hübner|Gerhard Schmidt|Brad Krevoy|Andrew Sugerman,Robert Folk
9026,The Importance of Being Earnest,Rupert Everett|Colin Firth|Reese Witherspoon|Judi Dench|Tom Wilkinson,11,Oliver Parker,Oliver Parker,Barnaby Thompson,Charlie Mole
57943,The Love Letter,Campbell Scott|Jennifer Jason Leigh|David Dukes|Estelle Parsons,4,Dan Curtis,,,
18276,Hoot,Luke Wilson|Logan Lerman|Brie Larson|Tim Blake Nelson|Cody Linley,10,Wil Shriner,Wil Shriner,Frank Marshall|Jimmy Buffett,
8321,In Bruges,Colin Farrell|Brendan Gleeson|Ralph Fiennes|Clémence Poésy|Thekla Reuten,24,Martin McDonagh,Martin McDonagh,Graham Broadbent|Peter Czernin,Carter Burwell
72359,Peeples,Craig Robinson|Kerry Washington|David Alan Grier|S. Epatha Merkerson|Tyler James Williams,10,Tina Gordon Chism,Tina Gordon Chism,Stephanie Allain|Matt Moore|Paul Hall|Tyler Perry|Ozzie Areu,Aaron Zigman
10186,The Rocker,Rainn Wilson|Josh Gad|Christina Applegate|Emma Stone|Teddy Geiger,22,Peter Cattaneo,Wallace Wolodarsky|Maya Forbes,Shawn Levy,
25704,Post Grad,Alexis Bledel|Zach Gilford|Rodrigo Santoro|Jane Lynch|Carol Burnett,31,Vicky Jenson,Kelly Fremon Craig,Ivan Reitman|Joe Medjuck|Jeffrey Clifford,Christophe Beck
133694,Promised Land,Matt Damon|John Krasinski|Frances McDormand|Rosemarie DeWitt|Lucas Black,15,Gus Van Sant,Matt Damon|John Krasinski|Dave Eggers,Matt Damon|Chris Moore|John Krasinski,Danny Elfman
19265,Whatever Works,Larry David|Evan Rachel Wood|Adam Brooks|Michael McKean|Lyle Kanouse,20,Woody Allen,Woody Allen,Letty Aronson|Stephen Tenenbaum,
36047,The In Crowd,Susan Ward|Lori Heuring|Matthew Settle|Nathan Bexton|Tess Harper,11,Mary Lambert,Mark Gibson,,
8053,The Three Burials of Melquiades Estrada,Tommy Lee Jones|Barry Pepper|Dwight Yoakam|January Jones|Melissa Leo,16,Tommy Lee Jones,Guillermo Arriaga,Luc Besson|Tommy Lee Jones|Pierre-Ange Le Pogam|Michael Fitzgerald,Marco Beltrami
2290,Jakob the Liar,Robin Williams|Armin Mueller-Stahl|Hannah Taylor-Gordon|Éva Igó|István Bálint,12,Peter Kassovitz,Didier Decoin|Marsha Garces Williams,Steven Haft,Ed Shearmur
5236,Kiss Kiss Bang Bang,Robert Downey Jr.|Val Kilmer|Michelle Monaghan|Corbin Bernsen|Dash Mihok,22,Shane Black,Shane Black,Joel Silver|Jessica Alan|Carrie Morrow,John Ottman
6552,Idle Hands,Devon Sawa|Seth Green|Jessica Alba|Vivica A. Fox|Christopher Hart,25,Rodman Flender,,Suzanne Todd|Jeffrey Sudzin|Andrew Licht,Graeme Revell
1018,Mulholland Drive,Naomi Watts|Laura Harring|Ann Miller|Dan Hedaya|Justin Theroux,71,David Lynch,David Lynch,Alain Sarde|Mary Sweeney|Neal Edelstein|Michael Polaire|Tony Krantz,
10075,Blood and Chocolate,Agnes Bruckner|Hugh Dancy|Katja Riemann|Olivier Martinez|Bryan Dick,20,Katja von Garnier,,Tom Rosenberg|Gary Lucchesi|Richard S. Wright|Hawk Koch|Peter Rogers,Johnny Klimek|Reinhold Heil
38031,You Will Meet a Tall Dark Stranger,Gemma Jones|Anthony Hopkins|Naomi Watts|Josh Brolin|Antonio Banderas,29,Woody Allen,Woody Allen,Letty Aronson|Stephen Tenenbaum|Jaume Roures,
42188,Never Let Me Go,Carey Mulligan|Andrew Garfield|Keira Knightley|Domhnall Gleeson|Andrea Riseborough,24,Mark Romanek,Alex Garland,Andrew Macdonald|Allon Reich|Richard Hewitt|Joanne Smith,Rachel Portman
112430,The Company,Chris O'Donnell|Alfred Molina|Michael Keaton|Rory Cochrane|Alessandro Nivola,10,Mikael Salomon,,,
6687,Transsiberian,Woody Harrelson|Emily Mortimer|Kate Mara|Eduardo Noriega|Thomas Kretschmann,16,Brad Anderson,Brad Anderson|Will Conroy,Álvaro Augustín|Julio Fernández|Stephen Margolis|Todd Dagres|Tania Reichert-Facilides,Alfonso Vilallonga
13853,The Clan of the Cave Bear,Daryl Hannah|Pamela Reed|James Remar|Thomas G. Waites|John Doolittle,9,Michael Chapman,John Sayles,,Alan Silvestri
31306,Crazy in Alabama,Melanie Griffith|David Morse|Lucas Black|Cathy Moriarty|Meat Loaf,14,Antonio Banderas,,,
8461,Funny Games,Naomi Watts|Tim Roth|Michael Pitt|Brady Corbet|Devon Gearhart,10,Michael Haneke,Michael Haneke,Rene Bastian|Andro Steinborn|Andrea Occhipinti|Chris Coen|Hamish McAlpine,
331592,Listening,Thomas Stroppel|Artie Ahr|Amber Marie Bollinger|Christine Haeberman|Steve Hanks,6,Khalil Sullins,Khalil Sullins,Travis Nicholson|Khalil Sullins|Pardis Sullins|Jamal DeGruy,Edward White
47692,Felicia's Journey,Bob Hoskins|Elaine Cassidy|Arsinée Khanjian|Peter McDonald|Gerard McSorley,25,Atom Egoyan,Atom Egoyan,,
19,Metropolis,Brigitte Helm|Alfred Abel|Gustav Fröhlich|Rudolf Klein-Rogge|Fritz Rasp,21,Fritz Lang,Fritz Lang|Thea von Harbou,Erich Pommer,Gottfried Huppertz
10045,District B13,David Belle|Cyril Raffaelli|Tony D'Amario|Dany Verissimo-Petit|Bibi Naceri,25,Pierre Morel,Luc Besson|Bibi Naceri,Luc Besson|Mehdi Sayah,Da Octopuss|Bastide Donny|Damien Roques
400,Things to Do in Denver When You're Dead,Andy García|Christopher Lloyd|William Forsythe|Bill Nunn|Treat Williams,14,Gary Fleder,Scott Rosenberg,Cary Woods,Michael Convertino
253450,The Assassin,Shu Qi|Chang Chen|Nikki Hsieh|Sheu Fang-Yi|Ethan Juan,16,Hou Hsiao-hsien,Hou Hsiao-hsien|Chu Tien-Wen|Cheng Ah|Hsieh Hai-Meng,Dai Song|Peter Lam|Stephen Lam Bing-Kwan|Chen Yiqi,Lim Giong
9104,Buffalo Soldiers,Joaquin Phoenix|Ed Harris|Scott Glenn|Anna Paquin|Elizabeth McGovern,16,Gregor Jordan,Gregor Jordan|Eric Weiss|Nora Maccoby,Rainer Grupe|Ariane Moody,David Holmes
11190,The Return,Vladimir Garin|Konstantin Lavronenko|Nataliya Vdovina|Vanya Dobronravov|Yelizaveta Aleksandrova,10,Andrey Zvyagintsev,Vladimir Moiseyenko|Aleksandr Novototsky,Dmitry Lesnevsky,Andrei Dergachyov
16353,Ong Bak 2,Tony Jaa|Sarunyu Wongkrachang|Sorapong Chatree|Primorata Dejudom,4,Tony Jaa|Panna Rittikrai,Tony Jaa|Panna Rittikrai,,
23759,Centurion,Michael Fassbender|Olga Kurylenko|David Morrissey|Liam Cunningham|Dominic West,22,Neil Marshall,Neil Marshall,Robert Jones|Christian Colson|Ivana Mackinnon|Diarmuid McKeown,Ilan Eshkeri
24206,Silent Trigger,Dolph Lundgren|Gina Bellman|Conrad Dunn|Christopher Heyerdahl,4,Russell Mulcahy,Sergio Altieri,,
10185,The Midnight Meat Train,Bradley Cooper|Vinnie Jones|Brooke Shields|Leslie Bibb|Roger Bart,11,Ryûhei Kitamura,Jeff Buhler,Gary Lucchesi|Clive Barker|Jorge Saralegui,
75033,Winnie Mandela,Elias Koteas|Terrence Howard|Jennifer Hudson|Wendy Crewson|Angelique Pretorius,10,Darrell James Roodt,Andre Pieterse,,
74536,The Son of No One,Channing Tatum|Al Pacino|Juliette Binoche|Katie Holmes|James Ransone,19,Dito Montiel,Dito Montiel|Dito Montiel,,
31668,All The Queen's Men,Matt LeBlanc|Eddie Izzard|James Cosmo|Nicolette Krebitz|David Tristan Birkin,9,Stefan Ruzowitzky,,,
13501,The Good Night,Penélope Cruz|Martin Freeman|Gwyneth Paltrow|Simon Pegg|Danny DeVito,10,Jake Paltrow,Jake Paltrow,,
15208,Bathory: Countess of Blood,Anna Friel|Karel Roden|Hans Matheson|Vincent Regan|Franco Nero,43,Juraj Jakubisko,Juraj Jakubisko|Lubomir Feldek,Mike Downey|Deana Horváthová,Simon Boswell
172391,Khumba,Jake T. Austin|Liam Neeson|Steve Buscemi|AnnaSophia Robb|Laurence Fishburne,22,Anthony Silverston,Raffaella Delle Donne|Anthony Silverston,,
262543,Automata,Antonio Banderas|Birgitte Hjort Sørensen|Dylan McDermott|Robert Forster|Tim McInnerny,21,Gabe Ibáñez,Gabe Ibáñez|Igor Legarreta|Javier Sánchez Donate,Antonio Banderas|Les Weldon|Danny Lerner|Sandra Hermida,Zacarías M. de la Riva
9288,Dungeons & Dragons: Wrath of the Dragon God,Bruce Payne|Mark Dymond|Clemency Burton-Hill|Ellie Chidzey|Tim Stern,7,Gerry Lively,Gerry Lively|Robert Kimmel|Brian Rudnick,Wolfgang Esenwein|Steve Clark-Hall|Ramunas Skikas,
370980,Chiamatemi Francesco - Il Papa della gente,Rodrigo de la Serna|Sergio Hernández|Àlex Brendemühl|Maximilian Dirr|Mercedes Morán,11,Daniele Luchetti,Daniele Luchetti|Martín Salinas,Pietro Valsecchi,Arturo Cardelús
20083,Shinjuku Incident,Jackie Chan|Naoto Takenaka|Daniel Wu|Xu Jinglei|Fan Bingbing,15,Derek Yee Tung-Sing,Chun Tin-Nam,,
40880,Pandaemonium,Linus Roache|John Hannah|Samantha Morton|Emily Woof|Andrea Lowe,29,Julien Temple,,,
137,Groundhog Day,Bill Murray|Andie MacDowell|Chris Elliott|Stephen Tobolowsky|Brian Doyle-Murray,30,Harold Ramis,Harold Ramis|Danny Rubin|Danny Rubin,Harold Ramis|Trevor Albert,George Fenton
264999,Magic Mike XXL,Channing Tatum|Matt Bomer|Joe Manganiello|Kevin Nash|Adam Rodríguez,54,Gregory Jacobs,Reid Carolin,Nick Wechsler|Channing Tatum|Gregory Jacobs|Reid Carolin,
454,Romeo + Juliet,Leonardo DiCaprio|Claire Danes|John Leguizamo|Harold Perrineau|Pete Postlethwaite,15,Baz Luhrmann,Baz Luhrmann|Craig Pearce,Jill Bilcock|Baz Luhrmann|Gabriella Martinelli|Catherine Martin|Martin Brown,Tim Atack|Nellee Hooper
53457,Sarah's Key,Kristin Scott Thomas|Niels Arestrup|Frédéric Pierrot|Michel Duchaussoy|Dominique Frot,13,Gilles Paquet-Brenner,Gilles Paquet-Brenner|Serge Joncour,Stéphane Marsil,Max Richter
288980,Freedom,Cuba Gooding Jr.|William Sadler|Sharon Leal|David Rasche|Diane Salinger,13,Peter Cousens,Timothy A. Chey,,
33,Unforgiven,Clint Eastwood|Gene Hackman|Morgan Freeman|Richard Harris|Jaimz Woolvett,33,Clint Eastwood,David Webb Peoples,Clint Eastwood|Julian Ludwig,Lennie Niehaus
1951,Manderlay,Bryce Dallas Howard|Isaach De Bankolé|Danny Glover|Willem Dafoe|Michaël Abiteboul,12,Lars von Trier,Lars von Trier,Vibeke Windeløv,
12405,Slumdog Millionaire,Dev Patel|Freida Pinto|Anil Kapoor|Mia Drake Inderbitzin|Saurabh Shukla,15,Danny Boyle,Simon Beaufoy,Christian Colson,A. R. Rahman
10998,Fatal Attraction,Michael Douglas|Glenn Close|Anne Archer|Ellen Hamilton Latzen|Jane Krakowski,14,Adrian Lyne,James Dearden,Stanley R. Jaffe|Sherry Lansing,Maurice Jarre
114,Pretty Woman,Julia Roberts|Richard Gere|Ralph Bellamy|Jason Alexander|Héctor Elizondo,17,Garry Marshall,,Arnon Milchan|Steven Reuther,James Newton Howard
9396,Crocodile Dundee II,Paul Hogan|Linda Kozlowski|John Meillon|Ernie Dingo|Charles S. Dutton,10,John Cornell,,John Cornell|Jane Scott,Peter Best
319910,Broken Horses,María Valverde|Vincent D'Onofrio|Thomas Jane|Anton Yelchin|Sean Patrick Flanery,24,Vidhu Vinod Chopra,Vidhu Vinod Chopra|Abhijat Joshi,,
2604,Born on the Fourth of July,Tom Cruise|Raymond J. Barry|Caroline Kava|Holly Marie Combs|Kyra Sedgwick,95,Oliver Stone,Oliver Stone|Ron Kovic,Oliver Stone|A. Kitman Ho|Clayton Townsend|Joseph P. Reidy|Lope V. Juban Jr.,John Williams
864,Cool Runnings,Leon Robinson|Doug E. Doug|Rawle D. Lewis|Malik Yoba|John Candy,15,Jon Turteltaub,,Dawn Steel,Hans Zimmer
14435,My Bloody Valentine,Jensen Ackles|Jaime King|Kerr Smith|Betsy Rue|Edi Gathegi,16,Patrick Lussier,Todd Farmer|Zane Smith,Jack L. Murray,Michael Wandmacher
1931,Stomp the Yard,Columbus Short|Meagan Good|Ne-Yo|Darrin Henson|Jermaine Williams,12,Sylvain White,Robert Adetuyi,William Packer,Tim Boland|Sam Retzer
691,The Spy Who Loved Me,Roger Moore|Barbara Bach|Curd Jürgens|Richard Kiel|Caroline Munro,29,Lewis Gilbert,Richard Maibaum|Christopher Wood,Albert R. Broccoli|William P. Cartlidge,Marvin Hamlisch
9877,Urban Legend,Alicia Witt|Jared Leto|Rebecca Gayheart|Michael Rosenbaum|Loretta Devine,26,Jamie Blanks,Silvio Horta,Michael McDonnell|Neal H. Moritz|Gina Matthews,Christopher Young
62008,Good Deeds,Tyler Perry|Phylicia Rashād|Thandie Newton|Brian J. White|Gabrielle Union,10,Tyler Perry,Tyler Perry,,Aaron Zigman
12227,White Fang,Klaus Maria Brandauer|Ethan Hawke|Seymour Cassel|Susan Hogan|James Remar,12,Randal Kleiser,Nick Thiel|Jeanne Rosenberg|David Fallon,Marykay Powell,Basil Poledouris
13824,Superstar,Molly Shannon|Will Ferrell|Elaine Hendrix|Harland Williams|Tom Green,31,Bruce McCulloch,Steve Koren,,
71688,The Iron Lady,Meryl Streep|Anthony Stewart Head|Harry Lloyd|Jim Broadbent|Susan Brown,31,Phyllida Lloyd,Abi Morgan,Damian Jones,Thomas Newman
15173,Jonah: A VeggieTales Movie,Phil Vischer|Mike Nawrocki|Tim Hodge|Lisa Vischer|Daniel Anderson,15,Phil Vischer|Mike Nawrocki,Phil Vischer|Mike Nawrocki,,
8291,Poetic Justice,Janet Jackson|Tupac Amaru Shakur|Regina King|Joe Torry|Tyra Ferrell,28,John Singleton,John Singleton,John Singleton|Steve Nicolaides,Stanley Clarke|Janet Jackson|James Harris III
13950,All About the Benjamins,Ice Cube|Mike Epps|Tommy Flanagan|Carmen Chaplin|Eva Mendes,7,Kevin Bray,,,
12158,Vampire in Brooklyn,Eddie Murphy|Angela Bassett|Allen Payne|Kadeem Hardison|John Witherspoon,9,Wes Craven,Charlie Murphy|Michael Lucker|Chris Parker,Eddie Murphy|Mark Lipsky,
11586,Exorcist II: The Heretic,Linda Blair|Richard Burton|Louise Fletcher|Max von Sydow|Kitty Winn,24,John Boorman,William Goodhart,John Boorman|Richard Lederer,Ennio Morricone
10008,An American Haunting,Donald Sutherland|Sissy Spacek|James D'Arcy|Matthew Marsh|Gaye Brown,19,Courtney Solomon,,Andrei Boncea|Alessandro Fracassi|Nelson Leong|Christopher Milburn|Francis Delia,Caine Davidson
2830,My Boss's Daughter,Ashton Kutcher|Tara Reid|Andy Richter|Jeffrey Tambor|Michael Madsen,11,David Zucker,David Dorfman,David Zucker|Ashton Kutcher|John Jacobs,Teddy Castellucci
12403,A Perfect Getaway,Milla Jovovich|Timothy Olyphant|Steve Zahn|Chris Hemsworth|Anthony Ruivivar,12,David Twohy,David Twohy,Mark Canton|Ryan Kavanaugh|Tucker Tooley|Robbie Brenner|Camille Brown,
34563,Our Family Wedding,Forest Whitaker|America Ferrera|Carlos Mencia|Regina King|Lance Gross,27,Rick Famuyiwa,,,
14557,Dead Man on Campus,Tom Everett Scott|Mark-Paul Gosselaar|Poppy Montgomery|Lochlyn Munro|Randy Pearlstein,15,Alan Cohn,Anthony Abrams|Adam Larson Broder,Gale Anne Hurd|David Gale,
10368,Tea with Mussolini,Cher|Judi Dench|Joan Plowright|Maggie Smith|Lily Tomlin,16,Franco Zeffirelli,John Mortimer,Clive Parsons|Marco Chimenz,
10280,Thinner,Robert John Burke|Joe Mantegna|Lucinda Jenney|Michael Constantine|Kari Wuhrer,10,Tom Holland,Tom Holland,Richard P. Rubinstein|Mitchell Galin,
12637,"New York, New York",Liza Minnelli|Robert De Niro|Lionel Stander|Barry Primus|Dick Miller,9,Martin Scorsese,Mardik Martin|Earl Mac Rauch,Irwin Winkler|Robert Chartoff,
34152,Crooklyn,Alfre Woodard|Delroy Lindo|David Patrick Kelly|Zelda Harris|Carlton Williams,16,Spike Lee,Joie Lee|Cinqué Lee,,
14434,I Think I Love My Wife,Chris Rock|Kerry Washington|Gina Torres|Steve Buscemi|Edward Herrmann,10,Chris Rock,Chris Rock|Louis C.K.,Chris Rock|Lisa Stewart,Marcus Miller
11470,Jason X,Kane Hodder|Lexa Doig|Chuck Campbell|Lisa Ryder|David Cronenberg,11,James Isaac,Todd Farmer,Noel Cunningham,Harry Manfredini
10741,Bobby,Anthony Hopkins|Heather Graham|Ashton Kutcher|Mary Elizabeth Winstead|Helen Hunt,19,Emilio Estevez,Emilio Estevez,Holly Wiersma|Edward Bass|Michel Litvak,Mark Isham
24940,Head Over Heels,Monica Potter|Freddie Prinze Jr.|Shalom Harlow|Ivana Miličević|Sarah Murdoch,20,Mark Waters,John J. Strauss,,
82679,Fun Size,Victoria Justice|Jackson Nicoll|Chelsea Handler|Josh Pence|Jane Levy,13,Josh Schwartz,Max Werner,Josh Schwartz|Stephanie Savage,Lyle Workman
2013,The Diving Bell and the Butterfly,Mathieu Amalric|Emmanuelle Seigner|Marie-Josée Croze|Anne Consigny|Patrick Chesnais,23,Julian Schnabel,Ronald Harwood,Kathleen Kennedy|Jon Kilik|Léonard Glowinski,Paul Cantelon
1440,Little Children,Kate Winslet|Patrick Wilson|Jennifer Connelly|Jackie Earle Haley|Noah Emmerich,24,Todd Field,Todd Field|Tom Perrotta,Todd Field|Albert Berger|Ron Yerxa,Thomas Newman
18041,Gossip,Joshua Jackson|James Marsden|Kate Hudson|Lena Headey|Norman Reedus,9,Davis Guggenheim,Gregory Poirier,,Graeme Revell
28029,A Walk on the Moon,Diane Lane|Viggo Mortensen|Liev Schreiber|Anna Paquin|Tovah Feldshuh,16,Tony Goldwyn,Pamela Gray,Tony Goldwyn|Dustin Hoffman|Neil Koenigsberg|Jay Cohen|Lee Gottsegen,Mason Daring
1123,Catch a Fire,Tim Robbins|Derek Luke|Bonnie Henna|Mncedisi Shabangu|Tumisho Masha,13,Phillip Noyce,Shawn Slovo,Tim Bevan|Eric Fellner|Anthony Minghella|Robyn Slovo,Philip Miller
14033,Soul Survivors,Eliza Dushku|Melissa Sagemiller|Wes Bentley|Casey Affleck|Angela Featherstone,19,Stephen Carpenter,Stephen Carpenter,,
87729,Jefferson in Paris,Nick Nolte|Greta Scacchi|Thandie Newton|Gwyneth Paltrow|Jean-Pierre Aumont,14,James Ivory,Ruth Prawer Jhabvala,Ismail Merchant,
16899,Easy Virtue,Jessica Biel|Ben Barnes|Kristin Scott Thomas|Colin Firth|Kimberley Nixon,14,Stephan Elliott,Stephan Elliott|Sheridan Jobbins,Barnaby Thompson|James D. Stern|Joseph Abrams,
41317,Caravans,Anthony Quinn|Jennifer O'Neill|Michael Sarrazin|Christopher Lee|Joseph Cotten,9,James Fargo,Thomas A. McMahon|Nancy Voyles Crawford|Lorraine Williams,Elmo Williams,Mike Batt
245700,Mr. Turner,Timothy Spall|Dorothy Atkinson|Marion Bailey|Paul Jesson|Lesley Manville,72,Mike Leigh,Mike Leigh,Georgina Lowe,Gary Yershon
37842,Wild Grass,André Dussollier|Sabine Azéma|Emmanuelle Devos|Mathieu Amalric|Anne Consigny,13,Alain Resnais,Alain Resnais|Laurent Herbiet|Christian Gailly,Jean-Louis Livi,
9045,Amen.,Ulrich Tukur|Mathieu Kassovitz|Ulrich Mühe|Michel Duchaussoy|Marcel Iureș,19,Costa-Gavras,Costa-Gavras|Jean-Claude Grumberg,Andrei Boncea|Michèle Ray-Gavras,Armand Amar
44092,Reign of Assassins,Michelle Yeoh|Jung Woo-sung|Wang Xue-qi|Barbie Hsu|Shawn Yue,17,John Woo|Chao-Bin Su,Chao-Bin Su,John Woo|Terence Chang|Shaoye Shi,Peter Kam|Anthony Chue
16005,The Lucky Ones,Tim Robbins|Rachel McAdams|Michael Peña|Kerry Bishé|Molly Hagan,12,Neil Burger,Neil Burger|Dirk Wittenborn,Brian Koppelman|David Levien|Neil Burger|Rick Schwartz,Rolfe Kent
44754,Margaret,Anna Paquin|Matt Damon|Mark Ruffalo|Matthew Broderick|Jeannie Berlin,22,Kenneth Lonergan,Kenneth Lonergan,Sydney Pollack|Scott Rudin|Gary Gilbert,Nico Muhly
23988,Stan Helsing,Diora Baird|Leslie Nielsen|Steve Howey|Kenan Thompson|Tara Wilson,27,Bo Zenga,Bo Zenga,,
43949,Flipped,Madeline Carroll|Callan McAuliffe|Rebecca De Mornay|Anthony Edwards|John Mahoney,20,Rob Reiner,Rob Reiner|Andrew Scheinman,Rob Reiner|Alan Greisman,
142,Brokeback Mountain,Heath Ledger|Jake Gyllenhaal|Randy Quaid|Michelle Williams|Anne Hathaway,15,Ang Lee,Diana Ossana|Annie Proulx|Larry McMurtry,Diana Ossana|James Schamus,Gustavo Santaolalla
9603,Clueless,Alicia Silverstone|Stacey Dash|Brittany Murphy|Paul Rudd|Donald Faison,14,Amy Heckerling,Amy Heckerling,Scott Rudin|Robert Lawrence,David Kitay
10712,Far from Heaven,Julianne Moore|Dennis Quaid|Dennis Haysbert|Patricia Clarkson|Viola Davis,10,Todd Haynes,Todd Haynes,Christine Vachon|Jody Patton,Elmer Bernstein
243938,Hot Tub Time Machine 2,Rob Corddry|Craig Robinson|Clark Duke|Adam Scott|Chevy Chase,24,Steve Pink,Josh Heald,Andrew Panay,Christophe Beck
10876,Quills,Geoffrey Rush|Kate Winslet|Joaquin Phoenix|Michael Caine|Billie Whitelaw,17,Philip Kaufman,Doug Wright,Julia Chasman,Stephen Warbeck
86838,Seven Psychopaths,Colin Farrell|Sam Rockwell|Woody Harrelson|Christopher Walken|Tom Waits,33,Martin McDonagh,Martin McDonagh,Graham Broadbent|Martin McDonagh|Peter Czernin,Carter Burwell
25208,The Caveman's Valentine,Samuel L. Jackson|Colm Feore|Ann Magnuson|Aunjanue Ellis|Tamara Tunie,6,Kasi Lemmons,George Dawes Green,,
613,Downfall,Bruno Ganz|Alexandra Maria Lara|Corinna Harfouch|Ulrich Matthes|Juliane Köhler,62,Oliver Hirschbiegel,Bernd Eichinger,Bernd Eichinger,Stephan Zacharias
1913,The Sea Inside,Javier Bardem|Belén Rueda|Lola Dueñas|Joan Dalmau|Josep Maria Pou,22,Alejandro Amenábar,Alejandro Amenábar|Mateo Gil,Fernando Bovaira|Alejandro Amenábar,Alejandro Amenábar
97370,Under the Skin,Scarlett Johansson|Kryštof Hádek|Paul Brannigan|Michael Moreland|Scott Dymond,24,Jonathan Glazer,Jonathan Glazer|Walter Campbell,Nick Wechsler|James Wilson,Mica Levi
801,"Good Morning, Vietnam",Robin Williams|Forest Whitaker|Tung Thanh Tran|Chintara Sukapatana|Bruno Kirby,15,Barry Levinson,Mitch Markowitz,Mark Johnson|Larry Brezner,Alex North
70829,The Last Godfather,Harvey Keitel|Jason Mewes|Blake Clark|Jon Polito|Paul Hipp,15,Shim Hyung-Rae,Shim Hyung-Rae,,
54518,Justin Bieber: Never Say Never,Justin Bieber|Miley Cyrus|Usher Raymond|Jaden Smith|Sean Kingston,5,Jon M. Chu,,,
44214,Black Swan,Natalie Portman|Mila Kunis|Vincent Cassel|Barbara Hershey|Winona Ryder,29,Darren Aronofsky,Mark Heyman|Andres Heinz|Andres Heinz|John J. McLaughlin,Joseph P. Reidy|Mike Medavoy|Arnold Messer|Brian Oliver|Scott Franklin,Clint Mansell
240,The Godfather: Part II,Al Pacino|Robert Duvall|Diane Keaton|Robert De Niro|John Cazale,84,Francis Ford Coppola,Francis Ford Coppola|Mario Puzo,Francis Ford Coppola|Gray Frederickson|Fred Roos|Mona Skager,Carmine Coppola|Nino Rota
9816,Save the Last Dance,Julia Stiles|Sean Patrick Thomas|Kerry Washington|Fredro Starr|Terry Kinney,21,Thomas Carter,,Robert W. Cort|David Madden|Douglas Curtis|Scarlett Lacey|Marie Cantin,Mark Isham
10131,A Nightmare on Elm Street 4: The Dream Master,Robert Englund|Tuesday Knight|Ken Sagoes|Rodney Eastman|Lisa Wilcox,29,Renny Harlin,Brian Helgeland|Jim Wheat|Ken Wheat,Robert Shaye|Rachel Talalay,John Easdale|Craig Safan
339984,Miracles from Heaven,Jennifer Garner|Kylie Rogers|Martin Henderson|Brighton Sharbino|Courtney Fansler,47,Patricia Riggen,,Joe Roth|T.D. Jakes|DeVon Franklin,
8859,"Dude, Where’s My Car?",Ashton Kutcher|Seann William Scott|Kristy Swanson|Jennifer Garner|Marla Sokoloff,15,Danny Leiner,Philip Stark,Gil Netter|Broderick Johnson|Andrew A. Kosove|Wayne Allan Rice,David Kitay
11967,Young Guns,Emilio Estevez|Kiefer Sutherland|Lou Diamond Phillips|Charlie Sheen|Dermot Mulroney,19,Christopher Cain,John Fusco,Joe Roth|Christopher Cain,
239563,St. Vincent,Bill Murray|Melissa McCarthy|Naomi Watts|Jaeden Lieberher|Chris O'Dowd,28,Theodore Melfi,Theodore Melfi,Fred Roos|Jenno Topping|Peter Chernin|Theodore Melfi,Theodore Shapiro
222899,About Last Night,Kevin Hart|Michael Ealy|Regina Hall|Joy Bryant|Christopher McDonald,12,Steve Pink,Leslye Headland,William Packer|Will Gluck,
4951,10 Things I Hate About You,Heath Ledger|Julia Stiles|Joseph Gordon-Levitt|Larisa Oleynik|David Krumholtz,44,Gil Junger,Karen McCullah Lutz|Kirsten Smith,Andrew Lazar,Richard Gibbs
10985,The New Guy,DJ Qualls|Eliza Dushku|Zooey Deschanel|Lyle Lovett|Jerod Mixon,19,Ed Decter,David Kendall,Todd Garner|Mark Ciardi|Gordon Gray,
9644,National Lampoon's Loaded Weapon 1,Emilio Estevez|Samuel L. Jackson|Jon Lovitz|Tim Curry|Kathy Ireland,24,Gene Quintano,Gene Quintano|Don Holley,Suzanne Todd|David Willis,
332567,The Shallows,Blake Lively|Óscar Jaenada|Angelo Josue Lozano Corzo|José Manuel Trujillo Salas|Brett Cullen,12,Jaume Collet-Serra,Anthony Jaswinski,Lynn Harris|Matti Leshem,Marco Beltrami
1954,The Butterfly Effect,Ashton Kutcher|Melora Walters|Amy Smart|Elden Henson|William Lee Scott,28,Eric Bress|J. Mackye Gruber,Eric Bress|J. Mackye Gruber,Chris Bender|A.J. Dix|J.C. Spink|Anthony Rhulen,Michael Suby
15489,Snow Day,Chevy Chase|Chris Elliott|Jean Smart|Iggy Pop|Pam Grier,21,Chris Koch,Will McRobb|Chris Viscardi,,
15250,This Christmas,Loretta Devine|Delroy Lindo|Idris Elba|Regina King|Laz Alonso,7,Preston A. Whitmore II,Preston A. Whitmore II,,
22345,Baby Geniuses,Kathleen Turner|Christopher Lloyd|Kim Cattrall|Peter MacNicol|Dom DeLuise,6,Bob Clark,Bob Clark|Greg Michael,,
9448,The Big Hit,Mark Wahlberg|Lou Diamond Phillips|Christina Applegate|China Chow|Avery Brooks,10,Kirk Wong,Ben Ramsey,Graeme Revell|Wesley Snipes|Warren Zide|John M. Eckert,
38223,Harriet the Spy,Michelle Trachtenberg|Rosie O'Donnell|J. Smith-Cameron|Eartha Kitt|Vanessa Lee Chester,7,Bronwen Hughes,Theresa Rebeck|Douglas Petrie,,
11186,Child's Play 2,Alex Vincent|Jenny Agutter|Gerrit Graham|Christine Elise|Brad Dourif,10,John Lafia,Don Mancini,David Kirschner,Graeme Revell
136835,No Good Deed,Idris Elba|Taraji P. Henson|Leslie Bibb|Kate del Castillo|Henry Simmons,18,Sam Miller,Aimee Lagos,William Packer,
5876,The Mist,Thomas Jane|Marcia Gay Harden|Laurie Holden|Andre Braugher|Toby Jones,44,Frank Darabont,Frank Darabont,Frank Darabont|Liz Glotzer,Mark Isham
264660,Ex Machina,Domhnall Gleeson|Alicia Vikander|Oscar Isaac|Sonoya Mizuno|Corey Johnson,11,Alex Garland,Alex Garland,Andrew Macdonald|Allon Reich,Geoff Barrow|Ben Salisbury
492,Being John Malkovich,John Cusack|Cameron Diaz|Catherine Keener|Charlie Sheen|John Malkovich,17,Spike Jonze,Charlie Kaufman,Steve Golin|Vincent Landay|Sandy Stern|Michael Stipe,Carter Burwell
25462,Two Can Play That Game,Vivica A. Fox|Morris Chestnut|Anthony Anderson|Gabrielle Union|Wendy Raquel Robinson,25,Mark Brown,Mark Brown,,
238603,Earth to Echo,Teo Halm|Astro|Resse Hartwig|Ella Wahlestedt|Jason Gray-Stanford,27,Dave Green,Andrew Panay|Henry Gayden|Henry Gayden,Ryan Kavanaugh|Andrew Panay,Joseph Trapanese
10691,Crazy/Beautiful,Kirsten Dunst|Jay Hernandez|Bruce Davison|Herman Osorio|Miguel Castro,15,John Stockwell,Phil Hay|Matt Manfredi,Rachel Pfeffer|Harry J. Ufland|Mary Jane Ufland,Paul Haslinger
1251,Letters from Iwo Jima,Ken Watanabe|Kazunari Ninomiya|Tsuyoshi Ihara|Ryo Kase|Shidou Nakamura,18,Clint Eastwood,Paul Haggis|Iris Yamashita,Clint Eastwood|Paul Haggis|Steven Spielberg|Robert Lorenz,Kyle Eastwood|Michael Stevens
5172,The Astronaut Farmer,Billy Bob Thornton|Virginia Madsen|Max Thieriot|Jasper Polish|Logan Polish,60,Michael Polish,Mark Polish|Michael Polish,Paula Weinstein|Mark Polish|Michael Polish|Len Amato|Robert Benjamin,
58680,Woo,Jada Pinkett Smith|Tommy Davidson|Duane Martin|Michael Ralph|Darrel Heath,12,Daisy von Scherler Mayer,David C. Johnson,,
264644,Room,Brie Larson|Jacob Tremblay|Joan Allen|Sean Bridgers|William H. Macy,24,Lenny Abrahamson,Emma Donoghue,Ed Guiney|David Gross,Stephen Rennicks
14577,Dirty Work,Norm Macdonald|Artie Lange|Jack Warden|Traylor Howard|Don Rickles,73,Bob Saget,Norm Macdonald|Frank Sebastiano,,
11592,Serial Mom,Kathleen Turner|Sam Waterston|Ricki Lake|Matthew Lillard|Traci Lords,67,John Waters,John Waters,John Fiedler,Basil Poledouris
16406,Dick,Kirsten Dunst|Michelle Williams|Will Ferrell|Dan Hedaya|Bruce McCulloch,15,Andrew Fleming,Andrew Fleming|Sheryl Longin,Gale Anne Hurd,John Debney
19052,Light It Up,Usher Raymond|Vanessa Williams|Forest Whitaker|Rosario Dawson|Robert Ri'chard,11,Craig Bolotin,Craig Bolotin,,
3682,54,Ryan Phillippe|Salma Hayek|Breckin Meyer|Mike Myers|Neve Campbell,34,Mark Christopher,Mark Christopher,Richard N. Gladstein|Ira Deutchman|Dolly Hall,Marco Beltrami
9683,Bubble Boy,Jake Gyllenhaal|Swoosie Kurtz|Marley Shelton|Danny Trejo|John Carroll Lynch,18,Blair Hayes,,Beau Flynn,John Ottman
2084,Birthday Girl,Nicole Kidman|Ben Chaplin|Vincent Cassel|Mathieu Kassovitz|Kate Lynn Evans,20,Jez Butterworth,Jez Butterworth|Tom Butterworth,Steve Butterworth|Diana Phillips,Stephen Warbeck
107811,21 & Over,Miles Teller|Skylar Astin|Justin Chon|Sarah Wright|Jonathan Keltz,13,Jon Lucas|Scott Moore,Jon Lucas,David Hoberman|Ryan Kavanaugh|Todd Lieberman|Hugo Shong,
2266,"Paris, je t'aime",Steve Buscemi|Natalie Portman|Willem Dafoe|Maggie Gyllenhaal|Axel Kiener,48,Isabel Coixet|Christopher Doyle|Tom Tykwer|Joel Coen|Ethan Coen|Richard LaGravenese|Wes Craven|Gus Van Sant|Vincenzo Natali|Gurinder Chadha|Walter Salles|Alfonso Cuarón|Alexander Payne|Gérard Depardieu|Sylvain Chomet|Bruno Podalydès|Frédéric Auburtin|Olivier Assayas|Nobuhiro Suwa|Oliver Schmitz|Daniela Thomas,,Claudie Ossard|Emmanuel Benbihy,Pierre Adenot
13074,Resurrecting the Champ,Samuel L. Jackson|Josh Hartnett|Alan Alda|Teri Hatcher|Kathryn Morris,9,Rod Lurie,Allison Burnett|Michael Bortman,Bob Yari|Mike Medavoy|Rod Lurie|Marc Frydman,
144340,Admission,Tina Fey|Paul Rudd|Michael Sheen|Lily Tomlin|Wallace Shawn,29,Paul Weitz,Karen Croner,Paul Weitz|Andrew Miano|Kerry Kohansky,
48217,The Widow of Saint-Pierre,Daniel Auteuil|Emir Kusturica|Juliette Binoche|Michel Duchaussoy|Philippe Magnan,16,Patrice Leconte,Patrice Leconte|Claude Faraldo,,
28211,Chloe,Julianne Moore|Liam Neeson|Amanda Seyfried|Max Thieriot|R. H. Thomson,19,Atom Egoyan,Erin Cressida Wilson,Ivan Reitman|Simone Urdl|Jennifer Weiss|Joe Medjuck|Erin Cressida Wilson,Mychael Danna
47502,Faithful,Cher|Chazz Palminteri|Ryan O'Neal|Paul Mazursky|Amber Smith,10,Paul Mazursky,Chazz Palminteri,Robert De Niro,
9950,Find Me Guilty,Vin Diesel|Alex Rocco|Frank Pietrangolare|Richard DeDomenico|Paul Borghese,20,Sidney Lumet,Sidney Lumet|T.J. Mancini|Robert J. McCrea,Robert Greenhut|Bob Yari|Rita Branch|Robert Katz|T.J. Mancini,Jonathan Tunick
84892,The Perks of Being a Wallflower,Logan Lerman|Emma Watson|Ezra Miller|Paul Rudd|Nina Dobrev,19,Stephen Chbosky,Stephen Chbosky,John Malkovich|Lianne Halfon|Russell Smith,Michael Brook
24227,Excessive Force,Thomas Ian Griffith|Lance Henriksen|James Earl Jones|Burt Young|Tony Todd,7,Jon Hess,Thomas Ian Griffith,,
9672,Infamous,Sigourney Weaver|Toby Jones|Gwyneth Paltrow|Sandra Bullock|Isabella Rossellini,13,Douglas McGrath,Douglas McGrath,Anne Walker-McBay|Christine Vachon|Jocelyn Hayes,Rachel Portman
44853,The Claim,Peter Mullan|Milla Jovovich|Wes Bentley|Nastassja Kinski|Sarah Polley,7,Michael Winterbottom,Frank Cottrell Boyce,Andrew Eaton,
157544,The Vatican Tapes,Olivia Taylor Dudley|Michael Peña|Djimon Hounsou|Dougray Scott|Peter Andersson,9,Mark Neveldine,Christopher Borrelli|Michael C. Martin,Tom Rosenberg|Gary Lucchesi|Chris Morgan|Chris Cowles,Joseph Bishara
59678,Attack the Block,Nick Frost|Jodie Whittaker|John Boyega|Luke Treadaway|Flaminia Cinque,32,Joe Cornish,Joe Cornish,Nira Park|James Wilson,Steven Price
79777,In the Land of Blood and Honey,Zana Marjanović|Goran Kostić|Branko Đurić|Dzana Pinjo|Miloš Timotijević,11,Angelina Jolie,Angelina Jolie,Angelina Jolie|Graham King|Tim Moore|Tim Headington,Gabriel Yared
158011,The Call,Halle Berry|Abigail Breslin|Morris Chestnut|Michael Imperioli|Ella Rae Peck,11,Brad Anderson,Jon Bokenkamp|Richard D'Ovidio|Richard D'Ovidio|Nicole D'Ovidio,Michael A. Helfant|Jeffrey Graup|Michael Luisi|Bradley Gallo|Robert Stein,John Debney
407887,Operation Chromite,Lee Jung-jae|Liam Neeson|Lee Beom-soo|Jin Se-yeon|Jung Joon-ho,14,John H. Lee,John H. Lee|Man-hee Lee|Sean Dulake,Taewon Chung,
17043,The Crocodile Hunter: Collision Course,Steve Irwin|Terri Irwin|Magda Szubanski|David Wenham|Lachy Hulme,14,John Stainton,Holly Goldberg Sloan|John Stainton,Arnold Rifkin|Judy Bailey|John Stainton,Mark McDuff
8952,I Love You Phillip Morris,Jim Carrey|Ewan McGregor|Leslie Mann|Rodrigo Santoro|Brennan Brown,34,Glenn Ficarra|John Requa,Glenn Ficarra|John Requa,Andrew Lazar|Far Shariat,
62204,Quest for Fire,Everett McGill|Ron Perlman|Nicholas Kadi|Rae Dawn Chong|Gary Schwartz,19,Jean-Jacques Annaud,Gérard Brach,,
13435,Antwone Fisher,Derek Luke|Malcolm David Kelley|Cory Hodges|Denzel Washington|Joy Bryant,10,Denzel Washington,Antwone Fisher,,Mychael Danna
17187,The Emperor's Club,Kevin Kline|Emile Hirsch|Embeth Davidtz|Rob Morrow|Edward Herrmann,9,Michael Hoffman,Neil Tolkin|Ethan Canin,,
319,True Romance,Christian Slater|Patricia Arquette|Michael Rapaport|Bronson Pinchot|Gary Oldman,40,Tony Scott,Quentin Tarantino|Roger Avary,Gary Barber|Samuel Hadida|Steve Perry|Bill Unger,Hans Zimmer
59457,Womb,Eva Green|Matt Smith|Lesley Manville|Peter Wight|István Lénárt,15,Benedek Fliegauf,Benedek Fliegauf,,
9504,Glengarry Glen Ross,Al Pacino|Jack Lemmon|Alec Baldwin|Alan Arkin|Ed Harris,19,James Foley,David Mamet,Jerry Tokofsky|Stanley R. Zupnik,James Newton Howard
37414,The Killer Inside Me,Casey Affleck|Kate Hudson|Jessica Alba|Ned Beatty|Tom Bower,9,Michael Winterbottom,Michael Winterbottom|John Curran,,
6217,Cat People,Nastassja Kinski|Malcolm McDowell|John Heard|Ruby Dee|Ed Begley Jr.,10,Paul Schrader,Paul Schrader|DeWitt Bodeen|Alan Ormsby,Charles W. Fries,
26688,Sorority Row,Rumer Willis|Briana Evigan|Jamie Chung|Leah Pipes|Teri Andrzejewski,37,Stewart Hendler,Josh Stolberg|Mark Rosman|Pete Goldfinger,Mike Karz|Darrin Holender,
43867,The Prisoner of Zenda,Ronald Colman|Madeleine Carroll|Raymond Massey|Mary Astor|Douglas Fairbanks Jr.,12,John Cromwell|W.S. Van Dyke,John L. Balderston|Edward E. Rose,,Alfred Newman
6615,Lars and the Real Girl,Ryan Gosling|Emily Mortimer|Paul Schneider|Kelli Garner|Lauren Ash,15,Craig Gillespie,Nancy Oliver,John Cameron|Sidney Kimmel|Sarah Aubrey,David Torn
14574,The Boy in the Striped Pyjamas,Asa Butterfield|Jack Scanlon|Vera Farmiga|David Thewlis|Rupert Friend,19,Mark Herman,Mark Herman,David Heyman,James Horner
16,Dancer in the Dark,Björk|Catherine Deneuve|David Morse|Peter Stormare|Joel Grey,29,Lars von Trier,Lars von Trier,Vibeke Windeløv|Friðrik Þór Friðriksson|Finn Gjerdrum|Mogens Glad|Anja Grafers,Björk
39780,Oscar and Lucinda,Ralph Fiennes|Cate Blanchett|Ciarán Hinds|Tom Wilkinson|Richard Roxburgh,6,Gillian Armstrong,Laura Jones,,
21612,The Funeral,Christopher Walken|Chris Penn|Annabella Sciorra|Isabella Rossellini|Vincent Gallo,16,Abel Ferrara,Nicholas St. John,,
36691,Solitary Man,Michael Douglas|Danny DeVito|Jesse Eisenberg|Susan Sarandon|Mary-Louise Parker,27,Brian Koppelman|David Levien,Brian Koppelman|David Levien,Steven Soderbergh|Paul Schiff,
23631,Machete,Danny Trejo|Michelle Rodriguez|Jessica Alba|Robert De Niro|Lindsay Lohan,29,Robert Rodriguez|Ethan Maniquis,Robert Rodriguez|Álvaro Rodríguez,Robert Rodriguez|Elizabeth Avellan|Rick Schwartz,Chingon
45324,Casino Jack,Kevin Spacey|Kelly Preston|Hannah Endicott-Douglas|Rachelle Lefevre|Barry Pepper,16,George Hickenlooper,Norman Snider,,
12144,The Land Before Time,Gabriel Damon|Candace Hutson|Judith Barsi|Will Ryan|Pat Hingle,8,Don Bluth,Tony Geiss|Judy Freudberg|Stu Krieger,Gary Goldman|John Pomeroy|Don Bluth,James Horner
11658,Tae Guk Gi: The Brotherhood of War,Jang Dong-gun|Won Bin|Lee Eun-ju|Gong Hyung-jin|Park Jeong-Woo,16,Kang Je-gyu,Kang Je-gyu|Kim Sang-don|Han Ji-hun,Lee Seong-hun|Lee Se-ho,Lee Dong-jun
56601,The Perfect Game,Clifton Collins Jr|Cheech Marin|Moisés Arias|Emilie de Ravin|Jake T. Austin,18,William Dear,W. William Winokur|W. William Winokur,Mark W. Koch|Michael O. Gallant|David Salzberg|Christian Tureaud|W. William Winokur,
9552,The Exorcist,Linda Blair|Max von Sydow|Ellen Burstyn|Jason Miller|Lee J. Cobb,17,William Friedkin,William Peter Blatty,William Peter Blatty,Steve Boeddeker
578,Jaws,Roy Scheider|Robert Shaw|Richard Dreyfuss|Lorraine Gary|Murray Hamilton,28,Steven Spielberg,Peter Benchley|Carl Gottlieb,Richard D. Zanuck|David Brown,John Williams
2105,American Pie,Jason Biggs|Chris Klein|Thomas Ian Nicholas|Alyson Hannigan|Shannon Elizabeth,43,Chris Weitz|Paul Weitz,Adam Herz,Chris Weitz|Chris Moore|Craig Perry|Warren Zide,David Lawrence
126319,Ernest & Celestine,Anne-Marie Loop|Lambert Wilson|Pauline Brunner|Patrice Melennec|Brigitte Virtudes,25,Stéphane Aubier|Vincent Patar|Benjamin Renner,Daniel Pennac,Vincent Tavier|Didier Brunner|Henri Magalon|Stephan Roelants,Vincent Courtois
10136,The Golden Child,Eddie Murphy|Charles Dance|Charlotte Lewis|Victor Wong|Peter Kwong,8,Michael Ritchie,Dennis Feldman,Robert D. Wachs|Edward S. Feldman,
67660,Think Like a Man,Michael Ealy|Jerry Ferrara|Meagan Good|Regina Hall|Kevin Hart,19,Tim Story,Keith Merryman|David A. Newman,William Packer,
10611,Barbershop,Ice Cube|Anthony Anderson|Cedric the Entertainer|Sean Patrick Thomas|Eve,12,Tim Story,Mark Brown|Don D. Scott|Marshall Todd,"Mark Brown|Robert Teitel|George Tillman, Jr.",Terence Blanchard
154,Star Trek II: The Wrath of Khan,William Shatner|Leonard Nimoy|DeForest Kelley|James Doohan|George Takei,16,Nicholas Meyer,Harve Bennett|Jack B. Sowards|Jack B. Sowards,Robert Sallin,James Horner
3049,Ace Ventura: Pet Detective,Jim Carrey|Sean Young|Courteney Cox|Tone Loc|Dan Marino,19,Tom Shadyac,Jim Carrey|Tom Shadyac|Jack Bernstein|Jack Bernstein,James G. Robinson,
860,WarGames,Matthew Broderick|Dabney Coleman|Ally Sheedy|John Wood|Barry Corbin,33,John Badham,Walter F. Parkes|Lawrence Lasker,Richard Hashimoto|Harold Schneider,Arthur B. Rubinstein
9281,Witness,Harrison Ford|Kelly McGillis|Josef Sommer|Lukas Haas|Jan Rubes,18,Peter Weir,William Kelley|Earl W. Wallace,Edward S. Feldman,Maurice Jarre
75674,Act of Valor,Roselyn Sánchez|Emilio Rivera|Nestor Serrano|Gonzalo Menendez|Alexander Asefa,19,Mike McCoy|Scott Waugh,Kurt Johnstad,Mike McCoy|Scott Waugh,Nathan Furst
9762,Step Up,Channing Tatum|Jenna Dewan|Damaine Radcliff|De'Shawn Washington|Mario,114,Anne Fletcher,Duane Adler|Duane Adler|Melissa Rosenberg,Patrick Wachsberger|Erik Feig|Adam Shankman|Jennifer Gibgot,Aaron Zigman
3179,Beavis and Butt-Head Do America,Mike Judge|Bruce Willis|Demi Moore|Robert Stack|Richard Linklater,15,Mike Judge,Joe Stillman|Mike Judge,Mike Judge|John Andrews,John Frizzell
184,Jackie Brown,Pam Grier|Samuel L. Jackson|Robert Forster|Bridget Fonda|Michael Keaton,32,Quentin Tarantino,,Lawrence Bender,
13335,Harold & Kumar Escape from Guantanamo Bay,John Cho|Kal Penn|Neil Patrick Harris|Rob Corddry|Jack Conley,19,Jon Hurwitz|Hayden Schlossberg,Jon Hurwitz|Hayden Schlossberg,,
76726,Chronicle,Dane DeHaan|Alex Russell|Michael B. Jordan|Michael Kelly|Anna Wood,9,Josh Trank,Max Landis|Max Landis|Josh Trank,John Davis|Adam Schroeder,
10269,Yentl,Barbra Streisand|Mandy Patinkin|Amy Irving|Nehemiah Persoff|Steven Hill,7,Barbra Streisand,Barbra Streisand|Jack Rosenthal,Barbra Streisand|Rusty Lemorande,Michel Legrand
36819,Time Bandits,Sean Connery|John Cleese|Shelley Duvall|Michael Palin|Ian Holm,37,Terry Gilliam,Terry Gilliam|Michael Palin,Terry Gilliam,Mike Moran
17130,Crossroads,Britney Spears|Zoe Saldana|Taryn Manning|Anson Mount|Dan Aykroyd,9,Tamra Davis,Shonda Rhimes,,
57214,Project X,Oliver Cooper|Jonathan Daniel Brown|Thomas Mann|Dax Flame|Kirby Bliss Blanton,28,Nima Nourizadeh,Michael Bacall|Michael Bacall|Matt Drake,Todd Phillips,
11202,Patton,George C. Scott|Karl Malden|Stephen Young|Michael Strong|Carey Loftin,42,Franklin J. Schaffner,Francis Ford Coppola|Edmund H. North,Frank McCarthy,Jerry Goldsmith
9357,One Hour Photo,Robin Williams|Connie Nielsen|Michael Vartan|Erin Daniels|Eriq La Salle,24,Mark Romanek,Mark Romanek,Christine Vachon|Stan Wlodkowski|Pamela Koffler,Johnny Klimek|Reinhold Heil
13812,Quarantine,Jennifer Carpenter|Steve Harris|Jay Hernandez|Johnathon Schaech|Columbus Short,16,John Erick Dowdle,John Erick Dowdle|Drew Dowdle,Doug Davison|Roy Lee,
9030,The Eye,Jessica Alba|Alessandro Nivola|Parker Posey|Rade Serbedzija|Fernanda Romero,12,David Moreau|Xavier Palud,Sebastian Gutierrez,Paula Wagner|Don Granger|Michelle Manning,
19084,Johnson Family Vacation,Cedric the Entertainer|Vanessa Williams|Steve Harvey|Shari Headley|Shad Moss,11,Christopher Erskin,Todd Jones|Earl Richey Jones,Paul Hall,
8386,How High,Method Man|Redman|Obba Babatundé|Mike Epps|Anna Maria Horsford,10,Jesse Dylan,Dustin Lee Abraham,Danny DeVito|Michael Shamberg|Stacey Sher|James Ellis|Shauna Garr,
10437,The Muppet Christmas Carol,Michael Caine|Don Austen|Meredith Braun|Don Austen|Ed Sanders,19,Brian Henson,Jerry Juhl,Martin G. Baker|Brian Henson,Miles Goodman
1360,Frida,Salma Hayek|Alfred Molina|Mía Maestro|Patricia Reyes Spíndola|Diego Luna,14,Julie Taymor,Clancy Sigal|Diane Lake|Gregory Nava|Anna Thomas,Salma Hayek|Lindsay Flickinger|Sarah Green|Nancy Hardin|Jay Polstein,Elliot Goldenthal
101267,Katy Perry: Part of Me,Katy Perry|Russell Brand|Shannon Woodward|Rachael Markarian|Mia Moretti,11,Dan Cutforth|Jane Lipsitz,,Brian Grazer|Ron Howard,
222935,The Fault in Our Stars,Shailene Woodley|Ansel Elgort|Nat Wolff|Laura Dern|Sam Trammell,49,Josh Boone,Scott Neustadter|Michael H. Weber,Wyck Godfrey|Marty Bowen,
10220,Rounders,Matt Damon|John Turturro|Gretchen Mol|Goran Visnjic|Edward Norton,59,John Dahl,David Levien,Ted Demme|Joel Stillerman,Christopher Young
284296,Top Five,Chris Rock|Rosario Dawson|J.B. Smoove|Gabrielle Union|Romany Malco,24,Chris Rock,Chris Rock,Scott Rudin|Eli Bush,Ahmir-Khalib Thompson|Ludwig Göransson
31915,Prophecy,Talia Shire|Robert Foxworth|Armand Assante|Richard Dysart|Victoria Racimo,12,John Frankenheimer,David Seltzer,Robert L. Rosen,Leonard Rosenman
11601,Stir of Echoes,Kevin Bacon|Kathryn Erbe|Illeana Douglas|Kevin Dunn|Conor O'Farrell,12,David Koepp,David Koepp,Gavin Polone|Judy Hofflund,James Newton Howard
205220,Philomena,Judi Dench|Steve Coogan|Sophie Kennedy Clark|Mare Winningham|Barbara Jefford,39,Stephen Frears,Steve Coogan|Jeff Pope,Steve Coogan|Tracey Seaward|Gabrielle Tana,Alexandre Desplat
11354,The Upside of Anger,Joan Allen|Kevin Costner|Erika Christensen|Keri Russell|Alicia Witt,12,Mike Binder,Mike Binder|Mike Binder,Sammy Lee|Jack Binder|Alex Gartner,Alexandre Desplat
16241,The Boys from Brazil,Gregory Peck|Laurence Olivier|James Mason|Lilli Palmer|Uta Hagen,18,Franklin J. Schaffner,Heywood Gould,,Jerry Goldsmith
14191,Aquamarine,Emma Roberts|Joanna 'JoJo' Levesque|Sara Paxton|Jake McDorman|Arielle Kebbel,23,Elizabeth Allen Rosenbaum,Jessica Bendinger|John Quaintance,Susan Cartsonis,David Hirschfelder
286565,Paper Towns,Nat Wolff|Cara Delevingne|Justice Smith|Austin Abrams|Halston Sage,25,Jake Schreier,Scott Neustadter|Michael H. Weber,Wyck Godfrey|Marty Bowen,Son Lux
26710,My Baby's Daddy,Eddie Griffin|Anthony Anderson|Michael Imperioli|Method Man|Paula Jai Parker,6,Cheryl Dunye,,,
129670,Nebraska,Bruce Dern|Will Forte|Bob Odenkirk|June Squibb|Stacy Keach,14,Alexander Payne,Bob Nelson,Albert Berger|Ron Yerxa,Mark Orton
9059,Tales from the Crypt: Demon Knight,Billy Zane|William Sadler|Jada Pinkett Smith|Brenda Bakke|CCH Pounder,18,Ernest R. Dickerson,Mark Bishop|Ethan Reiff|Cyrus Voris,Gilbert Adler|Richard Edlund|A L Katz,Ed Shearmur
34549,Max Keeble's Big Move,Alex D. Linz|Zena Grey|Nora Dunn|Larry Miller|Josh Peck,27,Tim Hill,Jonathan Bernstein|Mark Blackwell|James Greer,,
57157,Young Adult,Charlize Theron|Patton Oswalt|Patrick Wilson|Elizabeth Reaser|Collette Wolfe,18,Jason Reitman,Diablo Cody,Jason Reitman|Diablo Cody|Lianne Halfon|Mason Novick|Russell Smith,Rolfe Kent|Mateo Messina
1948,Crank,Jason Statham|Amy Smart|Jose Pablo Cantillo|Efren Ramirez|Dwight Yoakam,48,Brian Taylor|Mark Neveldine,Brian Taylor|Mark Neveldine,Tom Rosenberg|Gary Lucchesi|Skip Williamson|Michael Davis,
28353,Def Jam's How to Be a Player,Bill Bellamy|Lark Voorhies|Bernie Mac|Elise Neal,4,Lionel C. Martin,Mark Brown,,
46889,Living Out Loud,Holly Hunter|Danny DeVito|Queen Latifah|Martin Donovan|Rachael Leigh Cook,8,Richard LaGravenese,Richard LaGravenese,Danny DeVito|Michael Shamberg|Stacey Sher,
38093,Just Wright,Queen Latifah|Common|Paula Patton|James Pickens Jr.|Phylicia Rashād,10,Sanaa Hamri,Michael Elliot,Queen Latifah|Debra Martin Chase|Shakim Compere,
14976,Rachel Getting Married,Anne Hathaway|Rosemarie DeWitt|Sebastian Stan|Roslyn Ruff|Bill Irwin,35,Jonathan Demme,Jenny Lumet,Jonathan Demme|Marc Platt|H.H. Cooper|Neda Armian|Innbo Shim,Zafer Tawil|Donald Harrison Jr.
11027,The Postman Always Rings Twice,Jack Nicholson|Jessica Lange|John Colicos|Michael Lerner|Anjelica Huston,28,Bob Rafelson,David Mamet,Charles Mulvehill|Bob Rafelson,Michael Small
3635,Girl with a Pearl Earring,Scarlett Johansson|Colin Firth|Cillian Murphy|Tom Wilkinson|Judy Parfitt,13,Peter Webber,Olivia Hetreed,Anand Tucker|Andy Paterson,Alexandre Desplat
387,Das Boot,Jürgen Prochnow|Herbert Grönemeyer|Klaus Wennemann|Hubertus Bengsch|Martin Semmelrogge,29,Wolfgang Petersen,Wolfgang Petersen|Dean Riesner,Günter Rohrbach|Michael Bittins|Ortwin Freyermuth,Klaus Doldinger
6020,Sorority Boys,Barry Watson|Michael Rosenbaum|Harland Williams|Melissa Sagemiller|Tony Denman,9,Wallace Wolodarsky,Joe Jarvis|Greg Coolidge,Larry Brezner|Walter Hamada,Mark Mothersbaugh
122906,About Time,Domhnall Gleeson|Rachel McAdams|Bill Nighy|Lydia Wilson|Lindsay Duncan,28,Richard Curtis,Richard Curtis,Nicky Kentish Barnes|Tim Bevan|Eric Fellner,Nick Laird-Clowes
9550,House of Flying Daggers,Takeshi Kaneshiro|Andy Lau|Zhang Ziyi|Song Dandan|Zhao Hongfei,17,Zhang Yimou,,Zhang Yimou|William Kong,Shigeru Umebayashi
60599,Arbitrage,Richard Gere|Susan Sarandon|Tim Roth|Brit Marling|Monica Raymund,18,Nicholas Jarecki,Nicholas Jarecki,Robert Salerno|Laura Bickford|Kevin Turen|Justin Nappi,
227719,Project Almanac,Jonny Weston|Virginia Gardner|Sofia Black-D'Elia|Sam Lerner|Allen Evangelista,16,Dean Israelite,Jason Pagan|Andrew Stark,Michael Bay|Andrew Form|Bradley Fuller,
14299,Cadillac Records,Adrien Brody|Jeffrey Wright|Beyoncé Knowles|Gabrielle Union|Columbus Short,27,Darnell Martin,Darnell Martin,Sofia Sondervan|Andrew Lack,
19419,Screwed,Norm Macdonald|Dave Chappelle|Danny DeVito|Elaine Stritch|Daniel Benzali,7,Scott Alexander|Larry Karaszewski,Scott Alexander|Larry Karaszewski,,Michel Colombier
12088,Fortress,Christopher Lambert|Kurtwood Smith|Loryn Locklin|Clifton Collins Jr|Jeffrey Combs,15,Stuart Gordon,Troy Neighbors|Steven Feinberg|David Venable|Terry Curtis Fox,John Davis|John Flock,
14799,For Your Consideration,Catherine O'Hara|Harry Shearer|Parker Posey|Christopher Moynihan|John Michael Higgins,28,Christopher Guest,Christopher Guest|Eugene Levy,,
9466,Celebrity,Kenneth Branagh|Judy Davis|Joe Mantegna|Leonardo DiCaprio|Charlize Theron,32,Woody Allen,Woody Allen,Jean Doumanian,
7510,Running with Scissors,Annette Bening|Brian Cox|Joseph Cross|Joseph Fiennes|Evan Rachel Wood,16,Ryan Murphy,Ryan Murphy,Brad Pitt|Brad Grey|Ryan Murphy|Augusten Burroughs|Bonnie Weis,James S. Levine
31246,From Justin to Kelly,Kelly Clarkson|Justin Guarini|Brandon Henschel|Greg Siff|Brian Dietzen,52,Robert Iscove,Kim Fuller,Robert Engelman|John Steven Agoglia,
61752,Girl 6,Theresa Randle|Isaiah Washington|Spike Lee|Jenifer Lewis|Debi Mazar,20,Spike Lee,Suzan-Lori Parks,,
10944,In the Cut,Meg Ryan|Mark Ruffalo|Jennifer Jason Leigh|Nick Damici|Heather Litteer,6,Jane Campion,Jane Campion|Susanna Moore|Stavros Kazantzidis,Laurie Parker|Nicole Kidman,Hilmar Örn Hilmarsson
10362,Two Lovers,Joaquin Phoenix|Gwyneth Paltrow|Isabella Rossellini|Vinessa Shaw|Moni Moshonov,47,James Gray,James Gray|Ric Menello,Donna Gigliotti|James Gray|Anthony Katagas,
14778,Last Orders,Michael Caine|Tom Courtenay|David Hemmings|Bob Hoskins|Helen Mirren,15,Fred Schepisi,,,
1255,The Host,Song Kang-ho|Park Hae-il|Bae Doona|Ko Ah-sung|Byun Hee-bong,7,Bong Joon-ho,Bong Joon-ho|Chul-hyun Baek,Choi Yong-bae|Junyoung Jang,Byungwoo Lee
45226,The Pursuit of D.B. Cooper,Robert Duvall|Treat Williams|Kathryn Harrold|Ed Flanders|Paul Gleason,8,Roger Spottiswoode,Jeffrey Alan Fiskin|J.D. Reed,Michael Taylor,
10212,Ravenous,Guy Pearce|Robert Carlyle|David Arquette|Jeremy Davies|Neal McDonough,11,Antonia Bird,Ted Griffin,Adam Fields|David Heyman,
8669,Charlie Bartlett,Anton Yelchin|Robert Downey Jr.|Hope Davis|Kat Dennings|Tyler Hilton,39,Jon Poll,Gustin Nash,Jay Roach|David Permut|Sidney Kimmel|Barron Kidd,Christophe Beck
179144,The Great Beauty,Toni Servillo|Carlo Verdone|Sabrina Ferilli|Carlo Buccirosso|Iaia Forte,14,Paolo Sorrentino,Paolo Sorrentino|Umberto Contarello,Francesca Cima|Nicola Giuliano,Lele Marchitelli
16857,The Dangerous Lives of Altar Boys,Emile Hirsch|Kieran Culkin|Jodie Foster|Vincent D'Onofrio|Jena Malone,7,Peter Care,Jeff Stockwell|Michael Petroni,,
86825,Stoker,Mia Wasikowska|Nicole Kidman|Matthew Goode|Dermot Mulroney|Jacki Weaver,19,Park Chan-wook,Wentworth Miller,Ridley Scott|Tony Scott|Michael Costigan,Clint Mansell
844,2046,Tony Leung Chiu-Wai|Zhang Ziyi|Faye Wong|Takuya Kimura|Gong Li,12,Wong Kar-wai,Wong Kar-wai,Zhang Yimou|Wong Kar-wai|Marc Sillam|Eric Heumann|Amedeo Pagani,Shigeru Umebayashi
8060,Married Life,Chris Cooper|Pierce Brosnan|Patricia Clarkson|Rachel McAdams|David Wenham,14,Ira Sachs,Oren Moverman|Ira Sachs,Steve Golin|Sidney Kimmel|Ira Sachs|Jawal Nga,
15907,Duma,Alex Michaeletos|Campbell Scott|Mary Makhatho|Nthabiseng Kenoshi|Hope Davis,9,Carroll Ballard,Karen Janszen|Mark St. Germain|Carol Flint|Carol Cawthra|Carol Cawthra Hopcraft,,
38448,Ondine,Colin Farrell|Alicja Bachleda-Curuś|Dervla Kirwan|Alison Barry|Marion O'Dwyer,10,Neil Jordan,Neil Jordan,Neil Jordan|Ben Browning|James Flynn,Kjartan Sveinsson
327,Brother,Takeshi Kitano|Omar Epps|Claude Maki|Susumu Terajima|Masaya Kato,12,Takeshi Kitano,,Jeremy Thomas|Takio Yoshida|Peter Watson|Ann Carli|Masayuki Mori,Joe Hisaishi
9260,Welcome to Collinwood,William H. Macy|Isaiah Washington|Sam Rockwell|Michael Jeter|Luis Guzmán,10,Anthony Russo|Joe Russo,Anthony Russo|Joe Russo,Steven Soderbergh,Mark Mothersbaugh
61337,Critical Care,James Spader|Kyra Sedgwick|Helen Mirren|Albert Brooks|Anne Bancroft,10,Sidney Lumet,Steven Schwartz,Sidney Lumet|Steven Schwartz,
13079,The Life Before Her Eyes,Uma Thurman|Evan Rachel Wood|Eva Amurri Martino|Gabrielle Brennan|Brett Cullen,7,Vadim Perelman,Emil Stern|Laura Kasischke,,
89325,Darling Companion,Diane Keaton|Kevin Kline|Sam Shepard|Dianne Wiest|Richard Jenkins,9,Lawrence Kasdan,Lawrence Kasdan|Meg Kasdan,Anthony Bregman|Lawrence Kasdan|Stefanie Azpiazu|Elizabeth Redleaf|Christine K. Walker,
4170,Trade,Kevin Kline|Cesar Ramos|Paulina Gaitán|Alicja Bachleda-Curuś|Marco Pérez,15,Marco Kreuzpaintner,José Rivera,Roland Emmerich|Rosilyn Heller,
41508,Fateless,Marcell Nagy|Béla Dóra|Bálint Péntek|Áron Dimény|Péter Fancsikai,13,Lajos Koltai,Imre Kertész,,Ennio Morricone
12479,Breakfast of Champions,Bruce Willis|Albert Finney|Nick Nolte|Barbara Hershey|Glenne Headly,13,Alan Rudolph,,David Willis|David Blocker,Mark Isham
44555,"A Woman, a Gun and a Noodle Shop",Sun Honglei|Xiao Shen Yang|Yan Ni|Ni Dahong|Zhao Benshan,5,Zhang Yimou,Jianquan Shi|Jing Shang,,
10133,Cypher,Jeremy Northam|Lucy Liu|Nigel Bennett|Timothy Webber|David Hewlett,39,Vincenzo Natali,Brian King,Hunt Lowry|Casey La Scala|Paul Federbush|Wendy Grean,Michael Andrews
21345,City of Life and Death,Liu Ye|Gao Yuanyuan|Hideo Nakaizumi|John Paisley|Beverly Peckous,5,Lu Chuan,Lu Chuan,Han Sanping|John Chong|Hong Qin|Andy Zhang|Li Zhou,Tong Liu
173931,Legend of a Rabbit,Jon Heder|Tom Arnold|Michael Clarke Duncan|Rebecca Black|Claire Geare,5,Lijun Sun,,,
61984,Space Battleship Yamato,Hiroyuki Ikeuchi|Takuya Kimura|Meisa Kuroki|Toshirō Yanagiba|Tsutomu Yamazaki,17,Takashi Yamazaki,Leiji Matsumoto|Yoshinobu Nishizaki|Shimako Sato,Toshiaki Nakazawa,Naoki Satô
50601,5 Days of War,Rupert Friend|Val Kilmer|Andy García|Dean Cain|Emmanuelle Chriqui,13,Renny Harlin,Mikko Alanne,Renny Harlin|Mirza Davitaia|George Lascu|Koba Nakopia,
26466,Triangle,Melissa George|Liam Hemsworth|Emma Lung|Rachael Carpani|Michael Dorman,9,Christopher Smith,Christopher Smith,Chris Brown|Jason Newmark|Julie Baines,Christian Henson
345003,10 Days in a Madhouse,Caroline Barry|Christopher Lambert|Kelly LeBrock|Julia Chantrey|Alexandra Callas,22,Timothy Hines,Timothy Hines,Martin Wiley|Susan Goforth|Andrew Malcolm,
236751,Heaven is for Real,Greg Kinnear|Kelly Reilly|Connor Corum|Thomas Haden Church|Jon Ted Wynne,10,Randall Wallace,Randall Wallace|Chris Parker,Joe Roth|T.D. Jakes,Nick Glennie-Smith
107,Snatch,Jason Statham|Brad Pitt|Vinnie Jones|Dennis Farina|Benicio del Toro,24,Guy Ritchie,Guy Ritchie,Matthew Vaughn,John Murphy
357837,Dancin' It's On,Witney Carson|Chehon Wespi-Tschopp|Gary Daniels|David Winters|Jordan Clark,8,David Winters,David A. Prior,,
8913,Pet Sematary,Dale Midkiff|Fred Gwynne|Denise Crosby|Brad Greenquist|Michael Lombard,14,Mary Lambert,Stephen King,Richard P. Rubinstein,Elliot Goldenthal
13889,Madadayo,Tatsuo Matsumura|Kyôko Kagawa|Hisashi Igawa|George Tokoro|Masayuki Yui,21,Akira Kurosawa,Akira Kurosawa,,Shinichirô Ikebe
18530,The Cry of the Owl,Paddy Considine|Julia Stiles|Caroline Dhavernas|James Gilbert|Karl Pruner,20,Jamie Thraves,Jamie Thraves,Sytze van der Laan|Malte Grunert|Antoine de Clermont-Tonnerre|Jennifer Kawaja|Julia Sereny,Jeff Danna
358451,A Tale of Three Cities,Lau Ching-Wan|Tang Wei|Qin Hailu|Jing Boran,4,Mabel Cheung,Mabel Cheung|Alex Law,,
927,Gremlins,Zach Galligan|Phoebe Cates|Hoyt Axton|Polly Holliday|Dick Miller,18,Joe Dante,Chris Columbus,Michael Finnell,Jerry Goldsmith|Noel Regney
11,Star Wars,Mark Hamill|Harrison Ford|Carrie Fisher|Peter Cushing|Alec Guinness,106,George Lucas,George Lucas,Gary Kurtz|Rick McCallum,John Williams
291870,Dirty Grandpa,Zac Efron|Robert De Niro|Julianne Hough|Aubrey Plaza|Dermot Mulroney,90,Dan Mazer,John Phillips,Barry Josephson|Michael Simkin|Jason Barrett|Bill Block,Michael Andrews
907,Doctor Zhivago,Omar Sharif|Julie Christie|Geraldine Chaplin|Rod Steiger|Alec Guinness,39,David Lean,Robert Bolt,Carlo Ponti,Maurice Jarre
206563,Trash,Rickson Tevez|Eduardo Luis|Gabriel Weinstein|Rooney Mara|Selton Mello,15,Stephen Daldry,Richard Curtis,Tim Bevan|Eric Fellner|Kris Thykier,Antonio Pinto
11887,High School Musical 3: Senior Year,Zac Efron|Vanessa Hudgens|Ashley Tisdale|Lucas Grabeel|Corbin Bleu,15,Kenny Ortega,Peter Barsocchini,Bill Borden|Barry Rosenbush,
45317,The Fighter,Mark Wahlberg|Christian Bale|Amy Adams|Melissa Leo|Mickey O'Keefe,72,David O. Russell,Scott Silver|Paul Tamasy|Paul Tamasy|Eric Johnson|Eric Johnson,Mark Wahlberg|David Hoberman|Ryan Kavanaugh|Todd Lieberman|Dorothy Aufiero,Michael Brook
12094,Jackass Number Two,Johnny Knoxville|Bam Margera|Steve-O|Chris Pontius|Ryan Dunn,31,Jeff Tremaine,Jeff Tremaine,Spike Jonze|Johnny Knoxville|Jeff Tremaine,
10377,My Cousin Vinny,Joe Pesci|Ralph Macchio|Marisa Tomei|Mitchell Whitfield|Fred Gwynne,11,Jonathan Lynn,Dale Launer,Dale Launer|Paul Schiff,Randy Edelman
249164,If I Stay,Chloë Grace Moretz|Jamie Blackley|Liana Liberato|Mireille Enos|Stacy Keach,43,R.J. Cutler,Shauna Cross,Alison Greenspan,Heitor Pereira
256092,Drive Hard,Thomas Jane|John Cusack|Zoe Ventoura|Damien Garvey|Christopher Morris,17,Brian Trenchard-Smith,Chad Law|Evan Law|Brigitte Jean Allen,Pam Collis|Paul O'Kane,Bryce Jacobs
9942,Major League,Tom Berenger|Charlie Sheen|Corbin Bernsen|Margaret Whitton|James Gammon,19,David S. Ward,David S. Ward,Irby Smith|Chris Chesser,James Newton Howard
10748,St. Trinian's,Talulah Riley|Rupert Everett|Gemma Arterton|Colin Firth|Lena Headey,32,Barnaby Thompson|Oliver Parker,Piers Ashworth|Nick Moorcroft,,
1817,Phone Booth,Colin Farrell|Kiefer Sutherland|Forest Whitaker|Radha Mitchell|Katie Holmes,9,Joel Schumacher,Larry Cohen,David Zucker,Harry Gregson-Williams
10229,A Walk to Remember,Mandy Moore|Shane West|Peter Coyote|Daryl Hannah|Lauren German,31,Adam Shankman,Shane West|Karen Janszen|Nicholas Sparks,Denise Di Novi|Hunt Lowry,Mervyn Warren
687,Dead Man Walking,Susan Sarandon|Sean Penn|Robert Prosky|Raymond J. Barry|R. Lee Ermey,42,Tim Robbins,Tim Robbins|Helen Prejean,Tim Robbins|Rudd Simmons|Jon Kilik,David Robbins
796,Cruel Intentions,Sarah Michelle Gellar|Ryan Phillippe|Reese Witherspoon|Selma Blair|Louise Fletcher,20,Roger Kumble,Roger Kumble,Neal H. Moritz,Ed Shearmur
22804,Saw VI,Tobin Bell|Costas Mandylor|Betsy Russell|Mark Rolston|Peter Outerbridge,34,Kevin Greutert,Patrick Melton|Marcus Dunstan,Mark Burg|Gregg Hoffman|Oren Koules,
10156,History of the World: Part I,Mel Brooks|Dom DeLuise|Madeline Kahn|Harvey Korman|Cloris Leachman,40,Mel Brooks,Mel Brooks,Mel Brooks|Stuart Cornfeld|Joel Chernoff|Alan Johnson,John Morris
12837,The Secret Life of Bees,Dakota Fanning|Queen Latifah|Jennifer Hudson|Sophie Okonedo|Alicia Keys,11,Gina Prince-Bythewood,Gina Prince-Bythewood,Will Smith|Lauren Shuler Donner|James Lassiter|Joe Pichirallo,Mark Isham
17708,Corky Romano,Chris Kattan|Vinessa Shaw|Peter Falk|Peter Berg|Chris Penn,15,Rob Pritts,Jason Ward|David Garrett,,
13937,Raising Cain,John Lithgow|Lolita Davidovich|Steven Bauer|Frances Sternhagen|Gregg Henry,22,Brian De Palma,Brian De Palma,Gale Anne Hurd,Pino Donaggio
28932,F.I.S.T.,Sylvester Stallone|Rod Steiger|Peter Boyle|Melinda Dillon|David Huffman,14,Norman Jewison,Joe Eszterhas,,
31909,Invaders from Mars,Karen Black|Hunter Carson|Timothy Bottoms|Laraine Newman|James Karen,28,Tobe Hooper,Dan O'Bannon|Don Jakoby,Menahem Golan|Yoram Globus,Christopher Young
167073,Brooklyn,Saoirse Ronan|Domhnall Gleeson|Emory Cohen|Jim Broadbent|Julie Walters,46,John Crowley,Nick Hornby,Amanda Posey|Finola Dwyer,Michael Brook
3175,Barry Lyndon,Ryan O'Neal|Marisa Berenson|Hardy Krüger|Diana Körner|Frank Middlemass,17,Stanley Kubrick,Stanley Kubrick,Stanley Kubrick|Bernard Williams,Leonard Rosenman
14369,Out Cold,Jason London|Lee Majors|Zach Galifianakis|Victoria Silvstedt|David Koechner,11,Brendan Malloy|Emmett Malloy,Jon Zack,,
16888,The Ladies Man,Tim Meadows|Karyn Parsons|Billy Dee Williams|John Witherspoon|Jill Talley,23,Reginald Hudlin,Tim Meadows|Andrew Steele|Dennis McNicholas,Lorne Michaels,Marcus Miller
121826,Quartet,Maggie Smith|Tom Courtenay|Billy Connolly|Pauline Collins|Michael Gambon,14,Dustin Hoffman,Ronald Harwood,Finola Dwyer|Stewart Mackinnon,Dario Marianelli
10646,Tomcats,Jerry O'Connell|Shannon Elizabeth|Jake Busey|Horatio Sanz|Bernie Casey,9,Gregory Poirier,Gregory Poirier,Alan Riche|Paul Kurta,
12149,Frailty,Bill Paxton|Matthew McConaughey|Powers Boothe|Matt O'Leary|Jeremy Sumpter,13,Bill Paxton,Brent Hanley,David Kirschner|David Blocker|Corey Sienega,Brian Tyler
304357,Woman in Gold,Helen Mirren|Ryan Reynolds|Tatiana Maslany|Katie Holmes|Max Irons,33,Simon Curtis,Alexi Kaye Campbell,David M. Thompson|Kris Thykier,Hans Zimmer|Martin Phipps
11184,Kinsey,Liam Neeson|Laura Linney|Chris O'Donnell|Peter Sarsgaard|Timothy Hutton,20,Bill Condon,Bill Condon,Gail Mutrux|Richard Guay|Valerie Dean|Adam Shulman,Carter Burwell
766,Army of Darkness,Bruce Campbell|Embeth Davidtz|Marcus Gilbert|Ian Abercrombie|Richard Grove,11,Sam Raimi,Sam Raimi|Ivan Raimi,Bruce Campbell|Robert Tapert,Danny Elfman|Joseph LoDuca
20009,Slackers,Jason Segel|Devon Sawa|Jason Schwartzman|Jaime King|Cameron Diaz,12,Dewey Nicks,David H. Steinberg,,
1587,What's Eating Gilbert Grape,Johnny Depp|Leonardo DiCaprio|Juliette Lewis|Darlene Cates|Mary Steenburgen,25,Lasse Hallström,Peter Hedges,,
30973,The Visual Bible: The Gospel of John,Christopher Plummer|Henry Ian Cusick|Stuart Bunce|Daniel Kash|Stephen Russell,18,Philip Saville,John Goldsmith,Garth Drabinsky|Chris Chrisafis,
11109,Vera Drake,Imelda Staunton|Sally Hawkins|Richard Graham|Eddie Marsan|Anna Keaveney,61,Mike Leigh,Mike Leigh,Alain Sarde|Simon Channing Williams,Andrew Dickson
9027,The Guru,Jimi Mistry|Heather Graham|Marisa Tomei|Michael McKean|Dash Mihok,11,Daisy von Scherler Mayer,Tracey Jackson,Tim Bevan|Eric Fellner|Michael London,David Carbonara
63020,The Perez Family,Marisa Tomei|Alfred Molina|Anjelica Huston|Chazz Palminteri|Trini Alvarado,7,Mira Nair,Robin Swicord,Michael Nozik|Lydia Dean Pilcher,
86829,Inside Llewyn Davis,Oscar Isaac|Carey Mulligan|Justin Timberlake|Jerry Grayson|Robin Bartlett,15,Joel Coen|Ethan Coen,Joel Coen|Ethan Coen,Joel Coen|Ethan Coen|Scott Rudin,
11065,O,Mekhi Phifer|Josh Hartnett|Andrew Keegan|Julia Stiles|Martin Sheen,10,Tim Blake Nelson,Brad Kaaya,Anthony Rhulen|Eric Gitter|Lisa Gitter|Daniel Fried,Jeff Danna
13888,Return to the Blue Lagoon,Milla Jovovich|Brian Krause|Lisa Pelikan|Courtney Barilla|Garette Ratliff Henson,15,William A. Graham,Leslie Stevens,William A. Graham|Peter Bogart,
42345,The Molly Maguires,Sean Connery|Samantha Eggar|Richard Harris|Frank Finlay|Anthony Zerbe,9,Martin Ritt,Walter Bernstein,Walter Bernstein|Martin Ritt,Henry Mancini
13994,Romance & Cigarettes,James Gandolfini|Susan Sarandon|Kate Winslet|Steve Buscemi|Mandy Moore,11,John Turturro,John Turturro,John Turturro|John Penotti,
1590,Copying Beethoven,Ed Harris|Diane Kruger|Matthew Goode|Phyllida Law|Ralph Riach,9,Agnieszka Holland,Christopher Wilkinson|Stephen J. Rivele,Christopher Wilkinson|Michael Taylor|Alex Lewis|Bruce Webb,
62728,Brighton Rock,Andy Serkis|Helen Mirren|John Hurt|Sam Riley|Andrea Riseborough,21,Rowan Joffe,Rowan Joffe,,
11917,Saw V,Tobin Bell|Costas Mandylor|Scott Patterson|Betsy Russell|Mark Rolston,12,David Hackl,Patrick Melton|Marcus Dunstan,Mark Burg|Gregg Hoffman|Oren Koules,
45138,Machine Gun McCain,John Cassavetes|Britt Ekland|Peter Falk|Gabriele Ferzetti|Margherita Guzzinati,15,Giuliano Montaldo,Mino Roli|Giuliano Montaldo,Bino Cicogna|Marco Vicario,Ennio Morricone
80271,LOL,Miley Cyrus|Demi Moore|Douglas Booth|Ashley Greene|Ashley Hinshaw,76,Lisa Azuelos,Lisa Azuelos|Lisa Azuelos|Kamir Aïnouz,Michael Shamberg|Stacey Sher|Tish Cyrus|Esteban Martin,
4657,Jindabyne,Laura Linney|Gabriel Byrne|Deborra-Lee Furness|John Howard|Leah Purcell,16,Ray Lawrence,Raymond Carver|Beatrix Christian,Catherine Jarman,Raymond Carver|Dan Luscombe
14395,Kabhi Alvida Naa Kehna,Shah Rukh Khan|Rani Mukerji|Preity Zinta|Abhishek Bachchan|Amitabh Bachchan,11,Karan Johar,Karan Johar|Karan Johar|Shibani Bathija,Hiroo Johar,Shankar Mahadevan|Ehsaan Noorani|Loy Mendonsa
24137,An Ideal Husband,Cate Blanchett|Minnie Driver|Rupert Everett|Julianne Moore|Jeremy Northam,6,Oliver Parker,Oliver Parker,,
190847,The Last Days on Mars,Liev Schreiber|Romola Garai|Elias Koteas|Olivia Williams|Johnny Harris,11,Ruairi Robinson,Clive Dawson|Sydney J. Bounds,Michael Kuhn|Andrea Cornwell,Max Richter
11056,Darkness,Anna Paquin|Lena Olin|Iain Glen|Giancarlo Giannini|Fele Martínez,7,Jaume Balagueró,Jaume Balagueró|Fernando de Felipe,Julio Fernández|Brian Yuzna,Carles Cases
62,2001: A Space Odyssey,Keir Dullea|Gary Lockwood|William Sylvester|Douglas Rain|Daniel Richter,60,Stanley Kubrick,Stanley Kubrick|Arthur C. Clarke,Stanley Kubrick|Victor Lyndon,
601,E.T. the Extra-Terrestrial,Henry Thomas|Drew Barrymore|Robert MacNaughton|Dee Wallace|Peter Coyote,13,Steven Spielberg,Melissa Mathison,Steven Spielberg|Kathleen Kennedy,John Williams
13067,In the Land of Women,Meg Ryan|Kristen Stewart|Adam Brody|JoBeth Williams|Olympia Dukakis,25,Jon Kasdan,Jon Kasdan,Steve Golin|Lawrence Kasdan|David Kanter|Barbara Kelly,
25379,The Blue Butterfly,Marc Donato|Pascale Bussières|William Hurt|Raoul Max Trujillo|Steve Adams,6,Léa Pool,Pete McCormack,,
88641,There Goes My Baby,Dermot Mulroney|Ricky Schroder|Kelli Williams|Noah Wyle|Lucy Deakins,9,Floyd Mutrux,Floyd Mutrux,Robert Shapiro,
58051,Housefull,Akshay Kumar|Ritesh Deshmukh|Deepika Padukone|Lara Dutta|Jiah Khan,12,Sajid Khan,Sajid Khan|Sajid Nadiadwala|Anvita Dutt Guptan|Vibha Singh|Milap Zaveri,,
14877,September Dawn,Jon Voight|Tamara Hope|Trent Ford|Lolita Davidovich|Dean Cain,13,Christopher Cain,Christopher Cain|Carole Whang Schutter,Christopher Cain|Scott Duthie|Kevin Matossian,
96399,For Greater Glory - The True Story of Cristiada,Eva Longoria|Andy García|Oscar Isaac|Peter O'Toole|Rubén Blades,5,Dean Wright,Michael Love,,
304410,The Bélier Family,Louane Emera|Karin Viard|François Damiens|Eric Elmosnino|Roxane Duran,15,Eric Lartigau,Stanislas Carré de Malberg|Victoria Bedos,,
489,Good Will Hunting,Robin Williams|Matt Damon|Ben Affleck|Stellan Skarsgård|Minnie Driver,51,Gus Van Sant,Ben Affleck|Matt Damon,Lawrence Bender,
373314,Misconduct,Josh Duhamel|Alice Eve|Malin Åkerman|Lee Byung-hun|Julia Stiles,8,Shintaro Shimosawa,Adam Mason|Simon Boyes,Ellen S. Wander,Federico Jusid
214,Saw III,Tobin Bell|Shawnee Smith|Angus Macfadyen|Bahar Soomekh|Dina Meyer,13,Darren Lynn Bousman,Leigh Whannell,Mark Burg|Oren Koules,Charlie Clouser
10890,Stripes,Bill Murray|Harold Ramis|Warren Oates|P.J. Soles|Sean Young,16,Ivan Reitman,Harold Ramis|Len Blum|Daniel Goldberg,Ivan Reitman|Daniel Goldberg,Elmer Bernstein
1588,Bring It On,Kirsten Dunst|Jesse Bradford|Eliza Dushku|Gabrielle Union|Huntley Ritter,60,Peyton Reed,Jessica Bendinger,Marc Abraham|Thomas A. Bliss,
316727,The Purge: Election Year,Elizabeth Mitchell|Frank Grillo|Mykelti Williamson|Edwin Hodge|Raymond J. Barry,69,James DeMonaco,James DeMonaco,Michael Bay|Andrew Form|Bradley Fuller|Jason Blum|Sebastien Lemercier,Nathan Whitehead
10314,She's All That,Freddie Prinze Jr.|Rachael Leigh Cook|Matthew Lillard|Paul Walker|Jodi Lyn O'Keefe,23,Robert Iscove,R. Lee Fleming Jr.,Richard N. Gladstein|Peter Abrams|Robert L. Levy,Stewart Copeland
663,Saw IV,Tobin Bell|Scott Patterson|Costas Mandylor|Betsy Russell|Lyriq Bent,21,Darren Lynn Bousman,Patrick Melton|Marcus Dunstan,Mark Burg|Gregg Hoffman|Oren Koules,Charlie Clouser
11804,White Noise,Michael Keaton|Chandra West|Deborah Kara Unger|Ian McNeice|Keegan Connor Tracy,20,Geoffrey Sax,Steve Martin|Niall Johnson,Paul Brooks|Shawn Williamson,Claude Foisy
16781,Madea's Family Reunion,Tyler Perry|Blair Underwood|Lynn Whitfield|Boris Kodjoe|Lisa Arrindell,37,Tyler Perry,Tyler Perry,Reuben Cannon|Roger M. Bobb|Mike Upton|Justin Bones,
11873,The Color of Money,Paul Newman|Tom Cruise|Mary Elizabeth Mastrantonio|Helen Shaver|John Turturro,49,Martin Scorsese,Richard Price,Barbara De Fina|Irving Axelrad,
9289,The Longest Day,Eddie Albert|Paul Anka|Arletty|Jean-Louis Barrault|Richard Beymer,73,Bernhard Wicki|Ken Annakin|Andrew Marton,Cornelius Ryan,Darryl F. Zanuck,Maurice Jarre
10414,The Mighty Ducks,Emilio Estevez|Joss Ackland|Lane Smith|Heidi Kling|Josef Sommer,12,Stephen Herek,Steven Brill,Jon Avnet|Jordan Kerner,David Newman
1970,The Grudge,Sarah Michelle Gellar|Jason Behr|Clea DuVall|Bill Pullman|William Mapother,15,Takashi Shimizu,Takashi Shimizu|Stephen Susco,Sam Raimi|Robert Tapert|Takashige Ichise,Christopher Young
9614,Happy Gilmore,Adam Sandler|Ben Stiller|Christopher McDonald|Julie Bowen|Frances Bay,17,Dennis Dugan,Adam Sandler|Tim Herlihy,Robert Simonds,Mark Mothersbaugh
8922,Jeepers Creepers,Gina Philips|Justin Long|Jonathan Breck|Patricia Belcher|Eileen Brennan,16,Victor Salva,Victor Salva,Barry Opper|Tom Luse,Bennett Salvay
1648,Bill & Ted's Excellent Adventure,Keanu Reeves|Alex Winter|George Carlin|Dan Shor|Hal Landon Jr.,22,Stephen Herek,Ed Solomon|Chris Matheson,Scott Kroopf|Michael S. Murphey|Joel Soisson,
17917,Oliver!,Ron Moody|Shani Wallis|Oliver Reed|Harry Secombe|Mark Lester,13,Carol Reed,Lionel Bart,John Woolf,
74534,The Best Exotic Marigold Hotel,Bill Nighy|Maggie Smith|Tom Wilkinson|Judi Dench|Dev Patel,19,John Madden,Ol Parker,Graham Broadbent,
19405,Recess: School's Out,Rickey D'Shon Collins|Jason Davis|Ashley Johnson|Courtland Mead|Pamela Adlon,10,Chuck Sheetz,Paul Germain,,
9355,Mad Max Beyond Thunderdome,Mel Gibson|Tina Turner|Bruce Spence|Helen Buday|Angelo Rossitto,16,George Miller|George Ogilvie,Terry Hayes|George Miller,Terry Hayes|George Miller|Doug Mitchell|Marcus D'Arcy|Steve Amezdroz,Maurice Jarre
10999,Commando,Arnold Schwarzenegger|Rae Dawn Chong|Dan Hedaya|Vernon Wells|James Olson,19,Mark L. Lester,Steven E. de Souza|Steven E. de Souza|Jeph Loeb|Matthew Weisman,Joel Silver,James Horner
321258,The Boy,Lauren Cohan|Rupert Evans|James Russell|Jim Norton|Diana Hardcastle,10,William Brent Bell,Stacey Menear,Tom Rosenberg|Gary Lucchesi|Richard S. Wright|Matt Berenson|Jim Wedaa,Bear McCreary
44040,Devil,Chris Messina|Jacob Vargas|Bojana Novaković|Logan Marshall-Green|Bokeem Woodbine,16,John Erick Dowdle,M. Night Shyamalan|Brian Nelson,Sam Mercer|M. Night Shyamalan|John Rusk|Ashwin Rajan,Fernando Velázquez
10426,Friday After Next,Ice Cube|Mike Epps|John Witherspoon|Don Curry|Anna Maria Horsford,12,Marcus Raboy,Ice Cube,Ice Cube|Matt Alvarez,John Murphy
280092,Insidious: Chapter 3,Dermot Mulroney|Stefanie Scott|Lin Shaye|Leigh Whannell|Angus Sampson,28,Leigh Whannell,Leigh Whannell,James Wan|Jason Blum|Oren Peli,Joseph Bishara
13938,The Last Dragon,Taimak|Julius Carry|Vanity|Christopher Murney|Faith Prince,11,Michael Schultz,,Rupert Hitzig,
10163,The Lawnmower Man,Jeff Fahey|Pierce Brosnan|Jenny Wright|Mark Bringelson|Geoffrey Lewis,11,Brett Leonard,Brett Leonard|Gimel Everett,Gimel Everett,
12182,Nick and Norah's Infinite Playlist,Michael Cera|Kat Dennings|Aaron Yoo|Alexis Dziena|Ari Graynor,23,Peter Sollett,Lorene Scafaria,Chris Weitz|Paul Weitz|Andrew Miano|Kelli Konop|Kerry Kohansky,Mark Mothersbaugh
1832,Dogma,Ben Affleck|Matt Damon|Linda Fiorentino|Jason Mewes|Chris Rock,25,Kevin Smith,Kevin Smith,Scott Mosier,Howard Shore
9034,The Banger Sisters,Goldie Hawn|Susan Sarandon|Geoffrey Rush|Erika Christensen|Robin Thomas,8,Bob Dolman,Bob Dolman,Mark Johnson|Elizabeth Cantillon,Trevor Rabin
15301,Twilight Zone: The Movie,Albert Brooks|Vic Morrow|John Larroquette|John Lithgow|Dan Aykroyd,19,Steven Spielberg|Joe Dante|John Landis|George Miller,George Clayton Johnson|John Landis|Richard Matheson|Rod Serling,,
10135,Road House,Patrick Swayze|Kelly Lynch|Sam Elliott|Ben Gazzara|Marshall R. Teague,28,Rowdy Herrington,Hilary Henkin|David Lee Henry,Joel Silver,Michael Kamen
26352,A Low Down Dirty Shame,Keenen Ivory Wayans|Charles S. Dutton|Jada Pinkett Smith|Salli Richardson-Whitfield|Andrew Divoff,40,Keenen Ivory Wayans,Keenen Ivory Wayans,,
20616,Swimfan,Jesse Bradford|Erika Christensen|Shiri Appleby|Kate Burton|Jason Ritter,32,John Polson,Charles F. Bohl|Phillip Schneider,Joseph M. Caracciolo Jr.|Allison Lyon Segan|John Penotti,John Debney|Louis Febre
9794,Employee of the Month,Dane Cook|Jessica Simpson|Dax Shepard|Andy Dick|Tim Bagley,15,Greg Coolidge,,Peter Abrams|Robert L. Levy|Barry Katz,John Swihart
15037,Can't Hardly Wait,Jennifer Love Hewitt|Ethan Embry|Charlie Korsmo|Lauren Ambrose|Peter Facinelli,22,Deborah Kaplan|Harry Elfont,Deborah Kaplan|Harry Elfont,,
227,The Outsiders,Matt Dillon|Ralph Macchio|C. Thomas Howell|Patrick Swayze|Rob Lowe,16,Francis Ford Coppola,Kathleen Rowell,Gray Frederickson|Fred Roos,Carmine Coppola
294272,Pete's Dragon,Bryce Dallas Howard|Oakes Fegley|Wes Bentley|Karl Urban|Oona Laurence,21,David Lowery,Seton I. Miller|David Lowery|Toby Halbrooks|S.S. Field,James Whitaker,Daniel Hart
11336,The Dead Zone,Christopher Walken|Brooke Adams|Tom Skerritt|Martin Sheen|Herbert Lom,20,David Cronenberg,Jeffrey Boam,Debra Hill,Michael Kamen
283445,Sinister 2,Shannyn Sossamon|James Ransone|Robert Daniel Sloan|Dartanian Sloan|Lea Coco,22,Ciaran Foy,Scott Derrickson|C. Robert Cargill,Scott Derrickson|Jason Blum|Brian Kavanaugh-Jones,tomandandy
88036,Sparkle,Whitney Houston|Cee Lo Green|Derek Luke|Mike Epps|Carmen Ejogo,10,Salim Akil,Mara Brock Akil,Debra Martin Chase,
10984,Valentine,Denise Richards|David Boreanaz|Marley Shelton|Jessica Capshaw|Jessica Cauffiel,21,Jamie Blanks,Donna Powers|Wayne Powers|Aaron Harberts|Gretchen J. Berg,Dylan Sellers,
22824,The Fourth Kind,Milla Jovovich|Will Patton|Hakeem Kae-Kazim|Corey Johnson|Enzo Cilenti,22,Olatunde Osunsanmi,Olatunde Osunsanmi,Paul Brooks|Joe Carnahan|Terry Robbins,
9526,A Prairie Home Companion,Meryl Streep|Lindsay Lohan|Virginia Madsen|Woody Harrelson|Garrison Keillor,15,Robert Altman,Garrison Keillor|Garrison Keillor|Ken LaZebnik,Robert Altman|David Levy|Joshua Astrachan|Wren Arthur|Tony Judge,
39349,Sugar Hill,Wesley Snipes|Michael Wright|Donald Faison|O.L. Duke|Leslie Uggams,34,Leon Ichaso,Barry Michael Cooper,,Terence Blanchard
15983,Invasion U.S.A.,Chuck Norris|Richard Lynch|Melissa Prophet|Alexander Zale|Alex Colon,22,Joseph Zito,Aaron Norris|Chuck Norris|James Bruner|James Bruner,Menahem Golan|Yoram Globus,Jay Chattaway
14544,Roll Bounce,Nick Cannon|Shad Moss|Chi McBride|Meagan Good|Brandon T. Jackson,14,Malcolm D. Lee,Norman Vance Jr.,,
11545,Rushmore,Jason Schwartzman|Olivia Williams|Bill Murray|Seymour Cassel|Mason Gamble,13,Wes Anderson,Owen Wilson|Wes Anderson,Barry Mendel|Paul Schiff,Mark Mothersbaugh
42684,Skyline,Eric Balfour|Scottie Thompson|David Zayas|Donald Faison|Brittany Daniel,13,Colin Strause|Greg Strause,Joshua Cordes|Liam O'Donnell,Colin Strause|Greg Strause|Liam O'Donnell|Liz Dean|Kristian James Andresen,Matthew Margeson
268238,The Second Best Exotic Marigold Hotel,Dev Patel|Judi Dench|Richard Gere|Maggie Smith|Bill Nighy,14,John Madden,Ol Parker,,
8359,Kit Kittredge: An American Girl,Abigail Breslin|Chris O'Donnell|Julia Ormond|Stanley Tucci|Joan Cusack,12,Patricia Rozema,Ann Peacock,Elaine Goldsmith-Thomas|Lisa Roberts Gillan|Ellen L. Brothers,Joseph Vitarelli
15648,The Perfect Man,Hilary Duff|Heather Locklear|Chris Noth|Mike O'Malley|Ben Feldman,12,Mark Rosman,Gina Wendkos,Marc Platt|Billy Higgins,
41823,Mo' Better Blues,Denzel Washington|Spike Lee|Wesley Snipes|Giancarlo Esposito|John Turturro,14,Spike Lee,Spike Lee,Spike Lee,Bill Lee
11891,Kung Pow: Enter the Fist,Hui Lou Chen|Tad Horino|Steve Oedekerk|Jennifer Tung|Ming Lo,7,Steve Oedekerk,Steve Oedekerk,Steve Oedekerk|Tom Koranda|Paul Marshal,Robert Folk
9362,Tremors,Kevin Bacon|Fred Ward|Finn Carter|Michael Gross|Reba McEntire,15,Ron Underwood,Brent Maddock|S. S. Wilson,Brent Maddock|S. S. Wilson,Ernest Troost
9902,Wrong Turn,Desmond Harrington|Eliza Dushku|Emmanuelle Chriqui|Jeremy Sisto|Kevin Zegers,10,Rob Schmidt,Alan B. McElroy,Robert Kulzer|Erik Feig|Brian J. Gilbert|Stan Winston,Elia Cmiral
14729,The Long Riders,David Carradine|Keith Carradine|Robert Carradine|James Keach|Stacy Keach,15,Walter Hill,James Keach|Stacy Keach|Bill Bryden|Steven Philip Smith,Tim Zinnemann,Ry Cooder
9455,The Corruptor,Mark Wahlberg|Chow Yun-fat|Byron Mann|Kim Chan|Ric Young,12,James Foley,Robert Pucci,Dan Halsted,
103731,Mud,Matthew McConaughey|Tye Sheridan|Jacob Lofland|Sam Shepard|Reese Witherspoon,13,Jeff Nichols,Jeff Nichols,Aaron Ryder|Sarah Green|Lisa Maria Falcone,David Wingo
10090,Reno 911!: Miami,Lennie Loftin|Danny DeVito|Ben Garant|Carlos Alazraqui|Mary Birdsong,28,Ben Garant,,Danny DeVito|Michael Shamberg|Stacey Sher|Penny Adams|John Landgraf,Craig Wedren
164558,One Direction: This Is Us,Harry Styles|Niall Horan|Zayn Malik|Louis Tomlinson|Liam Payne,7,Morgan Spurlock,,Morgan Spurlock|Simon Cowell|Adam Milano|Ben Winston,
19905,"The Goods: Live Hard, Sell Hard",Jeremy Piven|Ving Rhames|James Brolin|David Koechner|Kathryn Hahn,18,Neal Brennan,Andy Stock|Rick Stempson,,
17710,Hey Arnold! The Movie,Spencer Klein|Francesca Smith|Jamil Walker Smith|Dan Castellaneta|Tress MacNeille,8,Tuck Tucker,Craig Bartlett|Steve Viksten,Albie Hecht|Craig Bartlett,
75900,My Week with Marilyn,Michelle Williams|Eddie Redmayne|Kenneth Branagh|Julia Ormond|Judi Dench,16,Simon Curtis,Adrian Hodges,Harvey Weinstein|David Parfitt,
9515,The Matador,Pierce Brosnan|Greg Kinnear|Hope Davis|Portia Dawson|Adam Scott,20,Richard Shepard,,Pierce Brosnan|Beau St. Clair|Bryan Furst|Sean Furst|Stephen Break,Rolfe Kent
27322,Love Jones,Larenz Tate|Nia Long|Isaiah Washington|Bill Bellamy|Lisa Nicole Carson,6,Theodore Witcher,Theodore Witcher,,
328425,The Gift,Jason Bateman|Rebecca Hall|Joel Edgerton|Allison Tolman|Tim Griffin,19,Joel Edgerton,Joel Edgerton,Joel Edgerton|Jason Blum|Rebecca Yeldham,
14120,End of the Spear,Louie Leonardo|Chad Allen|Jack Guzman|Chase Ellison|Sylvia Jefferies,5,Jim Hanon,Bill Ewing,,
10050,Get Over It,Kirsten Dunst|Ben Foster|Melissa Sagemiller|Colin Hanks|Zoe Saldana,20,Tommy O'Haver,,Paul Feldsher|Marc Butan|Louise Rosner-Meyer|Michael Burns|Leanna Creel,Steve Bartek
1542,Office Space,Ron Livingston|Jennifer Aniston|David Herman|Ajay Naidu|Diedrich Bader,31,Mike Judge,Mike Judge,Michael Rotenberg|Daniel Rappaport,John Frizzell
10490,Drop Dead Gorgeous,Kirsten Dunst|Ellen Barkin|Denise Richards|Amy Adams|Kirstie Alley,19,Michael Patrick Jann,Lona Williams,,Mark Mothersbaugh
87093,Big Eyes,Amy Adams|Christoph Waltz|Krysten Ritter|Danny Huston|Jason Schwartzman,38,Tim Burton,Scott Alexander|Larry Karaszewski,Tim Burton|Scott Alexander|Larry Karaszewski|Lynette Howell,
10029,Very Bad Things,Jon Favreau|Leland Orser|Cameron Diaz|Christian Slater|Jeremy Piven,20,Peter Berg,Peter Berg,Diane Nabatoff|Michael Schiffer|Cindy Cowan|Joanna Johnson,Stewart Copeland
9893,Sleepover,Alexa PenaVega|Mika Boorem|Jane Lynch|Sara Paxton|Brie Larson,21,Joe Nussbaum,Elisa Bell,Charles Weinstock|Bob Cooper|Karen Lunder,Deborah Lurie
11507,Body Double,Craig Wasson|Melanie Griffith|Gregg Henry|Deborah Shelton|Guy Boyd,17,Brian De Palma,Brian De Palma|Robert J. Avrech,Brian De Palma,Pino Donaggio
37931,MacGruber,Will Forte|Kristen Wiig|Val Kilmer|Ryan Phillippe|Maya Rudolph,23,Jorma Taccone,Will Forte|John Solomon,,
3472,Dirty Pretty Things,Chiwetel Ejiofor|Audrey Tautou|Sergi López|Benedict Wong|Sophie Okonedo,13,Stephen Frears,Steven Knight,Robert Jones|Tracey Seaward,Nathan Larson
87818,Movie 43,Anna Faris|Emma Stone|Halle Berry|Kate Winslet|Hugh Jackman,105,Griffin Dunne|Peter Farrelly|Elizabeth Banks|James Gunn|Steven Brill|Brett Ratner|Steve Carr|Rusty Cundieff|James Duffy|Patrik Forsberg|Jonathan van Tulleken|Will Graham,Olle Sarri|James Gunn|Bob Odenkirk|Ricky Blitt|Greg Pritikin,Peter Farrelly|Charles B. Wessler|John Penotti|Ryan Kavanaugh|Jonathan van Tulleken,Tyler Bates|Christophe Beck|William Goodrum
13160,Over Her Dead Body,Eva Longoria|Jason Biggs|Lake Bell|Paul Rudd|Lindsay Sloane,28,Jeff Lowell,Jeff Lowell,Paul Brooks,
88005,Seeking a Friend for the End of the World,Steve Carell|Keira Knightley|Connie Britton|Adam Brody|Rob Corddry,37,Lorene Scafaria,Lorene Scafaria,Steve Golin|Mark Roybal|Steven M. Rales|Joy Gorman,
52067,Cedar Rapids,Anne Heche|Ed Helms|Sigourney Weaver|John C. Reilly|Rob Corddry,14,Miguel Arteta,Phil Johnston,,
73,American History X,Edward Norton|Edward Furlong|Beverly D'Angelo|Avery Brooks|Jennifer Lien,53,Tony Kaye,David McKenna,John Morrissey,Anne Dudley
134597,The Collection,Josh Stewart|Christopher McDonald|Emma Fitzpatrick|Lee Tergesen|Erin Way,17,Marcus Dunstan,Patrick Melton|Marcus Dunstan,Brett Forbes|Patrick Rizzotti|Julie Richardson,
24034,Teacher's Pet,Nathan Lane|Kelsey Grammer|Shaun Fleming|Debra Jo Rupp|David Ogden Stiers,11,Timothy Bjorklund,,Stephen Swofford,
14283,The Red Violin,Carlo Cecchi|Irene Grazioli|Anita Laurenzi|Tommaso Puntelli|Samuele Amighetti,58,François Girard,Don McKellar|François Girard,,
404,The Straight Story,Richard Farnsworth|Sissy Spacek|Jane Galloway Heitz|Joseph A. Carpenter|Donald Wiegert,24,David Lynch,John Roach|Mary Sweeney,Mary Sweeney|Neal Edelstein,
13201,Deuces Wild,Stephen Dorff|Fairuza Balk|Brad Renfro|Norman Reedus|Max Perlich,16,Scott Kalvert,,,
209403,Bad Words,Jason Bateman|Kathryn Hahn|Rohan Chand|Philip Baker Hall|Allison Janney,11,Jason Bateman,Andrew Dodge,,
7942,"Run, Fatboy, Run",Simon Pegg|Thandie Newton|Hank Azaria|Dylan Moran|Harish Patel,30,David Schwimmer,Simon Pegg|Michael Ian Black,Robert Jones|Sarah Curtis,
73247,Heartbeeps,Andy Kaufman|Bernadette Peters|Randy Quaid|Kenneth McMillan|Melanie Mayron,11,Allan Arkush,John Hill,Michael Phillips,John Williams
253331,Black or White,Kevin Costner|Jillian Estell|Jennifer Ehle|Gillian Jacobs|Octavia Spencer,32,Mike Binder,Mike Binder,Kevin Costner|Mike Binder|Todd Lewis,
34043,On the Line,Lance Bass|Joey Fatone|Emmanuelle Chriqui|James Bulliard|Al Green,15,Eric Bross,Eric Aronson|Paul Stanton,Peter Abrams|Robert L. Levy|Richard Hull|Wendy Thorlakson,
9952,Rescue Dawn,Christian Bale|Steve Zahn|Marshall Bell|Toby Huss|Pat Healy,20,Werner Herzog,,Robyn Klein|Jeff Geoffray|Walter Josten|Elton Brand|Steve Marlton,Klaus Badelt
256924,Danny Collins,Al Pacino|Annette Bening|Jennifer Garner|Bobby Cannavale|Christopher Plummer,9,Dan Fogelman,Dan Fogelman,,
82532,"Jeff, Who Lives at Home",Jason Segel|Ed Helms|Susan Sarandon|Judy Greer|Rae Dawn Chong,10,Jay Duplass|Mark Duplass,Jay Duplass|Mark Duplass,Russell Smith,Michael Andrews
41110,I Am Love,Tilda Swinton|Flavio Parenti|Edoardo Gabbriellini|Alba Rohrwacher|Gabriele Ferzetti,10,Luca Guadagnino,Barbara Alberti|Luca Guadagnino|Luca Guadagnino|Walter Fasano|Ivan Cotroneo,Tilda Swinton|Luca Guadagnino|Marco Morabito|Alessandro Usai,John Adams
134371,Atlas Shrugged Part II,Samantha Mathis|Jason Beghe|Esai Morales|Patrick Fabian|Kim Rhodes,19,John Putch,Duke Sandefur,Harmon Kaslow|Jeff Freilich|John Aglialoro,
2088,Romeo Is Bleeding,Gary Oldman|Lena Olin|Annabella Sciorra|Juliette Lewis|Roy Scheider,17,Peter Medak,Hilary Henkin,Hilary Henkin|Paul Webster,Mark Isham
10388,The Limey,Terence Stamp|Lesley Ann Warren|Luis Guzmán|Barry Newman|Joe Dallesandro,14,Steven Soderbergh,Lem Dobbs,John Hardy|Scott Kramer,Cliff Martinez
1640,Crash,Sandra Bullock|Don Cheadle|Matt Dillon|Michael Peña|Jennifer Esposito,52,Paul Haggis,Paul Haggis|Robert Moresco,Paul Haggis|Don Cheadle|Bob Yari|Cathy Schulman|Mark R. Harris,Mark Isham
25520,The House of Mirth,Gillian Anderson|Dan Aykroyd|Eleanor Bron|Terry Kinney|Anthony LaPaglia,13,Terence Davies,Terence Davies,Olivia Stewart,
27342,Malone,Burt Reynolds|Cliff Robertson|Kenneth McMillan|Cynthia Gibb|Scott Wilson,8,Harley Cokeliss,Christopher Frank,Léo L. Fuchs,David Newman
13689,Peaceful Warrior,Scott Mechlowicz|Nick Nolte|Amy Smart|Tim DeKay|Ashton Holmes,8,Victor Salva,Kevin Bernhardt,,
67911,Bucky Larson: Born to Be a Star,Nick Swardson|Christina Ricci|Stephen Dorff|Don Johnson|Ido Mosseri,14,Tom Brady,Adam Sandler,,
24664,Bamboozled,Damon Wayans|Savion Glover|Tommy Davidson|Jada Pinkett Smith|Michael Rapaport,12,Spike Lee,Spike Lee,Jon Kilik|Spike Lee,
329440,The Forest,Natalie Dormer|Taylor Kinney|Yukiyoshi Ozawa|Eoin Macken|Rina Takasaki,31,Jason Zada,Ben Ketai|Nick Antosca|Sarah Cornwell,David S. Goyer|David Linde|Tory Metzger,
47890,Sphinx,Lesley-Anne Down|Frank Langella|Maurice Ronet|John Gielgud|Vic Tablian,12,Franklin J. Schaffner,John Byrum,Stanley O'Toole,Michael J. Lewis
252512,While We're Young,Ben Stiller|Naomi Watts|Adam Driver|Amanda Seyfried|Charles Grodin,20,Noah Baumbach,Noah Baumbach,Scott Rudin|Noah Baumbach|Lila Yacoub|Eli Bush,James Murphy
55720,A Better Life,Demián Bichir|José Julián|Chelsea Rendon|Dolores Heredia|Joaquín Cosio,12,Chris Weitz,Eric Eason|Roger L. Simon,Paul Junger Witt|Chris Weitz|Jami Gertz|Christian McLaughlin|Stacey Lubliner,Alexandre Desplat
9613,Spider,Ralph Fiennes|Miranda Richardson|Gabriel Byrne|Lynn Redgrave|John Neville,19,David Cronenberg,Patrick McGrath,David Cronenberg|Samuel Hadida|Catherine Bailey,Howard Shore
29076,Gun Shy,Sandra Bullock|Liam Neeson|Oliver Platt|José Zúñiga|Michael DeLorenzo,16,Eric Blakeney,Eric Blakeney,,
29339,Nicholas Nickleby,Charlie Hunnam|Nathan Lane|Jim Broadbent|Christopher Plummer|Jamie Bell,31,Douglas McGrath,,,
68812,The Iceman,Michael Shannon|Winona Ryder|Ray Liotta|Chris Evans|David Schwimmer,40,Ariel Vromen,Ariel Vromen,Ehud Bleiberg|Ariel Vromen,
32740,Krrish,Hrithik Roshan|Naseeruddin Shah|Priyanka Chopra|Rekha|Sharat Saxena,10,Rakesh Roshan,,,
14195,Cecil B. Demented,Melanie Griffith|Stephen Dorff|Alicia Witt|Adrian Grenier|Lawrence Gilliard Jr.,11,John Waters,John Waters,Joseph M. Caracciolo Jr.|Mark Tarlov|John Fiedler,
73567,Killer Joe,Matthew McConaughey|Emile Hirsch|Thomas Haden Church|Gina Gershon|Juno Temple,13,William Friedkin,Tracy Letts,Scott Einbinder|Nicolas Chartier,
41479,The Joneses,David Duchovny|Demi Moore|Amber Heard|Benjamin Hollingsworth|Lauren Hutton,12,Derrick Borte,Derrick Borte,,
15394,Owning Mahowny,Philip Seymour Hoffman|Minnie Driver|John Hurt|Maury Chaykin|Ian Tracey,17,Richard Kwietniowski,Maurice Chauvet,Seaton McLean|András Hámori|Alessandro Camon,The Insects|Richard Grassby-Lewis
10071,The Brothers Solomon,Will Arnett|Will Forte|Kristen Wiig|Chi McBride|Lee Majors,19,Bob Odenkirk,,Tom Werner|Matt Berenson|Michael Shear,John Swihart
1989,My Blueberry Nights,Norah Jones|Jude Law|Natalie Portman|David Strathairn|Rachel Weisz,14,Wong Kar-wai,Wong Kar-wai|Lawrence Block,Wong Kar-wai|Stéphane Kooshmanian|Jean-Louis Piel|Jacky Pang Yee Wah|Wai-Chung Chan,Ry Cooder
91076,Illuminata,John Turturro|Christopher Walken|Susan Sarandon|Rufus Sewell|Beverly D'Angelo,19,John Turturro,John Turturro|Brandon Cole,John Turturro|John Penotti,
12779,Swept Away,Madonna|Adriano Giannini|Bruce Greenwood|Elizabeth Banks|Michael Beattie,6,Guy Ritchie,Guy Ritchie,Matthew Vaughn,Michel Colombier
13191,"War, Inc.",John Cusack|Hilary Duff|Marisa Tomei|Joan Cusack|Dan Aykroyd,23,Joshua Seftel,Jeremy Pikser|Mark Leyner,,
11770,Shaolin Soccer,Stephen Chow|Ng Man-Tat|Patrick Tse Yin|Zhao Wei|Wong Yat-Fei,13,Stephen Chow,Stephen Chow|Tsang Kan-Cheung,Kwok-fai Yeung,
12703,The Brown Bunny,Vincent Gallo|Chloë Sevigny|Cheryl Tiegs|Elizabeth Blake|Anna Vareschi,6,Vincent Gallo,Vincent Gallo,Vincent Gallo,John Frusciante|Ted Curson|Jackson C. Frank
64559,The Swindle,Michel Serrault|Isabelle Huppert|François Cluzet|Jean-François Balmer,4,Claude Chabrol,Claude Chabrol,Marin Karmitz,Matthieu Chabrol
222649,Rosewater,Gael García Bernal|Shohreh Aghdashloo|Jason Jones|Haluk Bilginer|Nasser Faris,10,Jon Stewart,Jon Stewart|Maziar Bahari|Aimee Molloy,Scott Rudin|Jon Stewart|Gigi Pritzker|Atilla Salih Yücer,
115872,The Chambermaid on the Titanic,Olivier Martinez|Aitana Sánchez-Gijón|Romane Bohringer|Didier Bezace,4,Bigas Luna,Bigas Luna|Cuca Canals|Jean-Louis Benoît,,
101173,Coriolanus,Gerard Butler|Ralph Fiennes|Lubna Azabal|Ashraf Barhom|Jessica Chastain,14,Ralph Fiennes,John Logan,John Logan|Ralph Fiennes|Colin Vaines|Gabrielle Tana|Julia Taylor-Stanley,Ilan Eshkeri
25350,Imaginary Heroes,Sigourney Weaver|Ryan Donowho|Emile Hirsch|Jeff Daniels|Michelle Williams,9,Dan Harris,Dan Harris,,
10034,High Heels and Low Lifes,Minnie Driver|Mary McCormack|Kevin McNally|Danny Dyer|Michael Gambon,20,Mel Smith,,Nicky Kentish Barnes|Barnaby Thompson|Kim Fuller|Uri Fruchtmann,Charlie Mole
20178,World's Greatest Dad,Robin Williams|Alexie Gilmore|Daryl Sabara|Geoff Pierson|Henry Simmons,28,Bobcat Goldthwait,Bobcat Goldthwait,,
5072,Severance,Danny Dyer|Laura Harris|Toby Stephens|Tim McInnerny|Babou Ceesay,11,Christopher Smith,Christopher Smith|James Moran,Jason Newmark|Finola Dwyer,Christian Henson
18191,Edmond,William H. Macy|Joe Mantegna|Denise Richards|Mena Suvari|Bokeem Woodbine,13,Stuart Gordon,David Mamet,Chris Hanley|Stuart Gordon|Kevin Ragsdale|Roger Kass|Duffy Hecht,
31007,Welcome to the Rileys,Kristen Stewart|James Gandolfini|Melissa Leo|Joe Chrest|Ally Sheedy,14,Jake Scott,Ken Hixon,Michael Costigan|Scott Bloom|Giovanni Agnelli,
11546,Police Academy: Mission to Moscow,George Gaynes|G. W. Bailey|Leslie Easterbrook|Michael Winslow|David Graf,10,Alan Metter,Pat Proft|Neal Israel,Paul Maslansky,
41894,Blood Done Sign My Name,Natalie Alyn Lind|Michael Rooker|Emily Alyn Lind|Omar Benson Miller|Lee Norris,9,Jeb Stuart,,,
184374,Cinco de Mayo: La Batalla,Christian Vazquez|Liz Gallardo|Angélica Aragón|Kuno Becker|Ginés García Millán,11,Rafa Lara,Rafa Lara,,
268171,Elsa & Fred,Shirley MacLaine|Christopher Plummer|Chris Noth|Marcia Gay Harden|Scott Bakula,13,Michael Radford,Michael Radford|Anna Pavignano,Matthias Emcke|Justin Bell|Cesar Canavati|Carlos Garcia de Paredes,
78149,"An Alan Smithee Film: Burn, Hollywood, Burn",Jackie Chan|Sylvester Stallone|Whoopi Goldberg|Eric Idle|Ryan O'Neal,14,Alan Smithee|Arthur Hiller,Joe Eszterhas,,
24663,The Open Road,Justin Timberlake|Jeff Bridges|Kate Mara|Harry Dean Stanton|Mary Steenburgen,8,Michael Meredith,,,
39037,The Good Guy,Alexis Bledel|Colin Egglesfield|Anna Chlumsky|Andrew McCarthy|Scott Porter,10,Julio DePietro,Julio DePietro,,
22805,Motherhood,Uma Thurman|Minnie Driver|Anthony Edwards|David Schallipp|Matthew Schallipp,13,Katherine Dieckmann,Katherine Dieckmann,,
39055,Free Style,Corbin Bleu|Sandra Echeverría|Madison Pettis,3,William Dear,Jeffrey Nicholson|Joshua Leibner,,
245846,Strangerland,Nicole Kidman|Joseph Fiennes|Hugo Weaving|Lisa Flanagan|Megan Alston,10,Kim Farrant,Fiona Seres|Michael Kinirons,Macdara Kelleher|Naomi Wenck,Keefus Ciancia
25186,Janky Promoters,Ice Cube|Mike Epps|Young Jeezy|Darris Love|Julio Oscar Mechoso,13,Marcus Raboy,Ice Cube,,
15017,Blonde Ambition,Jessica Simpson|Luke Wilson|Rachael Leigh Cook|Penelope Ann Miller|Andy Dick,8,Scott Marshall Smith,Matthew Flanagan|David McHugh,Justin Berfield,
12245,The Oxford Murders,Elijah Wood|John Hurt|Leonor Watling|Julie Cox|Jim Carter,12,Álex de la Iglesia,Álex de la Iglesia,Álvaro Augustín|Elena Manrique|Gerardo Herrero|Álex de la Iglesia|Mariela Besuievski,Roque Baños
49787,The Reef,Adrienne Pickering|Zoe Naylor|Gyton Grantley|Damian Walshe-Howling|Kieran Darcy-Smith,5,Andrew Traucki,Andrew Traucki,Andrew Traucki|Michael Robertson,
16358,Eulogy,Hank Azaria|Jesse Bradford|Zooey Deschanel|Glenne Headly|Famke Janssen,13,Michael Clancy,,Richard Barton Lewis|Steven Haft|Lucas Foster|Kirk D'Amico,
7006,White Noise 2: The Light,Nathan Fillion|Katee Sackhoff|Craig Fairbrass|Adrian Holmes|Teryl Rothery,9,Patrick Lussier,Matt Venne,Shawn Williamson,
66767,Beat the World,Tyrone Brown|Mishael Morgan|Nikki Grant|Chase Armitage|Ray Johnson,7,Robert Adetuyi,Robert Adetuyi,Amos Adetuyi|Deborah Calla|Ricardo Whately,
17622,Fifty Dead Men Walking,Ben Kingsley|Jim Sturgess|Kevin Zegers|Rose McGowan|Tom Collins,13,Kari Skogland,Kari Skogland,Kari Skogland|Jonathan Shore|Shawn Williamson|Stephen Hegyes|Peter La Terriere,Ben Mink
283671,Jungle Shuffle,Drake Bell|Rob Schneider|Brianne Siddall|Joey D'Auria|Jessica DiCicco,6,Taedong Park|Mauricio De la Orta,Johnny Hartmann|Jean Dubois Renaud|Duane Orville Trejo,,
18516,Adam Resurrected,Jeff Goldblum|Willem Dafoe|Derek Jacobi|Ayelet Zurer|Hana Laslo,9,Paul Schrader,Noah Stollman,Ehud Bleiberg|Werner Wirsing,
217708,Of Horses and Men,Ingvar Eggert Sigurðsson|Charlotte Bøving|Steinn Ármann Magnússon|Kristbjörg Kjeld|Helgi Björnsson,16,Benedikt Erlingsson,Benedikt Erlingsson,Friðrik Þór Friðriksson,
42057,It's a Wonderful Afterlife,Shabana Azmi|Goldy Notay|Sendhil Ramamurthy|Sally Hawkins|Mark Addy,13,Gurinder Chadha,Gurinder Chadha|Paul Mayeda Berges,Gurinder Chadha,
17577,The Devil's Tomb,Cuba Gooding Jr.|Ray Winstone|Ron Perlman|Taryn Manning|Stephanie Jacobsen,15,Jason Connery,Keith Kjornes,Sid Sheinberg|Bill Sheinberg|Jonathan Sheinberg|Steve B. Harris,
14608,Partition,Kristin Kreuk|Jimi Mistry|Neve Campbell|John Light|Irrfan Khan,8,Vic Sarin,Vic Sarin|Patricia Finn,,
34417,Good Intentions,Luke Perry|LeAnn Rimes|Jimmi Simpson,3,Jim Issa,,,
15067,"The Good, The Bad, The Weird",Song Kang-ho|Lee Byung-hun|Jung Woo-sung|Yoon Je-moon|Song Young-chang,16,Kim Jee-woon,Kim Min-suk|Kim Jee-woon,,
78383,Nurse 3-D,Paz de la Huerta|Katrina Bowden|Kathleen Turner|Judd Nelson|Boris Kodjoe,12,Douglas Aarniokoski,David Loughery,Marc Bienstock,
43090,Gunless,Sienna Guillory|Tyler Mane|Callum Keith Rennie|Dustin Milligan|Graham Greene,20,William Phillips,William Phillips,Niv Fichman|Jonathan Shore|Shawn Williamson|Stephen Hegyes|Larry Weinstein,Greg Keelor
16614,Adventureland,Jesse Eisenberg|Kristen Stewart|Martin Starr|Kristen Wiig|Bill Hader,17,Greg Mottola,Greg Mottola,Ted Hope|Anne Carey|Sidney Kimmel,Yo La Tengo
9700,The Lost City,Andy García|Richard Bradford|Nestor Carbonell|Enrique Murciano|Dominik García-Lorido,15,Andy García,,,
10471,Next Friday,Ice Cube|Mike Epps|Justin Pierce|John Witherspoon|Don Curry,17,Steve Carr,Ice Cube,,
250066,American Heist,Hayden Christensen|Adrien Brody|Jordana Brewster|Akon|Laura Cayouette,15,Sarik Andreasyan,Raul Inglis,Sarik Andreasyan|Tove Christensen|Vladimir Polyakov|Georgy Malkov|Gevond Andreasyan,Artashes Andreasyan|Alim Zairov|Roman Vishnevsky
667,You Only Live Twice,Sean Connery|Akiko Wakabayashi|Karin Dor|Mie Hama|Tetsurō Tamba,16,Lewis Gilbert,Roald Dahl,Albert R. Broccoli|Harry Saltzman,John Barry|Monty Norman
208869,Plastic,Ed Speleers|Will Poulter|Alfie Allen|Sebastian de Souza|Emma Rigby,8,Julian Gilbey,Julian Gilbey|Will Gilbey|Chris Howard,,
86837,Amour,Emmanuelle Riva|Jean-Louis Trintignant|Isabelle Huppert|William Shimell|Rita Blanco,12,Michael Haneke,Michael Haneke,,
10306,Poltergeist III,Tom Skerritt|Nancy Allen|Heather O'Rourke|Lara Flynn Boyle|Kipley Wentz,8,Gary Sherman,Gary Sherman|Brian Taggert,Barry Bernardi,Joe Renzetti
106845,Re-Kill,Roger Cross|Scott Adkins|Daniella Alonso|Bruce Payne|Jesse Garcia,19,Valeri Milev,Michael Hurst,,
11576,"It's a Mad, Mad, Mad, Mad World",Spencer Tracy|Milton Berle|Sid Caesar|Buddy Hackett|Mickey Rooney,53,Stanley Kramer,William Rose|Tania Rose,Stanley Kramer,Ernest Gold
219,Volver,Penélope Cruz|Carmen Maura|Lola Dueñas|Blanca Portillo|Yohana Cobo,25,Pedro Almodóvar,,Esther García,Alberto Iglesias
11827,Heavy Metal,Rodger Bumpass|Jackie Burroughs|Joe Flaherty|Harold Ramis|John Candy,19,Gerald Potterton,Len Blum|Daniel Goldberg,Ivan Reitman,Elmer Bernstein
22820,Gentlemen Broncos,Michael Angarano|Sam Rockwell|Clive Revill|Jemaine Clement|Jennifer Coolidge,9,Jared Hess,Jared Hess|Jerusha Hess,,
31174,Richard III,Ian McKellen|Annette Bening|Jim Broadbent|Kristin Scott Thomas|Adrian Dunbar,18,Richard Loncraine,Ian McKellen|Richard Loncraine,,
244316,Into the Grizzly Maze,James Marsden|Thomas Jane|Piper Perabo|Scott Glenn|Michaela McManus,21,David Hackl,Guy Moshe|J.R. Reher|J.R. Reher,Paul Schiff|Tai Duncan|Hadeel Reda,Marcus Trumpp
37737,Kites,Hrithik Roshan|Bárbara Mori|Kabir Bedi|Kangana Ranaut|Nicholas Brown,20,Anurag Basu,,,Rajesh Roshan
62215,Melancholia,Kirsten Dunst|Charlotte Gainsbourg|Kiefer Sutherland|Charlotte Rampling|John Hurt,12,Lars von Trier,Lars von Trier,Meta Louise Foldager|Louise Vesth,
66125,Red Dog,Josh Lucas|Rachael Taylor|Rohan Nichol|Luke Ford|Arthur Angel,12,Kriv Stenders,Daniel Taplitz,Nelson Woss|Julie Ryan,Cezary Skubiszewski
132316,Jab Tak Hai Jaan,Shah Rukh Khan|Katrina Kaif|Anushka Sharma|Anupam Kher|Bindal Parikh,14,Yash Chopra,Aditya Chopra|Aditya Chopra|Devika Bhagat,Aditya Chopra,A. R. Rahman
348,Alien,Tom Skerritt|Sigourney Weaver|Veronica Cartwright|Harry Dean Stanton|John Hurt,10,Ridley Scott,Dan O'Bannon|Ronald Shusett,David Giler|Walter Hill|Gordon Carroll|Ivor Powell,Jerry Goldsmith
30497,The Texas Chain Saw Massacre,Marilyn Burns|Allen Danziger|Paul A. Partain|William Vail|Teri McMinn,17,Tobe Hooper,Tobe Hooper|Kim Henkel,Tobe Hooper,
27586,The Runaways,Dakota Fanning|Kristen Stewart|Michael Shannon|Riley Keough|Stella Maeve,18,Floria Sigismondi,Floria Sigismondi,Art Linson|Bill Pohlad|John Linson,
14811,Fiddler on the Roof,Chaim Topol|Norma Crane|Leonard Frey|Molly Picon|Paul Mann,41,Norman Jewison,Joseph Stein,Norman Jewison,Jerry Bock
660,Thunderball,Sean Connery|Claudine Auger|Adolfo Celi|Luciana Paluzzi|Rik Van Nutter,19,Terence Young,Richard Maibaum|Kevin McClory|Jack Whittingham|John Hopkins,Albert R. Broccoli|Harry Saltzman|Kevin McClory,John Barry|Monty Norman
68684,Detention,Shanley Caswell|Josh Hutcherson|Spencer Locke|Dane Cook|A.D. Johnson,35,Joseph Kahn,Joseph Kahn|Mark Palermo,Mary Ann Tanedo|Richard Weager,"Bryan ""the brain""  Mantia|Melissa Reese"
40794,Loose Cannons,Nicole Grimaudo|Riccardo Scamarcio|Alessandro Preziosi|Lunetta Savino|Ennio Fantastichini,16,Ferzan Ozpetek,Ferzan Ozpetek,,
9400,Set It Off,Jada Pinkett Smith|Queen Latifah|Vivica A. Fox|Kimberly Elise|Blair Underwood,17,F. Gary Gray,Takashi Bufford|Takashi Bufford|Kate Lanier,Oren Koules|Takashi Bufford|Dale Pollock,
16162,The Best Man,Nia Long|Morris Chestnut|Harold Perrineau|Terrence Howard|Sanaa Lathan,8,Malcolm D. Lee,Malcolm D. Lee,,
10585,Child's Play,Catherine Hicks|Chris Sarandon|Alex Vincent|Brad Dourif|Dinah Manoff,6,Tom Holland,Tom Holland|Don Mancini|John Lafia,David Kirschner,Joe Renzetti
2359,Sicko,Michael Moore|George W. Bush|Bill Clinton|Hillary Clinton|Billy Crystal,6,Michael Moore,,Bob Weinstein|Harvey Weinstein|Michael Moore|Meghan O'Hara|Rehya Young,Erin O'Hara
238636,The Purge: Anarchy,Frank Grillo|Carmen Ejogo|Zach Gilford|Kiele Sanchez|Zoë Borde,41,James DeMonaco,James DeMonaco,Michael Bay|Andrew Form|Bradley Fuller|Jason Blum|Sebastien Lemercier,Nathan Whitehead
10472,Down to You,Freddie Prinze Jr.|Julia Stiles|Selma Blair|Shawn Hatosy|Zak Orth,11,Kris Isacsson,Kris Isacsson,Jason Kliot|Joana Vicente,Edmund Choi
11282,Harold & Kumar Go to White Castle,John Cho|Kal Penn|Paula Garcés|Neil Patrick Harris|David Krumholtz,16,Danny Leiner,Jon Hurwitz|Hayden Schlossberg,Greg Shapiro|Nathan Kahane,David Kitay
6521,The Contender,Gary Oldman|Joan Allen|Jeff Bridges|Christian Slater|Sam Elliott,11,Rod Lurie,Rod Lurie,,Larry Groupé
14181,Boiler Room,Giovanni Ribisi|Vin Diesel|Nia Long|Tom Everett Scott|Ben Affleck,13,Ben Younger,Ben Younger,Jennifer Todd|Suzanne Todd,
1621,Trading Places,Eddie Murphy|Dan Aykroyd|Jamie Lee Curtis|Jim Belushi|Denholm Elliott,15,John Landis,Herschel Weingrod|Timothy Harris,Aaron Russo|Irwin Russo|Sam Williams,Elmer Bernstein
9656,Black Christmas,Katie Cassidy|Michelle Trachtenberg|Kristen Cloke|Mary Elizabeth Winstead|Lacey Chabert,16,Glen Morgan,,,Shirley Walker
16428,Breakin' All the Rules,Jamie Foxx|Morris Chestnut|Jennifer Esposito|Gabrielle Union|Peter MacNicol,7,Daniel Taplitz,Daniel Taplitz,Lisa Tornell,
10705,Henry V,Kenneth Branagh|Derek Jacobi|Brian Blessed|James Larkin|Paul Scofield,30,Kenneth Branagh,Kenneth Branagh,Bruce Sharman,Patrick Doyle
8272,The Savages,Laura Linney|Philip Seymour Hoffman|Philip Bosco|Cara Seymour|Peter Friedman,20,Tamara Jenkins,Tamara Jenkins,Ted Hope|Lori Keith Douglas|Anne Carey|Erica Westheimer,Stephen Trask
24621,Chasing Papi,Roselyn Sánchez|Sofía Vergara|Jaci Velasquez|Eduardo Verástegui|Lisa Vidal,9,Linda Mendoza,Steve Antin|Laura Angelica Simon,,
1619,The Way of the Gun,Benicio del Toro|Ryan Phillippe|Juliette Lewis|James Caan|Taye Diggs,15,Christopher McQuarrie,Christopher McQuarrie,Kenneth Kokin,
9685,Igby Goes Down,Kieran Culkin|Claire Danes|Jeff Goldblum|Jared Harris|Amanda Peet,15,Burr Steers,,Marco Weber|Lisa Tornell,
14425,PCU,Jeremy Piven|Chris Young|David Spade|Megan Ward|Sarah Trigger,36,Hart Bochner,Zak Penn|Adam Leff,Paul Schiff,
14624,The Ultimate Gift,James Garner|Drew Fuller|Abigail Breslin|Ali Hillis|Bill Cobbs,16,Michael O. Sajbel,Cheryl McKay,John Shepherd|Cleve Landsberg,Mark McKenzie
10179,The Ice Pirates,Robert Urich|Mary Crosby|Michael D. Roberts|Anjelica Huston|John Matuszak,20,Stewart Raffill,,John Foreman,Bruce Broughton
15568,Gracie,Jesse Lee Soffer|Christopher Shand|Carly Schroeder|Karl Girolamo|Vasilios Mantagas,14,Davis Guggenheim,,,
14057,Trust the Man,David Duchovny|Julianne Moore|Billy Crudup|Maggie Gyllenhaal|Justin Bartha,13,Bart Freundlich,Bart Freundlich,,
12621,Hamlet 2,Steve Coogan|Catherine Keener|Joseph Julian Soria|Melonie Diaz|Arnie Pantoja,15,Andrew Fleming,Pam Brady|Andrew Fleming,Aaron Ryder|Eric Eisner|Leonid Rozhetskin,Ralph Sall
1808,Velvet Goldmine,Ewan McGregor|Christian Bale|Jonathan Rhys Meyers|Janet McTeer|Toni Collette,15,Todd Haynes,Todd Haynes|Todd Haynes|James Lyons,Bob Weinstein|Harvey Weinstein,Carter Burwell
293670,The Wailing,Kwak Do-won|Hwang Jung-min|Chun Woo-hee|Jun Kunimura|Kim Hwan-hee,11,Na Hong-jin,Na Hong-jin,Kim Ho-sung,Dalparan|Jang Young-gyu
67675,Glee: The Concert Movie,Dianna Agron|Lea Michele|Gwyneth Paltrow|Darren Criss|Chris Colfer,19,Kevin Tancharoen,Ryan Murphy|Ian Brennan|Brad Falchuk,Dante Di Loreto,
27329,The Legend of Suriyothai,M.L. Piyapas Bhirombhakdi|Sarunyu Wongkrachang|Chatchai Plengpanich|Johnny Anfone|Mai Charoenpura,6,Chatrichalerm Yukol,Chatrichalerm Yukol|Sunait Chutintaranond,,
29514,Two Evil Eyes,Adrienne Barbeau|Harvey Keitel|Ramy Zada|E.G. Marshall|Madeleine Potter,20,George A. Romero|Dario Argento,George A. Romero|Franco Ferrini|Dario Argento|Edgar Allan Poe,Achille Manzotti,Pino Donaggio
250349,Barbecue,Lambert Wilson|Franck Dubosc|Florence Foresti|Guillaume de Tonquédec|Jérôme Commandeur,13,Eric Lavaine,Héctor Cabello Reyes|Eric Lavaine,,
12454,All or Nothing,James Corden|Timothy Spall|Ruth Sheen|Lesley Manville|Sally Hawkins,29,Mike Leigh,Mike Leigh,Alain Sarde|Simon Channing Williams,Andrew Dickson
39806,Princess Kaiulani,Q'orianka Kilcher|Barry Pepper|Will Patton|Jimmy Yuill|Shaun Evans,5,Marc Forby,,,
15699,Opal Dream,Sapphire Boyce|Christian Byers|Vince Colosimo|Jacqueline McKenzie|Robert Morgan,8,Peter Cattaneo,Peter Cattaneo|Phil Traill|Ben Rice,,
8883,Flame & Citron,Thure Lindhardt|Mads Mikkelsen|Stine Stengade|Peter Mygind|Mille Lehfeldt,44,Ole Christian Madsen,Ole Christian Madsen|Lars Andersen,Stefan Schubert|Ralph Schwingel|Charlie Woebcken|Bjoern Vosgerau|Lars Bredo Rahbek,Darko Krezic|Karsten Fundal
17926,Undiscovered,Kip Pardue|Carrie Fisher|Shannyn Sossamon|Pell James|Steven Strait,15,Meiert Avis,John Galt,Gary Lucchesi|Michael Burns,
291081,Red Riding: In the Year of Our Lord 1974,Andrew Garfield|David Morrissey|John Henshaw|Anthony Flanagan|Warren Clarke,23,Julian Jarrold,Tony Grisoni|David Peace,,
41248,The Girl on the Train,Michel Blanc|Catherine Deneuve|Émilie Dequenne|Nicolas Duvauchelle|Mathieu Demy,7,André Téchiné,Odile Barski|André Téchiné,Saïd Ben Saïd,Philippe Sarde
25968,Veronika Decides to Die,Sarah Michelle Gellar|David Thewlis|Jonathan Tucker|Erika Christensen|Melissa Leo,33,Emily Young,Larry Gross,Chris Hanley|Jonathan Bross|Sriram Das|Mitchell Goldman|Shara Kay,
9671,Crocodile Dundee,Paul Hogan|Linda Kozlowski|Mark Blum|David Gulpilil|Michael Lombard,10,Peter Faiman,Paul Hogan|Paul Hogan|John Cornell|Ken Shadie,John Cornell,Peter Best
52010,"Ultramarines: A Warhammer 40,000 Movie",Terence Stamp|John Hurt|Sean Pertwee|Steven Waddington|Donald Sumpter,9,Martyn Pick,Dan Abnett,Bob Thompson|David Kerney,
11588,The I Inside,Ryan Phillippe|Sarah Polley|Piper Perabo|Robert Sean Leonard|Stephen Rea,14,Roland Suso Richter,Michael Cooney,,Nicholas Pike
43418,Beneath Hill 60,Brendan Cowell|Harrison Gilbertson|Steve Le Marquand|Gyton Grantley|Alan Dukes,17,Jeremy Sims,David Roach,Bill Leimbach,Cezary Skubiszewski
71157,Polisse,Karin Viard|JoeyStarr|Marina Foïs|Nicolas Duvauchelle|Maïwenn,46,Maïwenn,Emmanuelle Bercot|Maïwenn,Alain Attal,Stephen Warbeck
13483,Awake,Hayden Christensen|Jessica Alba|Terrence Howard|Lena Olin|Charlie Hewson,20,Joby Harold,Joby Harold,Jason Kliot|Joana Vicente|Fisher Stevens|John Penotti,
333355,Star Wars: Clone Wars: Volume 1,Tom Kane|Corey Burton|Mat Lucas|James Arnold Taylor|André Sogliuzzo,14,Genndy Tartakovsky,George Lucas|Darrick Bachman|Mark Andrews|Genndy Tartakovsky|Bryan Andrews,,
327833,Skin Trade,Dolph Lundgren|Tony Jaa|Ron Perlman|Celina Jade|Michael Jai White,25,Ekachai Uekrongtham,Dolph Lundgren|Dolph Lundgren|John Hyams|Gabriel Dowrick,Craig Baumgarten|Dolph Lundgren|Michael G Selby,
1547,The Lost Boys,Jason Patric|Corey Haim|Corey Feldman|Dianne Wiest|Kiefer Sutherland,27,Joel Schumacher,Janice Fischer|James Jeremias,Harvey Bernhard,
25196,Crazy Heart,Jeff Bridges|Maggie Gyllenhaal|Colin Farrell|Robert Duvall|Paul Herman,9,Scott Cooper,Scott Cooper,Robert Duvall|T Bone Burnett|Rob Carliner|Judy Cairo|Scott Cooper,
16323,The Rose,Bette Midler|Alan Bates|Frederic Forrest|Harry Dean Stanton|David Keith,12,Mark Rydell,Bo Goldman|Michael Cimino|Bill Kerby|Bill Kerby,Aaron Russo|Marvin Worth,
175528,Baggage Claim,Paula Patton|Adam Brody|Djimon Hounsou|Taye Diggs|Christina Milian,16,David E. Talbert,David E. Talbert,Steven J. Wolfe|David E. Talbert|Lyn Talbert,Aaron Zigman
8069,Barbarella,Jane Fonda|John Phillip Law|Anita Pallenberg|Marcel Marceau|Claude Dauphin,31,Roger Vadim,Terry Southern|Vittorio Bonicelli|Claude Brulé|Brian Degas|Tudor Gates,Dino De Laurentiis,
71805,Shipwrecked,Stian Smestad|Gabriel Byrne|Louisa Milwood-Haigh|Bjørn Sundquist|Joachim Rafaelsen,16,Nils Gaup,Nils Gaup|Nick Thiel|Bob Foss|Greg Dinner,John M. Jacobsen,Patrick Doyle
9451,Election,Matthew Broderick|Reese Witherspoon|Chris Klein|Jessica Campbell|Mark Harelik,14,Alexander Payne,Jim Taylor|Alexander Payne,Albert Berger|Ron Yerxa|Keith Samples|David Gale,
16727,The Namesake,Kal Penn|Tabu|Irrfan Khan|Sahira Nair|Jacinda Barrett,9,Mira Nair,Sooni Taraporevala,Mira Nair|Lori Keith Douglas|Lydia Dean Pilcher|Yukie Kito|Taizo Son,
272693,The DUFF,Mae Whitman|Robbie Amell|Bella Thorne|Bianca A. Santos|Skyler Samuels,16,Ari Sandel,Josh A. Cagan,McG|Susan Cartsonis|Mary Viola,
10696,Glitter,Mariah Carey|Max Beesley|Terrence Howard|Valarie Pettiford|Padma Lakshmi,9,Vondie Curtis-Hall,Kate Lanier,Laurence Mark,Terence Blanchard
150202,The Haunting in Connecticut 2: Ghosts of Georgia,Chad Michael Murray|Katee Sackhoff|Abigail Spencer|Cicely Tyson|Emily Alyn Lind,7,Tom Elkins,David Coggeshall,,
19644,Silmido,Sol Kyung-gu|Heo Jun-ho|Ahn Sung-Ki|Jung Jae-young|Im Won-hee,8,Kang Woo-Suk,Hie-jae Kim,Kang Woo-Suk|Jonathan Kim,
29963,Bright Star,Abbie Cornish|Ben Whishaw|Paul Schneider|Kerry Fox|Edie Martin,19,Jane Campion,Jane Campion,Jan Chapman|Caroline Hewitt,
26022,My Name Is Khan,Shah Rukh Khan|Kajol|Jimmy Shergill|Zarina Wahab|Tanay Chheda,13,Karan Johar,,Shah Rukh Khan|Karan Johar|Gauri Khan,Shankar Mahadevan|Ehsaan Noorani|Loy Mendonsa
152747,All Is Lost,Robert Redford,1,J.C. Chandor,J.C. Chandor,Anna Gerber|Neal Dodson|Justin Nappi|Teddy Schwarzman,Alex Ebert
62676,Limbo,Mary Elizabeth Mastrantonio|David Strathairn|Vanessa Martinez|Kris Kristofferson,4,John Sayles,John Sayles,,
20360,Namastey London,Akshay Kumar|Katrina Kaif|Rishi Kapoor|Clive Standen|Upen Patel,10,Vipul Amrutlal Shah,Suresh Nair|Ritesh Shah,,
1116,The Wind That Shakes the Barley,Cillian Murphy|Pádraic Delaney|Liam Cunningham|Orla Fitzgerald|Gerard Kearney,11,Ken Loach,Paul Laverty,Rebecca O'Brien,George Fenton
185008,Yeh Jawaani Hai Deewani,Ranbir Kapoor|Deepika Padukone|Kalki Koechlin|Aditya Roy Kapoor|Kunaal Roy Kapur,6,Ayan Mukherjee,Ayan Mukherjee,,
11620,Quo Vadis,Robert Taylor|Deborah Kerr|Leo Genn|Peter Ustinov|Patricia Laffan,76,Mervyn LeRoy|Anthony Mann,John Lee Mahin|S.N. Behrman|Sonya Levien,Sam Zimbalist,Miklós Rózsa
14353,Repo! The Genetic Opera,Alexa PenaVega|Paul Sorvino|Anthony Stewart Head|Sarah Brightman|Paris Hilton,13,Darren Lynn Bousman,,,
11818,Valley of the Wolves: Iraq,Muhammed Necati Şaşmaz|Billy Zane|Ghassan Massoud|Gurkan Uygun|Bergüzar Korel,6,Serdar Akar|Sadullah Şentürk,Bahadir Özdener|Raci Şaşmaz,Raci Şaşmaz,Gökhan Kirdar
680,Pulp Fiction,John Travolta|Samuel L. Jackson|Uma Thurman|Bruce Willis|Ving Rhames,54,Quentin Tarantino,Quentin Tarantino|Roger Avary,Lawrence Bender,
11176,The Muppet Movie,Jim Henson|Frank Oz|Jerry Nelson|Richard Hunt|Dave Goelz,33,James Frawley,Jerry Juhl|Jack Burns,Jim Henson,Paul Williams
242582,Nightcrawler,Jake Gyllenhaal|Rene Russo|Riz Ahmed|Bill Paxton|Kevin Rahm,29,Dan Gilroy,Dan Gilroy,Jake Gyllenhaal|Jennifer Fox|Tony Gilroy|David Lancaster|Michel Litvak,James Newton Howard
11217,Club Dread,Kevin Heffernan|Jay Chandrasekhar|Paul Soter|Erik Stolhanske|Tanja Reichert,10,Jay Chandrasekhar,Jay Chandrasekhar|Steve Lemme|Kevin Heffernan|Erik Stolhanske|Paul Soter,Richard Perello,Nathan Barr
15121,The Sound of Music,Julie Andrews|Christopher Plummer|Eleanor Parker|Richard Haydn|Peggy Wood,21,Robert Wise,Ernest Lehman|Howard Lindsay|Russel Crouse,Robert Wise,Irwin Kostal
2619,Splash,Tom Hanks|Daryl Hannah|Eugene Levy|John Candy|Dody Goodman,13,Ron Howard,Brian Grazer|Lowell Ganz|Babaloo Mandel|Bruce Jay Friedman,Brian Grazer,Lee Holdridge
773,Little Miss Sunshine,Greg Kinnear|Toni Collette|Steve Carell|Paul Dano|Abigail Breslin,27,Jonathan Dayton|Valerie Faris,Michael Arndt,Peter Saraf|Marc Turtletaub|Albert Berger|David T. Friendly|Ron Yerxa,
235,Stand by Me,Wil Wheaton|River Phoenix|Corey Feldman|Jerry O'Connell|Kiefer Sutherland,16,Rob Reiner,Bruce A. Evans|Raynold Gideon,Bruce A. Evans|Raynold Gideon|Andrew Scheinman,Jack Nitzsche
170,28 Days Later,Cillian Murphy|Naomie Harris|Noah Huntley|Christopher Dunne|Emma Hitching,22,Danny Boyle,Alex Garland,Andrew Macdonald,John Murphy
14114,You Got Served,Marques Houston|Omarion|J-Boog|Lil' Fizz|Raz B,6,Chris Stokes,,,
10734,Escape from Alcatraz,Clint Eastwood|Patrick McGoohan|Roberts Blossom|Jack Thibeau|Fred Ward,45,Don Siegel,Richard Tuggle,Don Siegel,
37964,Brown Sugar,Sanaa Lathan|Taye Diggs|Yasiin Bey|Queen Latifah|Nicole Ari Parker,22,Rick Famuyiwa,Michael Elliot,,
28121,A Thin Line Between Love and Hate,Lynn Whitfield|Martin Lawrence|Regina King|Della Reese|Bobby Brown,5,Martin Lawrence,Martin Lawrence|Kim Bass|Bentley Kyle Evans|Kenny Buford,,
40807,50/50,Joseph Gordon-Levitt|Seth Rogen|Anna Kendrick|Bryce Dallas Howard|Anjelica Huston,38,Jonathan Levine,Will Reiser,Seth Rogen|Evan Goldberg|Ben Karlin,Michael Giacchino
10885,Shutter,Joshua Jackson|Rachael Taylor|Megumi Okina|David Denman|Eri Otoguro,15,Masayuki Ochiai,Luke Dawson,Takashige Ichise|Doug Davison|Roy Lee,Nathan Barr
225565,That Awkward Moment,Zac Efron|Miles Teller|Michael B. Jordan|Imogen Poots|Mackenzie Davis,20,Tom Gormican,Tom Gormican,Scott Aversano|Andrew O'Connor|Kevin Turen|Justin Nappi,David Torn
16471,Modern Problems,Chevy Chase|Patti D'Arbanville|Dabney Coleman|Mary Kay Place|Nell Carter,11,Ken Shapiro,Tom Sherohman|Ken Shapiro|Arthur Sellers,Alan Greisman,Dominic Frontiere
385736,Kicks,Mahershala Ali|Kofi Siriboe|Christopher Meyer|Natalie Stephany Aguilar|Christopher Jordan Wallace,11,Justin Tipping,Justin Tipping|Joshua Beirne-Golden,Joshua Astrachan|Erik Rommesmo|Adele Romanski|Michael Angelo Covino|David Kaplan,Brian Reitzell
11971,Much Ado About Nothing,Kenneth Branagh|Richard Briers|Michael Keaton|Robert Sean Leonard|Keanu Reeves,12,Kenneth Branagh,Kenneth Branagh,Kenneth Branagh|David Parfitt|Stephen Evans,
668,On Her Majesty's Secret Service,George Lazenby|Diana Rigg|Telly Savalas|Gabriele Ferzetti|Ilse Steppat,23,Peter R. Hunt,Richard Maibaum,Albert R. Broccoli|Harry Saltzman|Stanley Sopel,John Barry
11596,New Nightmare,Heather Langenkamp|Robert Englund|Miko Hughes|Wes Craven|David Newsom,42,Wes Craven,Wes Craven,Marianne Maddalena,J. Peter Robinson
14429,Drive Me Crazy,Melissa Joan Hart|Stephen Collins|Adrian Grenier|Susan May Pratt|Ali Larter,12,John Schultz,Robert Thomas,,
13751,Akeelah and the Bee,Keke Palmer|Laurence Fishburne|Angela Bassett|Curtis Armstrong|J.R. Villarreal,29,Doug Atchison,Doug Atchison,Nancy Hult Ganis,Aaron Zigman
9490,Half Baked,Dave Chappelle|Tommy Chong|Harland Williams|Guillermo Díaz|Jim Breuer,12,Tamra Davis,Dave Chappelle|Neal Brennan,Dave Chappelle|Robert Simonds,Alf Clausen
14536,New in Town,Renée Zellweger|Harry Connick Jr.|J.K. Simmons|Siobhan Fallon|Mike O'Brien,18,Jonas Elmer,C. Jay Cox|Ken Rance,Jeff Levine|Paul Brooks|Jonathan Shore|Peter Safran|Tracey Edmonds,John Swihart
1359,American Psycho,Christian Bale|Willem Dafoe|Jared Leto|Josh Lucas|Samantha Mathis,19,Mary Harron,Mary Harron|Guinevere Turner,Christian Halsey Solomon|Chris Hanley|Edward R. Pressman,
9962,The Good Girl,Jennifer Aniston|Jake Gyllenhaal|Zooey Deschanel|John C. Reilly|Deborah Rush,20,Miguel Arteta,,Gina Kwon|Shelly Glasser|Matthew Greenfield,Mark Orton|Tony Maxwell|Joey Waronker
15049,Bon Cop Bad Cop,Patrick Huard|Colm Feore|Michel Beaudry|Patrice Bélanger|Hugolin Chevrette-Landesque,14,Erik Canuel,Kevin Tierney|Leila Basen,Kevin Tierney,Michel Corriveau
22821,The Boondock Saints II: All Saints Day,Sean Patrick Flanery|Norman Reedus|Billy Connolly|Clifton Collins Jr|Julie Benz,66,Troy Duffy,Troy Duffy|Troy Duffy|Taylor Duffy,Don Carmody|Chris Brinker,Jeff Danna
42819,The City of Your Final Destination,Nicholas Blandullo|Sofia Viruboff|Omar Metwally|Alexandra Maria Lara|Charlotte Gainsbourg,11,James Ivory,Ruth Prawer Jhabvala,Pierre Proner|Paul Bradley,
209263,Enough Said,Julia Louis-Dreyfus|Catherine Keener|James Gandolfini|Toni Collette|Ben Falcone,20,Nicole Holofcener,Nicole Holofcener,Anthony Bregman|Stefanie Azpiazu,Marcelo Zarvos
37735,Easy A,Emma Stone|Stanley Tucci|Amanda Bynes|Cam Gigandet|Lisa Kudrow,55,Will Gluck,Bert V. Royal,Zanne Devine|Will Gluck,
59930,The Inkwell,Larenz Tate|Joe Morton|Suzzanne Douglas|Glynn Turman|Vanessa Bell Calloway,9,Matty Rich,,,
10873,Shadow of the Vampire,John Malkovich|Willem Dafoe|Udo Kier|Cary Elwes|Catherine McCormack,15,E. Elias Merhige,Steven Katz,Nicolas Cage,Dan Jones
51588,Prom,Aimee Teegarden|Thomas McDonell|Nicholas Braun|Faith Ford|Danielle Campbell,22,Joe Nussbaum,Katie Wech,Ted Griffin|Justin Springer,Deborah Lurie
23570,The Pallbearer,David Schwimmer|Gwyneth Paltrow|Michael Rapaport|Toni Collette|Carol Kane,12,Matt Reeves,Matt Reeves|Jason Katims,J.J. Abrams|Jason Katims,Stewart Copeland
19489,Held Up,Jamie Foxx|Nia Long|Barry Corbin|John Cullum|Jake Busey,25,Steve Rash,Erik Fleming|Jeff Eastin|Jeff Eastin,,
14629,Woman on Top,Penélope Cruz|Murilo Benicio|Mark Feuerstein|John de Lancie|Anne Ramsay,7,Fina Torres,Vera Blasi,,
8293,Howards End,Vanessa Redgrave|Helena Bonham Carter|Emma Thompson|Prunella Scales|Anthony Hopkins,13,James Ivory,Ruth Prawer Jhabvala,Ismail Merchant,Richard Robbins
291270,Anomalisa,David Thewlis|Jennifer Jason Leigh|Tom Noonan,3,Charlie Kaufman|Duke Johnson,Charlie Kaufman,,Carter Burwell
44009,Another Year,Jim Broadbent|Lesley Manville|Ruth Sheen|Oliver Maltman|Peter Wight,14,Mike Leigh,Mike Leigh,Georgina Lowe,Gary Yershon
1958,8 Women,Catherine Deneuve|Isabelle Huppert|Emmanuelle Béart|Fanny Ardant|Virginie Ledoyen,9,François Ozon,François Ozon,,
13154,Showdown in Little Tokyo,Dolph Lundgren|Brandon Lee|Cary-Hiroyuki Tagawa|Tia Carrere|Philip Tan,14,Mark L. Lester,Stephen Glantz|Caliope Brattlestreet,Mark L. Lester|Martin E. Caan,
26618,Clay Pigeons,Joaquin Phoenix|Vince Vaughn|Janeane Garofalo|Gregory Sporleder|Georgina Cates,8,David Dobkin,Matthew L. Healy,,
43923,It's Kind of a Funny Story,Keir Gilchrist|Emma Roberts|Zach Galifianakis|Viola Davis|Zoë Kravitz,28,Ryan Fleck|Anna Boden,Ryan Fleck|Anna Boden,Kevin Misher|Ben Browning,
46138,Made in Dagenham,Sally Hawkins|Bob Hoskins|Miranda Richardson|Geraldine James|Simon Nehan,39,Nigel Cole,William Ivory,Stephen Woolley|Elizabeth Karlsen,David Arnold
45791,When Did You Last See Your Father?,Jim Broadbent|Colin Firth|Juliet Stevenson|Gina McKee|Sarah Lancashire,19,Anand Tucker,David Nicholls,,Barrington Pheloung
26306,Prefontaine,Jared Leto|R. Lee Ermey|Ed O'Neill|Breckin Meyer|Lindsay Crouse,7,Steve James,Steve James,,
110683,The Wicked Lady,Faye Dunaway|John Gielgud|Denholm Elliott|Alan Bates|Prunella Scales,16,Michael Winner,Michael Winner|Leslie Arliss,Menahem Golan|Yoram Globus,
26963,The Secret of Kells,Evan McGuire|Christen Mooney|Brendan Gleeson|Mick Lally|Liam Hourican,8,Tomm Moore|Nora Twomey,Fabrice Ziolkowski|Fabrice Ziolkowski,Didier Brunner|Viviane Vanfleteren|Paul Young,Bruno Coulais
198277,Begin Again,Mark Ruffalo|Keira Knightley|Adam Levine|Hailee Steinfeld|Catherine Keener,47,John Carney,John Carney,Anthony Bregman|Tobin Armbrust,Gregg Alexander
7870,Down in the Valley,Edward Norton|Evan Rachel Wood|David Morse|Rory Culkin|Bruce Dern,15,David Jacobson,,Edward Norton|Holly Wiersma|Stavros Merjos|Adam Rosenfelt,Peter Salett
13072,Brooklyn Rules,Alec Baldwin|Paulo Araujo|Daniel Tay|Ty Thomas Reed|Brian O'Neill,11,Michael Corrente,Terence Winter,,
153397,Restless,Hayley Atwell|Rufus Sewell|Michelle Dockery|Michael Gambon|Charlotte Rampling,15,Edward Hall,William Boyd,,
30141,The Singing Detective,Robert Downey Jr.|Robin Wright|Mel Gibson|Jeremy Northam|Katie Holmes,13,Keith Gordon,Dennis Potter,Mel Gibson|Bruce Davey|Steven Haft,
17044,The Land Girls,Catherine McCormack|Rachel Weisz|Anna Friel|Paul Bettany|Steven Mackintosh,5,David Leland,,,
10288,Fido,Billy Connolly|Carrie-Anne Moss|Dylan Baker|Kesun Loder|Henry Czerny,15,Andrew Currie,Andrew Currie|Robert Chomiak|Dennis Heaton,Blake Corbet|Mary Anne Waterhouse,Don MacDonald
12183,The Wendell Baker Story,Luke Wilson|Eva Mendes|Jacob Vargas|Owen Wilson|Kris Kristofferson,21,Luke Wilson|Andrew Wilson,,Mark Johnson|Luke Wilson|David L. Bushell|Wolfgang Schamburg,Aaron Zigman
44147,Wild Target,Bill Nighy|Emily Blunt|Rupert Grint|Rupert Everett|Eileen Atkins,14,Jonathan Lynn,Pierre Salvadori|Lucinda Coxon,,Michael Price
12192,Pathology,Milo Ventimiglia|Alyssa Milano|Michael Weston|Lauren Lee Smith|Johnny Whitworth,7,Marc Schölermann,Brian Taylor|Mark Neveldine,Tom Rosenberg|Gary Lucchesi|Marcus Gilbert|Mark Neveldine,Johannes Kobilke
36597,Wuthering Heights,Tom Hardy|Charlotte Riley|Andrew Lincoln|Sarah Lancashire|Burn Gorman,20,Coky Giedroyc,,,
13197,10th & Wolf,James Marsden|Brian Dennehy|Leo Rossi|Dennis Hopper|Giovanni Ribisi,13,Robert Moresco,Robert Moresco|Allan Steele,,
10913,Dear Wendy,Jamie Bell|Bill Pullman|Michael Angarano|Danso Gordon|Alison Pill,8,Thomas Vinterberg,Lars von Trier,Sisse Graum Jørgensen,Benjamin Wallfisch
251321,Aloft,Jennifer Connelly|Mélanie Laurent|Cillian Murphy|William Shimell|Zen McGrath,11,Claudia Llosa,Claudia Llosa,,
149,Akira,Mitsuo Iwata|Nozomu Sasaki|Mami Koyama|Tesshou Genda|Hiroshi Ohtake,12,Katsuhiro Ōtomo,Katsuhiro Ōtomo|Izo Hashimoto,Haruyo Kanesaku|Shunzo Kato|Yutaka Maseba|Hiroe Tsukamoto|Yoshimasa Mizuo,Shoji Yamashiro
10425,The Death and Life of Bobby Z,Paul Walker|Laurence Fishburne|Olivia Wilde|Jason Lewis|Michael Bowen,23,John Herzfeld,,Paul Walker|Matt Luber|Peter Schlessel|Stan Erdreich|Larry Schapiro,Tim Jones
49081,The Rocket: The Legend of Rocket Richard,Roy Dupuis|Michel Barrette|Rémy Girard|Tony Calabretta|Sean Avery,8,Charles Binamé,,,
256687,Swelter,Jean-Claude Van Damme|Brad Carter|Josh Henderson|Alfred Molina|Lennie James,8,Keith Parmer,Keith Parmer,Eleonore Dailly|Chris Ranta,
220488,My Lucky Star,Zhang Ziyi|Leehom Wang|Ruby Lin|Yao Chen|Ada Choi,16,Dennie Gordon,Chris Chow|Dennie Gordon|Ming Beaver Kwei|Amy Snow|Amy Snow,Zhang Ziyi|William Cheng|Second Chan|Ryan Wong|Ling Lucas,Nathan Wang
1544,Imagine Me & You,Piper Perabo|Lena Headey|Matthew Goode|Celia Imrie|Darren Boyd,15,Ol Parker,,Andro Steinborn|Sophie Balhetchet|Barnaby Thompson,Alex Heffes
374461,Mr. Church,Eddie Murphy|Britt Robertson|Natascha McElhone|Xavier Samuel|Lucy Fry,11,Bruce Beresford,Susan McMartin,Mark Canton|Courtney Solomon|David Buelow|Lee Nelson,Mark Isham
302,Swimming Pool,Charlotte Rampling|Ludivine Sagnier|Charles Dance|Jean-Marie Lamour|Marc Fayolle,10,François Ozon,François Ozon|Emmanuèle Bernheim,Timothy Burrill|Olivier Delbosc|Marc Missonnier,Philippe Rombi
182873,Green Street Hooligans: Underground,Scott Adkins|Joey Ansah|Kacey Clarke|Mark Wingett|Roberta Taylor,24,James Nunn,Ronnie Thompson,James Harris|Ronnie Thompson|Nicola Pearcey|Mark Lane,
21512,The Blood of Heroes,Rutger Hauer|Joan Chen|Delroy Lindo|Anna Katarina|Vincent D'Onofrio,13,David Webb Peoples,David Webb Peoples,Charles Roven,Todd Boekelheide
389425,Code of Honor,Steven Seagal|Craig Sheffer|Louis Mandylor|Helena Mattsson|Griff Furst,12,Michael Winnick,Michael Winnick,Ryan Noto,
403,Driving Miss Daisy,Morgan Freeman|Jessica Tandy|Dan Aykroyd|Patti LuPone|Esther Rolle,16,Bruce Beresford,Alfred Uhry,Richard D. Zanuck|Alfred Uhry|Robert Doudell|Lili Fini Zanuck,Hans Zimmer
29461,Soul Food,Vivica A. Fox|Nia Long|Michael Beach|Mekhi Phifer|Brandon Hammond,14,"George Tillman, Jr.","George Tillman, Jr.",,
33542,Rumble in the Bronx,Jackie Chan|Anita Mui|Françoise Yip|Bill Tung|Marc Akerstream,9,Stanley Tong,Edward Tang|Fibe Ma,Barbie Tung,
283708,Far from Men,Viggo Mortensen|Reda Kateb|Djemel Barek|Vincent Martin|Nicolas Giraud,11,David Oelhoffen,David Oelhoffen|Albert Camus,Matthew Gledhill|Marc Du Pontavice|Olivier Charvet,
9388,Thank You for Smoking,Aaron Eckhart|Maria Bello|Cameron Bright|Adam Brody|Sam Elliott,45,Jason Reitman,Jason Reitman,David O. Sacks,Rolfe Kent
1691,Hostel: Part II,Lauren German|Bijou Phillips|Heather Matarazzo|Richard Burgi|Roger Bart,20,Eli Roth,Eli Roth,Chris Briggs|Mike Fleiss|Eli Roth,Nathan Barr
24684,An Education,Carey Mulligan|Olivia Williams|Peter Sarsgaard|Alfred Molina|Cara Seymour,29,Lone Scherfig,Nick Hornby,,
2610,Shopgirl,Steve Martin|Claire Danes|Jason Schwartzman|Bridgette Wilson|Frances Conroy,11,Anand Tucker,,Steve Martin|Ashok Amritraj|Jon Jashni,Barrington Pheloung
11308,The Hotel New Hampshire,Rob Lowe|Jodie Foster|Paul McCrane|Beau Bridges|Seth Green,9,Tony Richardson,Tony Richardson,Neil Hartley,
11022,Narc,Jason Patric|Ray Liotta|Chi McBride|Busta Rhymes|Lloyd Adams,12,Joe Carnahan,Joe Carnahan,Ray Liotta|Diane Nabatoff|Julius R. Nasso|Michelle Grace,Cliff Martinez
34341,Men with Brooms,Paul Gross|Molly Parker|Leslie Nielsen|Polly Shannon|Peter Outerbridge,12,Paul Gross,,,
15365,Witless Protection,Larry the Cable Guy|Ivana Miličević|Jenny McCarthy|Yaphet Kotto|Peter Stormare,8,Charles Robert Carner,Charles Robert Carner,,
36046,The Work and the Glory,Sam Hennings|Brenda Strong|Eric Johnson|Alexander Carroll|Tiffany Dupont,7,Russell Holt,,,
12569,Extract,Jason Bateman|Mila Kunis|Kristen Wiig|Ben Affleck|J.K. Simmons,25,Mike Judge,Mike Judge,Michael Rotenberg|John Altschuler,
24356,Masked and Anonymous,Bob Dylan|Jeff Bridges|Penélope Cruz|John Goodman|Jessica Lange,21,Larry Charles,Bob Dylan|Larry Charles,,
55903,Betty Fisher and Other Stories,Sandrine Kiberlain|Nicole Garcia|Mathilde Seigner|Luck Mervil|Stéphane Freiss,18,Claude Miller,Claude Miller,Annie Miller|Yves Marmion|Nicole Robert,
2577,Code 46,Tim Robbins|Samantha Morton|Nabil Elouahabi|Om Puri|Emil Marwa,20,Michael Winterbottom,Frank Cottrell Boyce,Andrew Eaton,David Holmes|Stephen Hilton
103903,Outside Bet,Bob Hoskins|Jenny Agutter|Phil Davis|Vincent Regan|Calum MacNab,26,Sacha Bennett,Nigel Smith,,
73873,Albert Nobbs,Glenn Close|Mia Wasikowska|Aaron Taylor-Johnson|Pauline Collins|Brendan Gleeson,16,Rodrigo García,Glenn Close|John Banville|Gabriella Prekop,Glenn Close|Bonnie Curtis|Julie Lynn|Alan Moloney,
312113,Black November,Razaaq Adoti|Sarah Wayne Callies|Mickey Rourke|Kim Basinger|Anne Heche,20,Jeta Amata,Jeta Amata,,
14165,Ta Ra Rum Pum,Saif Ali Khan|Rani Mukerji|Angelina Idnani|Angelina Idnani|Master Ali Haji,11,Siddharth Anand,Siddharth Anand|Habib Faisal,Aditya Chopra,
2011,Persepolis,Chiara Mastroianni|Danielle Darrieux|Catherine Deneuve|Simon Abkarian|Gabrielle Lopes Benites,11,Vincent Paronnaud|Marjane Satrapi,Vincent Paronnaud|Marjane Satrapi,Kathleen Kennedy|Xavier Rigault|Marc-Antoine Robert,Olivier Bernet
45650,The Hole,Chris Massoglia|Haley Bennett|Nathan Gamble|Bruce Dern|Teri Polo,13,Joe Dante,Mark L. Smith,Claudio Fäh|David Lancaster|Michel Litvak,
7735,The Wave,Jürgen Vogel|Frederick Lau|Max Riemelt|Jennifer Ulrich|Christiane Paul,31,Dennis Gansel,Peter Thorwarth|Dennis Gansel,Christian Becker,Heiko Maile
301365,The Neon Demon,Elle Fanning|Karl Glusman|Jena Malone|Bella Heathcote|Abbey Lee,16,Nicolas Winding Refn,Nicolas Winding Refn|Nicolas Winding Refn|Polly Stenham|Mary Laws,Vincent Maraval|Nicolas Winding Refn|Lene Børglum|Sidonie Dumas,Cliff Martinez
25941,Harry Brown,Michael Caine|Emily Mortimer|Iain Glen|Lee Oakes|Liam Cunningham,34,Daniel Barber,Gary Young,Matthew Vaughn|Matthew Brown|Keith Bell|Kris Thykier,Martin Phipps|Ruth Barrett
29064,The Omega Code,Casper Van Dien|Michael York|Catherine Oxenberg|Michael Ironside|Jan Tříska,5,Robert Marcarelli,Stephan Blinn|Hollis Barton,Lawrence Mortorff|Stephan Blinn|Matthew Crouch|Gary M. Bettman,Harry Manfredini
7326,Juno,Ellen Page|Michael Cera|Jennifer Garner|Jason Bateman|Allison Janney,30,Jason Reitman,Diablo Cody,John Malkovich|Jim Miller|Brad Van Arragon|Lianne Halfon|Mason Novick,Mateo Messina
326284,Pound of Flesh,Jean-Claude Van Damme|John Ralston|Darren Shahlavi|Aki Aleong|Jason Tobin,8,Ernie Barbarash,Joshua James,Henry Luk,
681,Diamonds Are Forever,Sean Connery|Jill St. John|Charles Gray|Lana Wood|Jimmy Dean,23,Guy Hamilton,Tom Mankiewicz|Richard Maibaum,Albert R. Broccoli|Harry Saltzman|Stanley Sopel,John Barry|Monty Norman
238,The Godfather,Marlon Brando|Al Pacino|James Caan|Richard S. Castellano|Robert Duvall,58,Francis Ford Coppola,Francis Ford Coppola|Mario Puzo,Albert S. Ruddy,Nino Rota
535,Flashdance,Jennifer Beals|Michael Nouri|Lilia Skala|Kyle T. Heffner|Sunny Johnson,26,Adrian Lyne,Joe Eszterhas|Thomas Hedley Jr.|Thomas Hedley Jr.,Jerry Bruckheimer|Don Simpson,Giorgio Moroder
19913,(500) Days of Summer,Joseph Gordon-Levitt|Zooey Deschanel|Chloë Grace Moretz|Geoffrey Arend|Matthew Gray Gubler,23,Marc Webb,Scott Neustadter|Michael H. Weber,Steven J. Wolfe|Mason Novick|Mark Waters|Jessica Tuchinsky,Mychael Danna|Rob Simonsen
713,The Piano,Holly Hunter|Harvey Keitel|Sam Neill|Anna Paquin|Cliff Curtis,15,Jane Campion,Jane Campion,Mark Turnbull|Alain Depardieu,Michael Nyman
77930,Magic Mike,Channing Tatum|Matthew McConaughey|Alex Pettyfer|Cody Horn|Olivia Munn,84,Steven Soderbergh,Reid Carolin,Nick Wechsler|Channing Tatum|Gregory Jacobs|Reid Carolin,
10727,Darkness Falls,Chaney Kley|Emma Caulfield|Lee Cormie|Grant Piro|Sullivan Stapleton,10,Jonathan Liebesman,James Vanderbilt|John Fasano|Joe Harris,William Sherak|Jason Shuman|John Fasano|John Hegeman,Brian Tyler
253,Live and Let Die,Roger Moore|Yaphet Kotto|Jane Seymour|Clifton James|Julius Harris,15,Guy Hamilton,Tom Mankiewicz,Albert R. Broccoli|Harry Saltzman,George Martin
17908,My Dog Skip,Frankie Muniz|Diane Lane|Kevin Bacon|Luke Wilson|Chaon Cross,6,Jay Russell,Gail Gilchriest,,
8390,"Definitely, Maybe",Ryan Reynolds|Abigail Breslin|Elizabeth Banks|Isla Fisher|Rachel Weisz,15,Adam Brooks,Adam Brooks,Tim Bevan|Eric Fellner,Clint Mansell
57119,Jumping the Broom,Paula Patton|Julie Bowen|Meagan Good|Mike Epps|Angela Bassett,11,Salim Akil,Arlene Gibbs|Elizabeth Hunter,Tracey Edmonds|T.D. Jakes,
3291,"Good Night, and Good Luck.",David Strathairn|Jeff Daniels|Alex Borstein|Rose Abdoo|Dianne Reeves,21,George Clooney,George Clooney|Grant Heslov,Grant Heslov,
398,Capote,Philip Seymour Hoffman|Allie Mickelson|Craig Archibald|Bronwen Coleman|Kate Shindle,17,Bennett Miller,Dan Futterman,Caroline Baron|Michael Ohoven|William Vince,Mychael Danna
8068,Desperado,Antonio Banderas|Salma Hayek|Joaquim de Almeida|Cheech Marin|Steve Buscemi,16,Robert Rodriguez,Robert Rodriguez,Robert Rodriguez|Bill Borden,
10803,Logan's Run,Michael York|Richard Jordan|Jenny Agutter|Roscoe Lee Browne|Farrah Fawcett,19,Michael Anderson,David Zelag Goodman,Saul David,Jerry Goldsmith
682,The Man with the Golden Gun,Roger Moore|Christopher Lee|Britt Ekland|Maud Adams|Hervé Villechaize,16,Guy Hamilton,Tom Mankiewicz|Richard Maibaum,Albert R. Broccoli|Harry Saltzman|Charles Orme,John Barry|Monty Norman
10117,Action Jackson,Carl Weathers|Craig T. Nelson|Vanity|Sharon Stone|Thomas F. Wilson,19,Craig R. Baxley,Robert Reneau,Joel Silver,Michael Kamen|Herbie Hancock
9392,The Descent,Shauna Macdonald|Natalie Mendoza|Alex Reid|Saskia Mulder|MyAnna Buring,10,Neil Marshall,,Christian Colson,David Julyan
24977,Michael Jordan to the Max,Michael Jordan|Phil Jackson|Bob Costas|Bill Murray|Laurence Fishburne,8,James D. Stern|Don Kempf,Jonathan Hock,,
79316,Devil's Due,Allison Miller|Zach Gilford|Sam Anderson|Robert Belushi|Catherine Kresge,16,Matt Bettinelli-Olpin|Tyler Gillett,Lindsay Devlin,John Davis,
2074,Flirting with Disaster,Ben Stiller|Patricia Arquette|Téa Leoni|Mary Tyler Moore|Alan Alda,25,David O. Russell,David O. Russell,Dean Silvers,Stephen Endelman
1696,The Devil's Rejects,Sid Haig|Bill Moseley|Sheri Moon Zombie|William Forsythe|Ken Foree,27,Rob Zombie,Rob Zombie,Michael Ohoven|Rob Zombie|Mike Elliott|Andy Gould|Marco Mehlitz,
308639,Dope,Shameik Moore|Kiersey Clemons|Tony Revolori|Zoë Kravitz|Chanel Iman,20,Rick Famuyiwa,Rick Famuyiwa,,Germaine Franco
22314,In Too Deep,Omar Epps|LL Cool J|Nia Long|Stanley Tucci|Hill Harper,10,Michael Rymer,Michael Henry Brown|Paul Aaron,,
2662,House of 1000 Corpses,Sid Haig|Bill Moseley|Sheri Moon Zombie|Karen Black|Erin Daniels,27,Rob Zombie,Rob Zombie,Andy Gould,Rob Zombie|Scott Humphrey
77156,Alien Zone,John Ericson|Ivor Francis|Judith Novgrod|Burr DeBenning|Charles Aidman,7,Sharron Miller,David O'Malley,William Jackson,Stan Worth
12573,A Serious Man,Michael Stuhlbarg|Richard Kind|Fred Melamed|Sari Lennick|Aaron Wolff,18,Joel Coen|Ethan Coen,Joel Coen|Ethan Coen,Joel Coen|Ethan Coen,Carter Burwell
44718,Get Low,Bill Murray|Sissy Spacek|Robert Duvall|Lucas Black|Bill Cobbs,8,Aaron Schneider,C. Gaby Mitchell|Chris Provenzano,,Jan A.P. Kaczmarek
11342,Warlock,Julian Sands|Lori Singer|Richard E. Grant|Mary Woronov|Kevin O'Brien,11,Steve Miner,David Twohy,Roger Corman|Steve Miner,Jerry Goldsmith
241771,Beyond the Lights,Gugu Mbatha-Raw|Nate Parker|Minnie Driver|Machine Gun Kelly|Danny Glover,42,Gina Prince-Bythewood,Gina Prince-Bythewood,Stephanie Allain|Ryan Kavanaugh|Reggie Rock Bythewood|Amar'e Stoudemire,
34653,A Single Man,Colin Firth|Julianne Moore|Nicholas Hoult|Matthew Goode|Jon Kortajarena,22,Tom Ford,Tom Ford|David Scearce,Chris Weitz|Robert Salerno|Andrew Miano|Tom Ford,Abel Korzeniowski
11051,The Last Temptation of Christ,Willem Dafoe|Harvey Keitel|Barbara Hershey|David Bowie|Harry Dean Stanton,15,Martin Scorsese,Paul Schrader,Barbara De Fina,Peter Gabriel
14578,Outside Providence,Shawn Hatosy|Amy Smart|Alec Baldwin|Jon Abrahams|Richard Jenkins,12,Michael Corrente,,,
57825,Bride & Prejudice,Aishwarya Rai Bachchan|Martin Henderson|Naveen Andrews|Daniel Gillies|Indira Varma,15,Gurinder Chadha,Gurinder Chadha|Paul Mayeda Berges,,
9555,Rabbit-Proof Fence,Everlyn Sampi|Tianna Sansbury|Laura Monaghan|Kenneth Branagh|David Gulpilil,11,Phillip Noyce,Christine Olsen,Phillip Noyce|Christine Olsen|John Winter,Peter Gabriel
15581,Who's Your Caddy?,Mick Partridge|Big Boi|Sherri Shepherd|Lil Wayne|Andy Milonakis,11,Don Michael Paul,Don Michael Paul|Bradley Allenstein|Robert Henny,,
13006,Split Second,Rutger Hauer|Kim Cattrall|Michael J. Pollard|Alastair Duncan|Alun Armstrong,22,Tony Maylam,Gary Scott Thompson,Laura Gregory,Francis Haines|Stephen W. Parsons
16651,The Other Side of Heaven,Christopher Gorham|Anne Hathaway|Joe Folau|Miriama Smith,4,Mitch Davis,Mitch Davis,,
4251,Veer-Zaara,Shah Rukh Khan|Preity Zinta|Rani Mukerji|Amitabh Bachchan|Hema Malini,13,Yash Chopra,Aditya Chopra,Yash Chopra|Aditya Chopra,Sanjeev Kohli
12400,Redbelt,Chiwetel Ejiofor|Tim Allen|Alice Braga|Jose Pablo Cantillo|Randy Couture,22,David Mamet,David Mamet,,
39053,Cyrus,John C. Reilly|Jonah Hill|Marisa Tomei|Catherine Keener|Matt Walsh,11,Jay Duplass|Mark Duplass,Jay Duplass|Mark Duplass,Michael Costigan,Michael Andrews
104896,A Dog Of Flanders,Jack Warden|Jeremy James Kissner|Jesse James|Jon Voight|Cheryl Ladd,9,Kevin Brodie,,,
14112,Auto Focus,Greg Kinnear|Willem Dafoe|Rita Wilson|Maria Bello|Ron Leibman,15,Paul Schrader,Michael Gerbosi,,
12271,Factory Girl,Sienna Miller|Guy Pearce|Hayden Christensen|Mena Suvari|Jimmy Fallon,33,George Hickenlooper,Captain Mauzner,,Ed Shearmur
71859,We Need to Talk About Kevin,John C. Reilly|Tilda Swinton|Ezra Miller|Siobhan Fallon|Jasper Newell,10,Lynne Ramsay,Lynne Ramsay|Rory Stewart Kinnear,Jennifer Fox|Robert Salerno|Luc Roeg,Jonny Greenwood
226354,The Christmas Candle,Hans Matheson|Samantha Barks|Lesley Manville|Sylvester McCoy|James Cosmo,10,John Stephenson,Eric Newman|Candace Lee,Hannah Leader|Tom Newman,
48620,The Mighty Macs,Carla Gugino|Ellen Burstyn|Marley Shelton|David Boreanaz|Jennifer Butler,5,Tim Chambers,,,
33676,Losin' It,"Tom Cruise|Jackie Earle Haley|John Stockwell|John P. Navin, Jr.|Shelley Long",15,Curtis Hanson,Bill L. Norton|Bill L. Norton|Bryan Gindoff,Bryan Gindoff|Hannah Hempstead,Kenneth Wannberg
37080,Mother and Child,Naomi Watts|Samuel L. Jackson|Annette Bening|Carla Gallo|Kerry Washington,21,Rodrigo García,Rodrigo García,,
25388,March or Die,Gene Hackman|Terence Hill|Catherine Deneuve|Ian Holm|Jack O'Halloran,17,Dick Richards,David Zelag Goodman|David Zelag Goodman|Dick Richards,Jerry Bruckheimer|Dick Richards|Patrick Guide|Georges-Patrick Salvy-Guide,Maurice Jarre
11687,The Visitors,Jean Reno|Valérie Lemercier|Christian Clavier|Marie-Anne Chazel|Christian Bujeau,15,Jean-Marie Poiré,Christian Clavier|Jean-Marie Poiré,Alain Terzian,
39210,Somewhere,Stephen Dorff|Chris Pontius|Erin Wasson|Alexandra Williams|Nathalie Fay,21,Sofia Coppola,Sofia Coppola,Sofia Coppola|G. Mac Brown|Roman Coppola,
30128,I Hope They Serve Beer in Hell,Matt Czuchry|Jesse Bradford|Marika Dominczyk|Traci Lords|Geoff Stults,9,Bob Gosse,Tucker Max,Richard Kelly|Tucker Max,
31535,Chairman of the Board,Scott 'Carrot Top' Thompson|Courtney Thorne-Smith|Larry Miller|Jack Warden|M. Emmet Walsh,9,Alex Zamm,,,
44835,Hesher,Joseph Gordon-Levitt|Natalie Portman|Rainn Wilson|Audrey Wasilewski|Frank Collison,11,Spencer Susser,David Michôd|Spencer Susser|Brian Charles Frank,Natalie Portman|Lucy Cooper|Spencer Susser|Scott Prisand|Matt Weaver,
192134,Dom Hemingway,Jude Law|Demián Bichir|Richard E. Grant|Matthew C. Martino|Emilia Clarke,12,Richard Shepard,Richard Shepard,,Rolfe Kent
1956,Gerry,Casey Affleck|Matt Damon,2,Gus Van Sant,Matt Damon|Casey Affleck|Gus Van Sant,Dany Wolf,Arvo Pärt
24985,The Heart of Me,Helena Bonham Carter|Olivia Williams|Paul Bettany|Eleanor Bron|Tom Ward,11,Thaddeus O'Sullivan,,,
306745,Freeheld,Julianne Moore|Ellen Page|Steve Carell|Michael Shannon|Luke Grimes,29,Peter Sollett,Ron Nyswaner,,
47088,The Extra Man,Kevin Kline|Paul Dano|Katie Holmes|John C. Reilly|Dan Hedaya,16,Shari Springer Berman|Robert Pulcini,Robert Pulcini|Jonathan Ames,Anthony Bregman|Stephanie Davis,Klaus Badelt
110402,Hard to Be a God,Leonid Yarmolnik|Yuriy Tsurilo|Natalya Moteva|Aleksandr Chutko|Aleksandr Ilin,8,Aleksey German,,Leonid Yarmolnik|Viktor Izvekov,Viktor Lebedev
27004,Ca$h,Sean Bean|Chris Hemsworth|Victoria Profeta|Thampy Antony|Mike Starr,12,Stephen Milburn Anderson,Stephen Milburn Anderson,Stephen Milburn Anderson|Naveen Chathappuram,Jesse Voccia
15013,Wah-Wah,Gabriel Byrne|Emily Watson|Julie Walters|Nicholas Hoult|Miranda Richardson,22,Richard E. Grant,Richard E. Grant,Jeff Abberley|Marie-Castille Mention-Schaar|Pierre Kubel|Chris Curling,
8374,The Boondock Saints,Willem Dafoe|Norman Reedus|Sean Patrick Flanery|David Della Rocco|David Ferry,15,Troy Duffy,Troy Duffy,Elie Samaha|Lloyd Segan|Chris Brinker|Robert N. Fried,Jeff Danna
277519,Z Storm,Louis Koo|Gordon Lam Ka-Tung|Dada Chan|Janelle Sing|Michael Wong,23,David Lam,David Lam|Wong Ho-Wa,John Chong|Ren Yue,
78381,Twixt,Val Kilmer|Bruce Dern|Ben Chaplin|Elle Fanning|Joanne Whalley,11,Francis Ford Coppola,Francis Ford Coppola|Francis Ford Coppola,Francis Ford Coppola,Osvaldo Golijov|Dan Deacon
164372,The Snow Queen,Ivan Okhlobystin|Dmitriy Nagiev|Lyudmila Artemeva|Anna Ardova|Elizaveta Arzamasova,5,Vladlen Barbe|Maksim Sveshnikov,Vladlen Barbe|Maksim Sveshnikov,,
294512,Alpha and Omega: The Legend of the Saw Tooth Cave,Dee Dee Greene|Ben Diskin|Lindsay Torrance|Kate Higgins|Christopher Corey Smith,5,Richard Rich,,,
8879,Pale Rider,Clint Eastwood|Michael Moriarty|Carrie Snodgress|Chris Penn|Richard Dysart,13,Clint Eastwood,Dennis Shryack|Michael Butler,Clint Eastwood,Lennie Niehaus
13001,Stargate: The Ark of Truth,Ben Browder|Amanda Tapping|Christopher Judge|Michael Shanks|Beau Bridges,10,Robert C. Cooper,Robert C. Cooper,Brad Wright|Robert C. Cooper|John G. Lenic|Allison Volk,
9571,Dazed and Confused,Jason London|Rory Cochrane|Wiley Wiggins|Sasha Jenson|Michelle Burke,17,Richard Linklater,Richard Linklater,Richard Linklater|Sean Daniel|James Jacks,
13649,High School Musical 2,Zac Efron|Vanessa Hudgens|Ashley Tisdale|Lucas Grabeel|Corbin Bleu,17,Kenny Ortega,,Bill Borden|Kenny Ortega,
325373,Two Lovers and a Bear,Dane DeHaan|Tatiana Maslany|Gordon Pinsent|John Ralston|Joel Gagne,19,Kim Nguyen,Kim Nguyen,,
334527,Criminal Activities,Dan Stevens|John Travolta|Michael Pitt|Jackie Earle Haley|Travis Aaron Wade,24,Jackie Earle Haley,Robert Lowell,Wayne Allan Rice|Howard Burd|Micah Sparks,Keefus Ciancia
2211,Aimee & Jaguar,Maria Schrader|Juliane Köhler|Johanna Wokalek|Heike Makatsch|Elisabeth Degen,16,Max Färberböck,Max Färberböck|Rona Munro,Günter Rohrbach|Hanno Huth,Jan A.P. Kaczmarek
13919,The Chumscrubber,Jamie Bell|Camilla Belle|Justin Chatwin|Glenn Close|Kathi Copeland,28,Arie Posin,Arie Posin|Zac Stanford,Lawrence Bender|Bonnie Curtis|Susanne Bohnet|Gerd Koechlin|Manfred D. Heid,James Horner
14576,Shade,Stuart Townsend|Gabriel Byrne|Thandie Newton|Jamie Foxx|Roger Guenveur Smith,19,Damian Nieman,Damian Nieman,,
82505,House at the End of the Street,Jennifer Lawrence|Max Thieriot|Elisabeth Shue|Gil Bellows|Nolan Gerard Funk,24,Mark Tonderai,Jonathan Mostow|David Loucka,Aaron Ryder|Hal Lieberman|Peter Block,Theo Green
46738,Incendies,Lubna Azabal|Mélissa Désormeaux-Poulin|Maxim Gaudette|Rémy Girard|Allen Altman,23,Denis Villeneuve,Denis Villeneuve|Wajdi Mouawad,Kim McCraw,Grégoire Hetzel
38970,"Remember Me, My Love",Fabrizio Bentivoglio|Laura Morante|Monica Bellucci|Silvio Muccino|Nicoletta Romanoff,20,Gabriele Muccino,Gabriele Muccino,,
41009,Perrier’s Bounty,Cillian Murphy|Brendan Gleeson|Jim Broadbent|Padraic Delaney|Natalie Britton,17,Ian Fitzgibbon,Mark O'Rowe,,
7347,Elite Squad,Wagner Moura|Caio Junqueira|André Ramiro|Milhem Cortaz|Fernanda Machado,10,José Padilha,Bráulio Mantovani|José Padilha|Rodrigo Pimentel,José Padilha|Marcos Prado,Pedro Bromfman
250546,Annabelle,Annabelle Wallis|Ward Horton|Tony Amendola|Alfre Woodard|Eric Ladin,23,John R. Leonetti,Gary Dauberman,James Wan|Peter Safran,Joseph Bishara
38415,Bran Nue Dae,Rocky McKenzie|Geoffrey Rush|Jessica Mauboy|Ernie Dingo|Missy Higgins,5,Rachel Perkins,,,
650,Boyz n the Hood,Laurence Fishburne|Cuba Gooding Jr.|Ice Cube|Morris Chestnut|Angela Bassett,13,John Singleton,John Singleton,Steve Nicolaides,Stanley Clarke|Roger Troutman
16620,La Bamba,Lou Diamond Phillips|Danielle von Zerneck|Elizabeth Peña|Rosanna DeSoto|Esai Morales,47,Luis Valdez,Luis Valdez,Taylor Hackford|Bill Borden,
25113,The Four Seasons,Alan Alda|Carol Burnett|Len Cariou|Sandy Dennis|Rita Moreno,7,Alan Alda,Alan Alda,Martin Bregman,
11033,Dressed to Kill,Michael Caine|Angie Dickinson|Nancy Allen|Keith Gordon|Dennis Franz,14,Brian De Palma,Brian De Palma,George Litto,Pino Donaggio
34723,The Adventures of Huck Finn,Elijah Wood|Courtney B. Vance|Robbie Coltrane|Jason Robards|Ron Perlman,7,Stephen Sommers,Stephen Sommers,Laurence Mark,
9430,Go,Sarah Polley|Katie Holmes|Jay Mohr|Timothy Olyphant|William Fichtner,17,Doug Liman,John August,Mickey Liddell|Paul Rosenberg|Matt Freeman,Moby
8998,Friends with Money,Catherine Keener|Jason Isaacs|Timm Sharp|Jennifer Aniston|Joan Cusack,13,Nicole Holofcener,Nicole Holofcener,Anthony Bregman,Rickie Lee Jones|Deb Talan
10514,The Andromeda Strain,Arthur Hill|David Wayne|James Olson|Kate Reid|Paula Kelly,22,Robert Wise,Nelson Gidding,Robert Wise,Gil Mellé
10496,Bats,Lou Diamond Phillips|Dina Meyer|Bob Gunton|Leon Robinson|Carlos Jacott,12,Louis Morneau,John Logan,Louise Rosner-Meyer|Bradley Jenkel,Graeme Revell
1591,Nowhere in Africa,Juliane Köhler|Merab Ninidze|Sidede Onyulo|Matthias Habich|Lea Kurka,25,Caroline Link,Caroline Link|Susanne Liebetrau,Bernd Eichinger|Michael Weber|Peter Herrmann|Sven Ebeling|Thilo Kleine,Niki Reiser
76025,Shame,Michael Fassbender|Carey Mulligan|James Badge Dale|Nicole Beharie|Alex Manette,13,Steve McQueen,Steve McQueen|Abi Morgan,Emile Sherman|Iain Canning,
4836,Layer Cake,Daniel Craig|Tom Hardy|Colm Meaney|George Harris|Sally Hawkins,18,Matthew Vaughn,J.J. Connolly,Matthew Vaughn|Adam Bohling|David Reid,
14631,The Work and the Glory II: American Zion,Sam Hennings|Brenda Strong|Eric Johnson|Alexander Carroll|Brighton Hertford,8,Sterling Van Wagenen,,,
87499,The East,Brit Marling|Alexander Skarsgård|Ellen Page|Toby Kebbell|Shiloh Fernandez,15,Zal Batmanglij,Brit Marling|Zal Batmanglij,Ridley Scott|Michael Costigan|Jocelyn Hayes|Brit Marling,Halli Cauthery
18923,A Home at the End of the World,Colin Farrell|Dallas Roberts|Robin Wright|Sissy Spacek|Ryan Donowho,9,Michael Mayer,Michael Cunningham,Tom Hulce,
26665,Aberdeen,Stellan Skarsgård|Lena Headey|Ian Hart|Charlotte Rampling|Louise Goodall,10,Hans Petter Moland,Hans Petter Moland|Kristin Amundsen,,
28089,The Messenger,Ben Foster|Woody Harrelson|Jena Malone|Eamonn Walker|Samantha Morton,14,Oren Moverman,Oren Moverman|Alessandro Camon,Mark Gordon|Benjamin Goldhirsh|Lawrence Inglee|Zach Miller,
62255,Tracker,Ray Winstone|Temuera Morrison|Andy Anderson|Gareth Reeves|Mark Mitchinson,8,Ian Sharp,Nicolas Van Pallandt,Trevor Haysom|David Burns,
5708,Control,Sam Riley|Samantha Morton|Alexandra Maria Lara|Joe Anderson|James Anthony Pearson,32,Anton Corbijn,Matt Greenhalgh,Anton Corbijn|Orian Williams,
218,The Terminator,Arnold Schwarzenegger|Michael Biehn|Linda Hamilton|Paul Winfield|Lance Henriksen,33,James Cameron,Gale Anne Hurd|James Cameron,Gale Anne Hurd,Brad Fiedel
338,"Good bye, Lenin!",Daniel Brühl|Katrin Sass|Chulpan Khamatova|Maria Simon|Florian Lukas,16,Wolfgang Becker,Wolfgang Becker|Bernd Lichtenberg,Stefan Arndt|Andreas Schreitmüller|Katja De Bock|Manuela Stehr,Yann Tiersen
21641,The Damned United,Michael Sheen|Timothy Spall|Colm Meaney|Jim Broadbent|Maurice Roeves,26,Tom Hooper,Peter Morgan,Andy Harries|Grainne Marmion|Lee Morris,Rob Lane
10925,The Return of the Living Dead,Clu Gulager|James Karen|Don Calfa|Thom Mathews|John Philbin,15,Dan O'Bannon,Dan O'Bannon|John A. Russo|Russell Streiner|Rudy Ricci,Tom Fox,Matt Clifford
2293,Mallrats,Jason Lee|Jeremy London|Shannen Doherty|Claire Forlani|Ben Affleck,18,Kevin Smith,Kevin Smith,Sean Daniel|James Jacks|Scott Mosier,Ira Newborn
621,Grease,John Travolta|Olivia Newton-John|Stockard Channing|Jeff Conaway|Didi Conn,23,Randal Kleiser,Bronte Woodard,Allan Carr|Robert Stigwood|Neil A. Machlis,Warren Casey|Jim Jacobs
792,Platoon,Tom Berenger|Charlie Sheen|Willem Dafoe|Forest Whitaker|John C. McGinley,31,Oliver Stone,Oliver Stone,A. Kitman Ho|Arnold Kopelson,Georges Delerue
1777,Fahrenheit 9/11,Robert De Niro|Michael Moore|George W. Bush|Ben Affleck|Stevie Wonder,17,Michael Moore,Michael Moore,Michael Moore|Jim Czarnecki|Kathleen Glynn,
642,Butch Cassidy and the Sundance Kid,Paul Newman|Robert Redford|Katharine Ross|Strother Martin|Henry Jones,21,George Roy Hill,William Goldman,John Foreman,Burt Bacharach
433,Mary Poppins,Julie Andrews|Dick Van Dyke|David Tomlinson|Glynis Johns|Hermione Baddeley,20,Robert Stevenson,Bill Walsh|Don DaGradi,Walt Disney|Bill Walsh,Richard M. Sherman|Robert B. Sherman
16619,Ordinary People,Donald Sutherland|Mary Tyler Moore|Judd Hirsch|Timothy Hutton|M. Emmet Walsh,17,Robert Redford,Alvin Sargent,Ronald L. Schwary,Marvin Hamlisch
1725,West Side Story,Natalie Wood|Richard Beymer|Russ Tamblyn|Rita Moreno|George Chakiris,36,Robert Wise|Jerome Robbins,Ernest Lehman|Arthur Laurents|Jerome Robbins,Robert Wise,
11977,Caddyshack,Chevy Chase|Rodney Dangerfield|Ted Knight|Michael O'Keefe|Bill Murray,55,Harold Ramis,Harold Ramis|Brian Doyle-Murray|Douglas Kenney,Douglas Kenney,
20322,The Brothers,Morris Chestnut|D. L. Hughley|Bill Bellamy|Shemar Moore|Tatyana Ali,8,Gary Hardwick,,,
16158,The Wood,Omar Epps|Richard T. Jones|Taye Diggs|Malinda Williams|Sean Nelson,11,Rick Famuyiwa,Rick Famuyiwa,David Gale,
629,The Usual Suspects,Stephen Baldwin|Gabriel Byrne|Chazz Palminteri|Kevin Pollak|Pete Postlethwaite,18,Bryan Singer,Christopher McQuarrie,Bryan Singer|Michael McDonnell,
10160,A Nightmare on Elm Street 5: The Dream Child,Robert Englund|Lisa Wilcox|Erika Anderson|Valorie Armstrong|Michael Ashton,43,Stephen Hopkins,Leslie Bohem,Robert Shaye|Rupert Harvey,Jay Ferguson
11452,National Lampoon’s Van Wilder,Ryan Reynolds|Tara Reid|Tim Matheson|Kal Penn|Simon Helberg,13,Walt Becker,David Wagner|Brent Goldberg,Peter Abrams|Robert L. Levy|Andrew Panay,
12163,The Wrestler,Mickey Rourke|Marisa Tomei|Evan Rachel Wood|Mark Margolis|Todd Barry,74,Darren Aronofsky,Robert D. Siegel,Darren Aronofsky|Scott Franklin,Clint Mansell
32275,Duel in the Sun,Jennifer Jones|Joseph Cotten|Gregory Peck|Lionel Barrymore|Herbert Marshall,15,King Vidor,David O. Selznick,David O. Selznick,
13785,Best in Show,Jay Brazeau|Parker Posey|Michael Hitchcock|Catherine O'Hara|Eugene Levy,18,Christopher Guest,Christopher Guest|Eugene Levy,Karen Murphy,Jeffery C.J. Vanston
1103,Escape from New York,Kurt Russell|Lee Van Cleef|Ernest Borgnine|Donald Pleasence|Isaac Hayes,14,John Carpenter,John Carpenter|Nick Castle,Larry J. Franco|Debra Hill|Barry Bernardi,John Carpenter|Alan Howarth
36739,School Daze,Samuel L. Jackson|Laurence Fishburne|Giancarlo Esposito|Tisha Campbell-Martin|Ossie Davis,17,Spike Lee,Spike Lee,Spike Lee,
14144,Daddy Day Camp,Cuba Gooding Jr.|Tamala Jones|Paul Rae|Lochlyn Munro|Richard Gant,6,Fred Savage,J. David Stem|David N. Weiss|Geoff Rodkey,,
10622,Mr. Nice Guy,Jackie Chan|Richard Norton|Miki Lee|Gabrielle Fitzpatrick|Karen McLymont,15,Sammo Hung,Edward Tang|Fibe Ma,Leonard Ho|Chua Lam,J. Peter Robinson|Clarence Hui|Peter Kam
13370,A Mighty Wind,Bob Balaban|Christopher Guest|John Michael Higgins|Eugene Levy|Jane Lynch,20,Christopher Guest,Christopher Guest|Eugene Levy,Karen Murphy,
11191,Mystic Pizza,Annabeth Gish|Julia Roberts|Lili Taylor|Vincent D'Onofrio|William R. Moses,8,Donald Petrie,Alfred Uhry|Amy Holden Jones|Perry Howze|Randy Howze,Mark Levinson|Scott M. Rosenfelt,David McHugh
10215,Sliding Doors,Gwyneth Paltrow|John Hannah|John Lynch|Jeanne Tripplehorn|Zara Turner,20,Peter Howitt,Peter Howitt,Sydney Pollack|William Horberg|Philippa Braithwaite,
25066,Tales from the Hood,Clarence Williams III|Corbin Bernsen|David Alan Grier|Wings Hauser|Duane Whitaker,30,Rusty Cundieff,Darin Scott|Rusty Cundieff,Darin Scott,
1523,The Last King of Scotland,Forest Whitaker|James McAvoy|Simon McBurney|Gillian Anderson|Kerry Washington,16,Kevin Macdonald,Peter Morgan|Jeremy Brock,Lisa Bryer|Suzanne Warren|Andrea Calderwood|Christine Ruppert|Ros Borland,Alex Heffes
11361,Halloween 5: The Revenge of Michael Myers,Donald Pleasence|Danielle Harris|Ellie Cornell|Beau Starr|Don Shanks,19,Dominique Othenin-Girard,Dominique Othenin-Girard|Shem Bitterman|Michael Jacobs,Ramsey Thomas,Alan Howarth
92591,Bernie,Jack Black|Shirley MacLaine|Matthew McConaughey|Brady Coleman|Tommy G. Kendrick,18,Richard Linklater,Richard Linklater|Skip Hollandsworth,Ginger Sledge|Martin Shafer|Matt Williams|David McFadzean|Liz Glotzer,Graham Reynolds
57612,Dolphins and Whales: Tribes of the Ocean,Daryl Hannah|Charlotte Rampling,2,Jean-Jacques Mantello,Jon Michael Johnson|Elisabeth Mantello,,Christophe Jacquelin
12509,Pollock,Ed Harris|Marcia Gay Harden|Tom Bower|Jennifer Connelly|Bud Cort,51,Ed Harris,Susan Emshwiller|Barbara Turner,Ed Harris|Jon Kilik|Fred Berner|James Francis Trezza,Jeff Beal
15256,200 Cigarettes,Ben Affleck|Casey Affleck|Dave Chappelle|Kate Hudson|Janeane Garofalo,11,Risa Bramon Garcia,Shana Larsen,David Gale,
83686,The Words,Bradley Cooper|Zoe Saldana|Jeremy Irons|Dennis Quaid|Olivia Wilde,15,Brian Klugman|Lee Sternthal,Brian Klugman|Lee Sternthal,Jim Young|Tatiana Kelly,
80304,Casa De Mi Padre,Will Ferrell|Gael García Bernal|Génesis Rodríguez|Diego Luna|Efren Ramirez,10,Matt Piedmont,,,Andrew Feltenstein|John Nau
28053,City Island,Andy García|Julianna Margulies|Steven Strait|Dominik García-Lorido|Ezra Miller,11,Raymond De Felitta,Raymond De Felitta,Andy García|Raymond De Felitta|Zachary Matz|Lauren Versel,Jan A.P. Kaczmarek
67913,The Guard,Brendan Gleeson|Don Cheadle|Liam Cunningham|Mark Strong|Katarina Cas,14,John Michael McDonagh,John Michael McDonagh,Andrew Lowe|Flora Fernandez-Marengo|Chris Clark,
13991,College,Drake Bell|Andrew Caldwell|Andree Moss|Carolyn Moss|Wendy Talley,19,Deb Hagan,,,
1443,The Virgin Suicides,James Woods|Kathleen Turner|Kirsten Dunst|Josh Hartnett|Michael Paré,20,Sofia Coppola,Sofia Coppola,Francis Ford Coppola|Dan Halsted|Chris Hanley|Julie Costanzo,Air
8545,Little Voice,Brenda Blethyn|Michael Caine|Ewan McGregor|Jane Horrocks|Jim Broadbent,15,Mark Herman,Mark Herman,Elizabeth Karlsen,John Altman
19556,Miss March,Zach Cregger|Trevor Moore|Raquel Alessi|Craig Robinson|Molly Stanton,23,Zach Cregger|Trevor Moore,Zach Cregger|Trevor Moore|Ryan Homchick|Dennis Haggerty|Thomas Mimms,Steven J. Wolfe|Tom Jacobson|Vincent Cirrincione|Tobie Haggerty,
231576,Wish I Was Here,Zach Braff|Kate Hudson|Joey King|Pierce Gagnon|Donald Faison,27,Zach Braff,Zach Braff|Adam J. Braff,Zach Braff|Michael Shamberg|Stacey Sher|Adam J. Braff,
16172,Simply Irresistible,Sarah Michelle Gellar|Sean Patrick Flanery|Dylan Baker|Patricia Clarkson|Lawrence Gilliard Jr.,15,Mark Tarlov,Judith Roberts,Joseph M. Caracciolo Jr.|Jon Amiel|John Fiedler,
13403,Hedwig and the Angry Inch,John Cameron Mitchell|Miriam Shor|Stephen Trask|Theodore Liscinski|Rob Campbell,13,John Cameron Mitchell,John Cameron Mitchell,Christine Vachon|Pamela Koffler|Katie Roumel,Stephen Trask
15797,Only the Strong,Mark Dacascos|Geoffrey Lewis|Stacey Travis|Paco Christian Prieto|Todd Susman,8,Sheldon Lettich,Sheldon Lettich|Luis Esteban,,Harvey W. Mason
347764,Goddess of Love,Alexis Kendra|Elizabeth Sandy|Monda Scott|Woody Naismith|Ray Grady,9,Jon Knautz,Jon Knautz|Alexis Kendra,Jon Knautz|Alexis Kendra,
13537,Shattered Glass,Hayden Christensen|Peter Sarsgaard|Chloë Sevigny|Rosario Dawson|Melanie Lynskey,18,Billy Ray,Billy Ray,Craig Baumgarten|Adam Merims|Gaye Hirsch|Tove Christensen,
20794,Novocaine,Chelcie Ross|Steve Martin|Laura Dern|Lynne Thigpen|Polly Noonan,37,David Atkins,David Atkins,Daniel M. Rosenberg|Paul Mones,
31064,The Business of Strangers,Julia Stiles|Stockard Channing|Frederick Weller|Marcus Giamatti|Jack Hallett,5,Patrick Stettner,Patrick Stettner,,
576,The Wild Bunch,William Holden|Ernest Borgnine|Robert Ryan|Edmond O'Brien|Warren Oates,44,Sam Peckinpah,Walon Green|Sam Peckinpah,Roy N. Sickner|Phil Feldman,Jerry Fielding
13990,The Wackness,Ben Kingsley|Famke Janssen|Josh Peck|Olivia Thirlby|Mary-Kate Olsen,15,Jonathan Levine,Jonathan Levine,Keith Calder,David Torn
11583,The First Great Train Robbery,Sean Connery|Donald Sutherland|Lesley-Anne Down|Alan Webb|Malcolm Terris,23,Michael Crichton,Michael Crichton,John Foreman,Jerry Goldsmith
18602,Morvern Callar,Samantha Morton|Kathleen McDermott|James Wilson|Dolly Wells|Paul Popplewell,10,Lynne Ramsay,Lynne Ramsay|Liana Dognini,Robyn Slovo|George Faber|Charles Pattinson,
27549,Beastmaster 2: Through the Portal of Time,Marc Singer|Kari Wuhrer|Sarah Douglas|Wings Hauser|Robert Fieldsteel,23,Sylvio Tabet,Sylvio Tabet|Jim Wynorski|Jim Wynorski|R.J. Robertson|R.J. Robertson,Sylvio Tabet,Robert Folk
59728,The 5th Quarter,Aidan Quinn|Andie MacDowell|Ryan Merriman|Michael Harding|Stacy Earl,13,Rick Bieber,Rick Bieber,Rick Bieber,
10930,The Flower of Evil,Benoît Magimel|Mélanie Doutey|Suzanne Flon|Bernard Le Coq|Nathalie Baye,5,Claude Chabrol,Claude Chabrol|Caroline Eliacheff|Louise L. Lambrichs,Marin Karmitz,Matthieu Chabrol
32395,The Greatest,Pierce Brosnan|Susan Sarandon|Carey Mulligan|Aaron Taylor-Johnson|Johnny Simmons,18,Shana Feste,Shana Feste,,
58882,Snow Flower and the Secret Fan,Li Bingbing|Jun Ji-hyun|Hugh Jackman|Vivian Wu|Jiang Wu,18,Wayne Wang,Ronald Bass|Angela Workman|Michael Ray,Wendi Murdoch|Florence Sloan,Rachel Portman
7547,Come Early Morning,Ashley Judd|Laura Prepon|Jeffrey Donovan|Stacy Keach|Scott Wilson,19,Joey Lauren Adams,,,
35944,Lucky Break,James Nesbitt|Olivia Williams|Timothy Spall|Christopher Plummer|Bill Nighy,21,Peter Cattaneo,Ronan Bennett,,
42222,Julia,Jane Fonda|Vanessa Redgrave|Jason Robards|Maximilian Schell|Hal Holbrook,14,Fred Zinnemann,Alvin Sargent,Richard A. Roth,Georges Delerue
13827,"Surfer, Dude",Matthew McConaughey|Jeffrey Nordling|Willie Nelson|Woody Harrelson|Zachary Knighton,8,S.R. Bindler,,Matthew McConaughey|Cory Van Dyke|Mark Gustawes,
44260,Lake of Fire,Noam Chomsky|Bill Baird|Flip Benham,3,Tony Kaye,Tony Kaye,,
9282,11:14,Henry Thomas|Blake Heron|Barbara Hershey|Hilary Swank|Clark Gregg,13,Greg Marcks,Greg Marcks,John Morrissey|Beau Flynn,Clint Mansell
38940,Men of War,Dolph Lundgren|Charlotte Lewis|BD Wong|Tim Guinee|Catherine Bell,5,Perry Lang,John Sayles|Stan Rogow,,
35689,Don McKay,Thomas Haden Church|Elisabeth Shue|Melissa Leo|M. Emmet Walsh|Keith David,7,Jake Goldberger,Jake Goldberger,,
97614,Deadfall,Eric Bana|Olivia Wilde|Charlie Hunnam|Patrick Kerton|Kris Kristofferson,34,Stefan Ruzowitzky,Zach Dean,Gary Levinsohn|Ben Cosgrove|Todd Wagner|Shelly Clippard,Marco Beltrami
37206,A Shine of Rainbows,Connie Nielsen|Aidan Quinn|John Bell|Tara Alice Scully|Niamh Shaw,6,Vic Sarin,Vic Sarin|Catherine Spear,,
58626,The Hit List,Cuba Gooding Jr.|Cole Hauser|Jonathan LaPaglia|Ginny Weirick|Sean Cook,13,William Kaufman,Chad Law|Evan Law,,
183894,Emma,Romola Garai|Michael Gambon|Jonny Lee Miller|Louise Dylan|Blake Ritson,28,Jim O'Hanlon,Jane Austen,,
837,Videodrome,James Woods|Sonja Smits|Deborah Harry|Peter Dvorsky|Jack Creley,20,David Cronenberg,David Cronenberg,Claude Héroux,Howard Shore
1555,The Spanish Apartment,Romain Duris|Audrey Tautou|Kelly Reilly|Cécile de France|Cristina Brondo,20,Cédric Klapisch,Cédric Klapisch,Bruno Levy,
244783,Song One,Anne Hathaway|Johnny Flynn|Mary Steenburgen|Ben Rosenfield|Lola Kirke,5,Kate Barker-Froyland,Kate Barker-Froyland,Anne Hathaway|Jonathan Demme|Marc Platt|Molly Conners|Christopher Woodrow,
16564,Winter in Wartime,Martijn Lakemeier|Melody Klaver|Yorick van Wageningen|Jamie Campbell Bower|Raymond Thiry,15,Martin Koolhoven,Martin Koolhoven|Mieke de Jong|Paul Jan Nelissen,Els Vandevorst|San Fu Maltha|Antonino Lombardo|Jan Vrints,Pino Donaggio
168027,Freaky Deaky,Christian Slater|Michael Jai White|Crispin Glover|Billy Burke|Breanne Racano,17,Charles Matthau,,Charles Matthau,
3482,The Train,Burt Lancaster|Paul Scofield|Jeanne Moreau|Suzanne Flon|Michel Simon,24,John Frankenheimer,Walter Bernstein|Franklin Coen|Frank Davis|Albert Husson,Jules Bricken,Maurice Jarre
135595,Trade Of Innocents,Dermot Mulroney|Mira Sorvino|John Billingsley|Trieu Tran|Kiều Chinh,7,Christopher Bessette,Christopher Bessette,,
8982,The Protector,Tony Jaa|Petchtai Wongkamlao|Bongkoj Khongmalai|Xing Jing|Nathan Jones,10,Prachya Pinkaew,Piyaros Thongdee|Joe Wannapin|Prachya Pinkaew,Prachya Pinkaew|Sukanya Vongsthapat,
89861,Stiff Upper Lips,Georgina Cates|Peter Ustinov|Prunella Scales|Samuel West|Sean Pertwee,12,Gary Sinyor,Gary Sinyor|Paul Simpkin,Jeremy Bolt|Gary Sinyor,
455,Bend It Like Beckham,Parminder Nagra|Keira Knightley|Jonathan Rhys Meyers|Anupam Kher|Shaheen Khan,13,Gurinder Chadha,Gurinder Chadha|Guljit Bindra|Paul Mayeda Berges,Deepak Nayar|Gurinder Chadha|Paul Mayeda Berges,Craig Pruess
57022,Sunshine State,Alan King|Angela Bassett|Timothy Hutton|Mary Steenburgen|Clifton James,17,John Sayles,,,
14351,Crossover,Anthony Mackie|Marcello Thedford|Allen Payne|Wesley Jonathan|Wayne Brady,32,Preston A. Whitmore II,Preston A. Whitmore II,Frank Mancuso Jr.|Aaron Mazzolini|Lorenzo O'Brien,Matthias Weber
147767,Khiladi 786,Akshay Kumar|Asin Thottumkal|Himesh Reshammiya|Mithun Chakraborty|Raj Babbar,6,Ashish R. Mohan,Himesh Reshammiya,,
10664,[REC]²,Manuela Velasco|Ferran Terraza|Claudia Silva|Javier Botet|Pablo Rosso,13,Jaume Balagueró|Paco Plaza,Jaume Balagueró|Paco Plaza|Manu Díez,,
55567,Standing Ovation,Kayla Jackson|Kayla Raparelli|Sal Dupree|Al Sapienza|Alexis Biesiada,16,Stewart Raffill,Stewart Raffill,,
9277,The Sting,Paul Newman|Robert Redford|Robert Shaw|Charles Durning|Ray Walston,40,George Roy Hill,David S. Ward,Julia Phillips|Michael Phillips|Tony Bill|Robert Crawford Jr.,Marvin Hamlisch
9443,Chariots of Fire,Ben Cross|Ian Charleson|Cheryl Campbell|Alice Krige|Nigel Havers,17,Hugh Hudson,Colin Welland,David Puttnam|James Crawford,Vangelis
16186,Diary of a Mad Black Woman,Kimberly Elise|Steve Harris|Tyler Perry|Shemar Moore|Vickie Eng,11,Darren Grant,Tyler Perry,,Elvin Ross
7863,Shine,Geoffrey Rush|Noah Taylor|Armin Mueller-Stahl|Justin Braine|Sonia Todd,10,Scott Hicks,Scott Hicks|Jan Sardi,Jane Scott,
138697,Don Jon,Joseph Gordon-Levitt|Scarlett Johansson|Julianne Moore|Tony Danza|Glenne Headly,53,Joseph Gordon-Levitt,Joseph Gordon-Levitt,Ram Bergman,Nathan Johnson
11901,High Plains Drifter,Clint Eastwood|Verna Bloom|Marianna Hill|Mitchell Ryan|Jack Ging,15,Clint Eastwood,Ernest Tidyman|Dean Riesner,Robert Daley,Dee Barton
1548,Ghost World,Thora Birch|Scarlett Johansson|Steve Buscemi|Brad Renfro|Bob Balaban,23,Terry Zwigoff,Terry Zwigoff|Daniel Clowes,John Malkovich|Lianne Halfon|Russell Smith,David Kitay
11889,Iris,Judi Dench|Jim Broadbent|Kate Winslet|Hugh Bonneville|Penelope Wilton,13,Richard Eyre,Richard Eyre|Charles Wood,Robert Fox,James Horner
33155,Galaxina,Dorothy Stratten|Stephen Macht|Avery Schreiber|Lionel Mark Smith|J.D. Hinton,13,William Sachs,William Sachs,,
5528,The Chorus,Gérard Jugnot|François Berléand|Kad Merad|Jean-Paul Bonnaire|Marie Bunel,20,Christophe Barratier,René Wheeler|Philippe Lopes-Curval|Christophe Barratier|Noël-Noël,Arthur Cohn|Nicolas Mauvernay|Jacques Perrin,
321,Mambo Italiano,Luke Kirby|Ginette Reno|Paul Sorvino|Mary Walsh|Peter Miller,15,Émile Gaudreault,Émile Gaudreault|Steve Galluccio,Daniel Louis|Denise Robert,Adam Broughton|FM Le Sieur
4997,Wonderland,Val Kilmer|Dylan McDermott|Kate Bosworth|Josh Lucas|Lisa Kudrow,18,James Cox,Captain Mauzner|Todd Samovitz|D. Loriston Scott,Holly Wiersma|Michael Paseornek,Cliff Martinez
925,Do the Right Thing,Danny Aiello|Ossie Davis|Ruby Dee|Richard Edson|Giancarlo Esposito,42,Spike Lee,Spike Lee,Spike Lee,Bill Lee
27451,Harvard Man,Sarah Michelle Gellar|Adrian Grenier|Joey Lauren Adams|Eric Stoltz|Rebecca Gayheart,12,James Toback,James Toback,,
73532,Le Havre,André Wilms|Kati Outinen|Blondin Miguel|Elina Salo|Evelyne Didi,9,Aki Kaurismäki,Aki Kaurismäki,,
979,Irreversible,Monica Bellucci|Vincent Cassel|Albert Dupontel|Jo Prestia|Philippe Nahon,12,Gaspar Noé,Gaspar Noé,Christophe Rossignon,Thomas Bangalter
193722,R100,Nao Omori|Mao Daichi|Shinobu Terajima|Hairi Katagiri|Eriko Satô,13,Hitoshi Matsumoto,Hitoshi Matsumoto|Mitsuyoshi Takasu|Tomoji Hasegawa|Kôji Ema|Mitsuru Kuramoto,,
7913,Rang De Basanti,Aamir Khan|Soha Ali Khan|Alice Patten|Sharman Joshi|Kunal Kapoor,9,Rakeysh Omprakash Mehra,Rakeysh Omprakash Mehra,Rakeysh Omprakash Mehra|Ronnie Screwvala|David Reid,
253253,Animals,David Dastmalchian|Kim Shaw|John Heard|John Hoogenakker|Shon McGregory,6,Collin Schiffli,David Dastmalchian,Chris Smith|Mary Pat Bentel,
51995,Salvation Boulevard,Jennifer Connelly|Marisa Tomei|Pierce Brosnan|Ed Harris|Greg Kinnear,8,George Ratliff,George Ratliff|Douglas Stone,Cathy Schulman|Celine Rattray|Peter Fruchtman,
13173,The Ten,Paul Rudd|Adam Brody|Jon Hamm|Winona Ryder|Ken Marino,24,David Wain,David Wain|Ken Marino,,
22908,A Room for Romeo Brass,Paddy Considine|Andrew Shim|Frank Harper|Vicky McClure|Johann Myers,21,Shane Meadows,Shane Meadows|Paul Fraser,Charles Pattinson,
70670,Headhunters,Aksel Hennie|Nikolaj Coster-Waldau|Synnøve Macody Lund|Julie R. Ølgaard|Eivind Sander,17,Morten Tyldum,Lars Gudmestad|Ulf Rydberg,Asle Vatn|Marianne Gray,Jeppe Kaas|Trond Bjerknes
84204,Grabbers,Richard Coyle|Ruth Bradley|Russell Tovey|Bronagh Gallagher|David Pearse,11,Jon Wright,Kevin Lehane,Martina Niland|James Martin|Tracy Brimm|Piers Tempest|Eduardo Levy,Christian Henson
25248,Saint Ralph,Adam Butcher|Campbell Scott|Michael Kanev|Gordon Pinsent|Tamara Hope,6,Michael McGowan,Michael McGowan,Seaton McLean|Andrea Mann|Teza Lawrence|Michael Souther,
230266,Miss Julie,Jessica Chastain|Colin Farrell|Samantha Morton|Nora McMenamy,4,Liv Ullmann,Liv Ullmann,Teun Hilte|Synnøve Hørsdal|Tristan Orpen Lynch|Aoife O'Sullivan|Oliver Dungey,
16633,Somewhere in Time,Christopher Reeve|Jane Seymour|Christopher Plummer|Teresa Wright|Bill Erwin,13,Jeannot Szwarc,Richard Matheson,,John Barry
63006,Dum Maaro Dum,Abhishek Bachchan|Bipasha Basu|Deepika Padukone|Rana Daggubati|Prateik Babbar,5,Rohan Sippy,Shridhar Raghavan,Ramesh Sippy,
91586,Insidious: Chapter 2,Patrick Wilson|Rose Byrne|Ty Simpkins|Lin Shaye|Barbara Hershey,31,James Wan,James Wan|Leigh Whannell|Leigh Whannell,Jason Blumenthal|Oren Peli,Joseph Bishara
215,Saw II,Tobin Bell|Shawnee Smith|Donnie Wahlberg|Franky G|Glenn Plummer,15,Darren Lynn Bousman,Leigh Whannell|Darren Lynn Bousman,Mark Burg|Gregg Hoffman|Oren Koules,Charlie Clouser
333371,10 Cloverfield Lane,Mary Elizabeth Winstead|John Goodman|John Gallagher Jr.|Bradley Cooper|Douglas M. Griffin,10,Dan Trachtenberg,Damien Chazelle|Josh Campbell|Matthew Stuecken,J.J. Abrams|Lindsey Weber,
9012,Jackass: The Movie,Johnny Knoxville|Bam Margera|Steve-O|Chris Pontius|Dave England,32,Jeff Tremaine,Spike Jonze|Johnny Knoxville|Jeff Tremaine,Spike Jonze|Johnny Knoxville|Jeff Tremaine,
345911,Lights Out,Teresa Palmer|Maria Bello|Gabriel Bateman|Alexander DiPersia|Alicia Vela-Bailey,15,David F. Sandberg,Eric Heisserer|David F. Sandberg,James Wan|Eric Heisserer|Lawrence Grey,Benjamin Wallfisch
72571,Paranormal Activity 3,Katie Featherston|Sprague Grayden|Lauren Bittner|Christopher Nicholas Smith|Chloe Csengery,11,Henry Joost|Ariel Schulman,Christopher B. Landon,Jason Blum|Oren Peli|Steven Schneider,
242512,Ouija,Olivia Cooke|Ana Coto|Daren Kagasoff|Bianca A. Santos|Douglas Smith,19,Stiles White,Juliet Snowden|Stiles White,Michael Bay|Andrew Form|Bradley Fuller|Jason Blum|Bennett Schneir,Anton Sanko
10072,A Nightmare on Elm Street 3: Dream Warriors,Robert Englund|Patricia Arquette|Heather Langenkamp|John Saxon|Craig Wasson,28,Chuck Russell,Frank Darabont|Wes Craven|Chuck Russell|Bruce Wagner,Robert Shaye,Angelo Badalamenti
211954,Instructions Not Included,Loreto Peralta|Eugenio Derbez|Jessica Lindsey|Daniel Raymont|Hugo Stiglitz,49,Eugenio Derbez,Guillermo Ríos|Eugenio Derbez,,
82990,Paranormal Activity 4,Katie Featherston|Kathryn Newton|Matt Shively|Aiden Lovekamp|Brady Allen,14,Henry Joost|Ariel Schulman,Christopher B. Landon,Jason Blum|Oren Peli|Steven Schneider,
29912,The Robe,Richard Burton|Jean Simmons|Victor Mature|Jay Robinson|Richard Boone,24,Henry Koster,Albert Maltz|Philip Dunne,Frank Ross,Alfred Newman
11843,The Return of the Pink Panther,Peter Sellers|Christopher Plummer|Herbert Lom|Catherine Schell|Peter Arne,12,Blake Edwards,Blake Edwards,Blake Edwards,
11284,Freddy's Dead: The Final Nightmare,Robert Englund|Lisa Zane|Shon Greenblatt|Lezlie Deane|Ricky Dean Logan,32,Rachel Talalay,Michael De Luca,Robert Shaye|Aron Warner,Brian May
504,Monster,Charlize Theron|Christina Ricci|Bruce Dern|Lee Tergesen|Annie Corley,10,Patty Jenkins,Patty Jenkins,Donald Kushner|Charlize Theron|Brad Wyman|Clark Peterson|Mark Damon,BT
173,"20,000 Leagues Under the Sea",Kirk Douglas|James Mason|Paul Lukas|Peter Lorre|Robert J. Wilke,20,Richard Fleischer,Earl Felton,Walt Disney,Paul J. Smith
227348,Paranormal Activity: The Marked Ones,Andrew Jacobs|Richard Cabral|Carlos Pratts|Eddie J. Fernandez|Jorge Diaz,10,Christopher B. Landon,Christopher B. Landon,Jason Blum|Oren Peli,
1955,The Elephant Man,Anthony Hopkins|John Hurt|Anne Bancroft|John Gielgud|Wendy Hiller,53,David Lynch,David Lynch|Eric Bergren|Christopher De Vore,Jonathan Sanger,John Morris
152532,Dallas Buyers Club,Matthew McConaughey|Jennifer Garner|Jared Leto|Denis O'Hare|Steve Zahn,16,Jean-Marc Vallée,Melisa Wallack|Craig Borten,Robbie Brenner|Rachel Winter,
243940,The Lazarus Effect,Olivia Wilde|Mark Duplass|Donald Glover|Evan Peters|Sarah Bolger,9,David Gelb,Luke Dawson|Jeremy Slater,Jimmy Miller|Jason Blum|Matthew Kaplan|Cody Zwieg,
77,Memento,Guy Pearce|Carrie-Anne Moss|Joe Pantoliano|Mark Boone Junior|Stephen Tobolowsky,13,Christopher Nolan,Christopher Nolan,Jennifer Todd|Suzanne Todd,David Julyan
157547,Oculus,Karen Gillan|Brenton Thwaites|Katee Sackhoff|James Lafferty|Rory Cochrane,10,Mike Flanagan,Mike Flanagan|Jeff Howard,Marc D. Evans|Trevor Macy,Andrew Grush|Taylor Stewart
2295,Clerks II,Brian O'Halloran|Jeff Anderson|Jason Mewes|Kevin Smith|Rosario Dawson,21,Kevin Smith,Kevin Smith,Scott Mosier,James L. Venable
71,Billy Elliot,Jamie Bell|Julie Walters|Jean Heywood|Jamie Draven|Gary Lewis,17,Stephen Daldry,,Greg Brenman|Jonathan Finn|Charles Brand|Tessa Ross|David M. Thompson,Stephen Warbeck
147773,The Way Way Back,Liam James|Steve Carell|Toni Collette|AnnaSophia Robb|Sam Rockwell,13,Nat Faxon|Jim Rash,Nat Faxon|Jim Rash,Tom Rice|Kevin J. Walsh,Rob Simonsen
16096,House Party 2,Martin Lawrence|Christopher Martin|Christopher Reid|Paul Anthony|Tisha Campbell-Martin,9,Doug McHenry|George Jackson,Rusty Cundieff|Rusty Cundieff|Daryl G. Nickens,Doug McHenry|George Jackson,Vassal Benford
24266,The Man from Snowy River,Tom Burlinson|Terence Donovan|Kirk Douglas|Tommy Dysart|Bruce Kerr,15,George T. Miller,John Dixon,,
16508,Doug's 1st Movie,Thomas McHugh|Fred Newman|Chris Phillips|Constance Shulman,4,Maurice Joyce,Ken Scarborough|Jim Jinkins,,
2895,The Apostle,Robert Duvall|Billy Bob Thornton|June Carter Cash|Farrah Fawcett|Miranda Richardson,9,Robert Duvall,,,
15660,Mommie Dearest,Faye Dunaway|Diana Scarwid|Steve Forrest|Howard Da Silva|Mara Hobel,14,Frank Perry,Robert Getchell|Frank Yablans|Frank Perry|Tracy Hotchner,,
59968,Our Idiot Brother,Paul Rudd|Elizabeth Banks|Zooey Deschanel|Emily Mortimer|Adam Scott,26,Jesse Peretz,Jesse Peretz|David Schisgall|David Schisgall|Evgenia Peretz|Evgenia Peretz,Anthony Bregman|Peter Saraf|Marc Turtletaub,
323677,Race,Stephan James|Jason Sudeikis|Carice van Houten|Jeremy Irons|Amanda Crew,44,Stephen Hopkins,Anna Waterhouse|Joe Shrapnel,Stephen Hopkins|Karsten Brünig|Jean-Charles Levy|Nicolas Manuel|Louis-Philippe Rochon,
19848,The Players Club,LisaRaye McCoy|Dick Anthony Williams|Judyann Elder|Chrystale Wilson|Adele Givens,13,Ice Cube,Ice Cube,,
256274,"As Above, So Below",Perdita Weeks|Ben Feldman|Edwin Hodge|François Civil|Marion Lambert,16,John Erick Dowdle,John Erick Dowdle|Drew Dowdle,Thomas Tull|Jon Jashni|Drew Dowdle|Patrick Aiello,Keefus Ciancia
235271,Addicted,Boris Kodjoe|Brandon Gonzales|Cameron Mills|Emayatzy Corinealdi|Garrett Hines,15,Bille Woodruff,Ernie Barbarash|Christina Welsh,Paul Hall,
45153,Eve's Bayou,Jurnee Smollett|Meagan Good|Lynn Whitfield|Samuel L. Jackson|Debbi Morgan,25,Kasi Lemmons,Kasi Lemmons,Samuel L. Jackson|Caldecot Chubb,Terence Blanchard
284293,Still Alice,Julianne Moore|Alec Baldwin|Kristen Stewart|Kate Bosworth|Shane McRae,18,Richard Glatzer|Wash Westmoreland,Richard Glatzer|Wash Westmoreland,Pamela Koffler|James Brown|Lex Lutzus,Ilan Eshkeri
24973,The Egyptian,Jean Simmons|Victor Mature|Gene Tierney|Peter Ustinov|Edmund Purdom,59,Michael Curtiz,Casey Robinson|Philip Dunne,Darryl F. Zanuck,Bernard Herrmann|Alfred Newman
21610,Nighthawks,Sylvester Stallone|Rutger Hauer|Billy Dee Williams|Lindsay Wagner|Persis Khambatta,11,Bruce Malmuth,David Shaber,,
10283,Friday the 13th Part VIII: Jason Takes Manhattan,Kane Hodder|Jensen Daggett|Scott Reeves|Barbara Bingham|Peter Mark Richman,16,Rob Hedden,Rob Hedden,Barbara Sachs|Randy Cheveldave,Fred Mollin
8346,My Big Fat Greek Wedding,Nia Vardalos|John Corbett|Lainie Kazan|Michael Constantine|Andrea Martin,16,Joel Zwick,Nia Vardalos,Tom Hanks|Rita Wilson|Gary Goetzman,Alexander Janko|Chris Wilson
122081,Spring Breakers,James Franco|Selena Gomez|Vanessa Hudgens|Ashley Benson|Rachel Korine,10,Harmony Korine,Harmony Korine,Chris Hanley|Charles-Marie Anthonioz|Jordan Gertner|David Zander,Cliff Martinez|Skrillex
10987,Halloween: The Curse of Michael Myers,Donald Pleasence|Paul Rudd|Marianne Hagan|Mitchell Ryan|Kim Darby,17,Joe Chappelle,Daniel Farrands,Paul Freeman,
1391,Y Tu Mamá También,Gael García Bernal|Diego Luna|Maribel Verdú|Ana López Mercado|Diana Bracho,20,Alfonso Cuarón,Alfonso Cuarón|Carlos Cuarón,Alfonso Cuarón|Jorge Vergara,
747,Shaun of the Dead,Simon Pegg|Nick Frost|Kate Ashfield|Lucy Davis|Dylan Moran,22,Edgar Wright,Edgar Wright|Simon Pegg,Nira Park,Dan Mudford|Pete Woodhead
14745,The Haunting of Molly Hartley,Haley Bennett|Jake Weber|Chace Crawford|Shannon Woodward|Shanna Collins,11,Mickey Liddell,John Travis|Rebecca Sonnenshine,,
26748,Lone Star,Chris Cooper|Matthew McConaughey|Elizabeth Peña|Kris Kristofferson|Joe Morton,21,John Sayles,John Sayles,Maggie Renzi|R. Paul Miller,Mason Daring
11357,Halloween 4: The Return of Michael Myers,Donald Pleasence|Ellie Cornell|Danielle Harris|George P. Wilbur|Michael Pataki,24,Dwight H. Little,Alan B. McElroy,Paul Freeman,Alan Howarth
24913,April Fool's Day,Deborah Foreman|Thomas F. Wilson|Lloyd Berry|Tom Heaton|Ken Olandt,13,Fred Walton,Danilo Bach,Frank Mancuso Jr.,Charles Bernstein
13776,Diner,Steve Guttenberg|Daniel Stern|Mickey Rourke|Kevin Bacon|Tim Daly,45,Barry Levinson,Barry Levinson,Jerry Weintraub,
14854,Lone Wolf McQuade,Chuck Norris|David Carradine|Barbara Carrera|Leon Isaac Kennedy|Dana Kimmell,23,Steve Carver,H. Kaye Dyal|B.J. Nelson|B.J. Nelson,Yoram Ben-Ami|Steve Carver,Francesco De Masi
50357,Apollo 18,Ryan Robbins|Warren Christie|Lloyd Owen|Andrew Airlie|Michael Kopsa,11,Gonzalo López-Gallego,Brian Miller,Timur Bekmambetov|Michele Wolkoff,
13090,Sunshine Cleaning,Amy Adams|Emily Blunt|Alan Arkin|Jason Spevack|Steve Zahn,20,Christine Jeffs,,Peter Saraf|Marc Turtletaub|Glenn Williamson|Jeb Brody,
192141,No Escape,Owen Wilson|Lake Bell|Pierce Brosnan|Sterling Jerins|Claire Geare,23,John Erick Dowdle,John Erick Dowdle|Drew Dowdle,David Lancaster|Michel Litvak|Drew Dowdle,Marco Beltrami|Buck Sanders
16441,The Beastmaster,Marc Singer|Tanya Roberts|Rip Torn|John Amos|Joshua Milrad,15,Don Coscarelli,Don Coscarelli|Paul Pepperman,,
29996,Solomon and Sheba,Yul Brynner|Gina Lollobrigida|George Sanders|Marisa Pavan|David Farrar,9,King Vidor,Anthony Veiller|Crane Wilbur,,
351819,Fifty Shades of Black,Marlon Wayans|Kali Hawk|Fred Willard|Mike Epps|Affion Crockett,17,Michael Tiddes,Marlon Wayans|Rick Alvarez,,
14834,Not Easily Broken,Morris Chestnut|Taraji P. Henson|Maeve Quinlan|Kevin Hart|Jenifer Lewis,7,Bill Duke,,,
22649,A Farewell to Arms,Helen Hayes|Gary Cooper|Adolphe Menjou|Mary Philips|Jack La Rue,9,Frank Borzage,Oliver H.P. Garrett|Benjamin Glazer,,W. Franke Harling|Bernhard Kaun|John Leipold
378200,The Perfect Match,Terrence Jenkins|Paula Patton|Kali Hawk|Lauren London|Brandy Norwood,15,Bille Woodruff,Gary Hardwick|Brandon Broussard|Dana Verde,,
20455,Digimon: The Movie,Lara Jill Miller|Joshua Seth|Bob Papenbrook|Doug Berholt|Steve Blum,9,Mamoru Hosoda|Shigeyasu Yamauchi,,,
13193,Saved!,Jena Malone|Mandy Moore|Macaulay Culkin|Patrick Fugit|Heather Matarazzo,12,Brian Dannelly,Brian Dannelly|Michael Urban,,
11042,The Barbarian Invasions,Rémy Girard|Stéphane Rousseau|Marie-Josée Croze|Dorothée Berryman|Louise Portal,39,Denys Arcand,Denys Arcand,Daniel Louis|Denise Robert,Pierre Aviat
10786,Robin and Marian,Sean Connery|Audrey Hepburn|Robert Shaw|Richard Harris|Nicol Williamson,8,Richard Lester,James Goldman,Denis O'Dell,John Barry
12484,The Forsaken,Kerr Smith|Brendan Fehr|Izabella Miko|Johnathon Schaech|Phina Oruche,11,J.S. Cardone,J.S. Cardone,Scott Einbinder|Carol Kottenbrook,Tim Jones|Johnny Lee Schell
17339,Force 10 from Navarone,Harrison Ford|Robert Shaw|Barbara Bach|Edward Fox|Franco Nero,13,Guy Hamilton,Robin Chapman,,
11959,UHF,"""Weird Al"" Yankovic|Victoria Jackson|Michael Richards|David Bowe|Fran Drescher",10,Jay Levey,"""Weird Al"" Yankovic|Jay Levey|Charles Holloway",Gene Kirkwood|John W. Hyde,John Du Prez
9900,Grandma's Boy,Linda Cardellini|Allen Covert|Peter Dante|Shirley Knight|Joel David Moore,22,Nicholaus Goossen,Allen Covert|Nick Swardson|Barry Wernick,Peter Dante|Nick Swardson,Waddy Wachtel
14662,Slums of Beverly Hills,Natasha Lyonne|Alan Arkin|Marisa Tomei|Eli Marienthal|Mena Suvari,11,Tamara Jenkins,Tamara Jenkins,Michael Nozik|Stan Wlodkowski,
335,Once Upon a Time in the West,Henry Fonda|Claudia Cardinale|Jason Robards|Charles Bronson|Gabriele Ferzetti,14,Sergio Leone,Sergio Leone|Sergio Leone|Dario Argento|Bernardo Bertolucci|Sergio Donati,Fulvio Morsella,Ennio Morricone
15745,Made,Vince Vaughn|Jon Favreau|Sean Combs|Famke Janssen|Peter Falk,13,Jon Favreau,Jon Favreau,Vince Vaughn|Jon Favreau,
17431,Moon,Sam Rockwell|Kevin Spacey|Dominique McElligott|Rosie Shaw|Adrienne Shaw,10,Duncan Jones,Duncan Jones|Nathan Parker,Steve Milne|Mark Foligno|Trudie Styler|Stuart Fenegan|Alex Francis,Clint Mansell
21014,Keeping Up with the Steins,Daryl Sabara|Jami Gertz|Jeremy Piven|Cheryl Hines|Carter Jenkins,12,Scott Marshall,Mark Zakarin,,
78394,Sea Rex 3D: Journey to a Prehistoric World,Guillaume Denaiffe|Norbert Ferrer|Chloe Hollings|Richard Rider|Tom Yang,5,Ronan Chapalain|Pascal Vuong,Ronan Chapalain|Pascal Vuong,Francois Mantello|Pascal Vuong|Catherine Vuong,Franck Marchal
10217,The Sweet Hereafter,Ian Holm|Caerthan Banks|Sarah Polley|Tom McCamus|Gabrielle Rose,9,Atom Egoyan,Atom Egoyan,Atom Egoyan|Camelia Frieberg,Mychael Danna
46332,Of Gods and Men,Lambert Wilson|Michael Lonsdale|Olivier Rabourdin|Philippe Laudenbach|Jacques Herlin,30,Xavier Beauvois,Xavier Beauvois,Pascal Caucheteux|Etienne Comar,
13996,Bottle Shock,Alan Rickman|Chris Pine|Bill Pullman|Rachael Taylor|Freddy Rodríguez,12,Randall Miller,Randall Miller|Jody Savin,,
3028,Jekyll and Hyde ... Together Again,Mark Blankfield|Bess Armstrong|Krista Errickson|Tim Thomerson|Michael McGuire,17,Jerry Belson,Michael J. Leeson|Jerry Belson|Monica Mcgowan Johnson|Harvey Miller,Lawrence Gordon,
1024,Heavenly Creatures,Melanie Lynskey|Kate Winslet|Sarah Peirse|Simon O'Connor|Diana Kent,14,Peter Jackson,Peter Jackson|Fran Walsh,Jim Booth,Peter Dasent
343795,90 Minutes in Heaven,Kate Bosworth|Hayden Christensen|Hudson Meek|Bobby Batson|Elizabeth Hunter,16,Michael Polish,Michael Polish,,
45658,Everything Must Go,Rebecca Hall|Will Ferrell|Glenn Howerton|Laura Dern|Christopher Jordan Wallace,17,Dan Rush,Dan Rush,,David Torn
16148,Zero Effect,Bill Pullman|Ben Stiller|Ryan O'Neal|Kim Dickens|Angela Featherstone,15,Jake Kasdan,,Janet Yang|Jake Kasdan|Naomi Despres|Lisa Henson,
4553,The Machinist,Christian Bale|Jennifer Jason Leigh|Aitana Sánchez-Gijón|John Sharian|Michael Ironside,12,Brad Anderson,Scott Kosar,Julio Fernández,Roque Baños
36351,Light Sleeper,Willem Dafoe|Susan Sarandon|Dana Delany|David Clennon|Mary Beth Hurt,9,Paul Schrader,Paul Schrader,G. Mac Brown|Linda Reisman,
245916,Kill the Messenger,Jeremy Renner|Mary Elizabeth Winstead|Michael Sheen|Ray Liotta|Robert Patrick,17,Michael Cuesta,Peter Landesman,Pamela Abdy|Jeremy Renner|Scott Stuber|Naomi Despres,
27585,Rabbit Hole,Nicole Kidman|Aaron Eckhart|Dianne Wiest|Miles Teller|Tammy Blanchard,28,John Cameron Mitchell,David Lindsay-Abaire,Nicole Kidman|Gigi Pritzker|Leslie Urdang|Dean Vanech|Per Saari,
1415,Party Monster,Seth Green|Macaulay Culkin|Chloë Sevigny|Diana Scarwid|Marilyn Manson,12,Fenton Bailey|Randy Barbato,Fenton Bailey|Randy Barbato,Christine Vachon|Fenton Bailey|Randy Barbato|Jon Marcus|Brad Simpson,James Harry
313922,Green Room,Anton Yelchin|Imogen Poots|Alia Shawkat|Joe Cole|Callum Turner,25,Jeremy Saulnier,Jeremy Saulnier,Neil Kopp|Anish Savjani|Victor Moyers,Brooke Blair|Will Blair
14474,The Oh in Ohio,Parker Posey|Danny DeVito|Paul Rudd|Mischa Barton|Miranda Bailey,7,Billy Kent,Sarah Bird|Billy Kent|Adam Wierzbianski|Adam Wierzbianski,,
199933,Atlas Shrugged Part III: Who is John Galt?,Eric Allan Kramer|Rob Morrow|Stephen Tobolowsky|Kristoffer Polaha|Lew Temple,14,James Manera,,Harmon Kaslow|John Aglialoro,
13685,Bottle Rocket,Luke Wilson|Owen Wilson|Lumi Cavazos|Andrew Wilson|Robert Musgrave,12,Wes Anderson,Owen Wilson|Wes Anderson,L.M. Kit Carson|Polly Platt|Andrew Wilson|Michael Lang|Cynthia Hargrave,Mark Mothersbaugh
8744,Albino Alligator,Matt Dillon|Faye Dunaway|Gary Sinise|William Fichtner|Viggo Mortensen,11,Kevin Spacey,Christian Forte,,Michael Brook
38428,"Gandhi, My Father",Darshan Jariwala|Akshaye Khanna|Bhumika Chawla|Shefali Shah|Vinay Jain,5,Feroz Abbas Khan,Feroz Abbas Khan,Anil Kapoor,
8847,Standard Operating Procedure,Javal Davis|Ken Davis|Tony Diaz|Tim Dugan|Lynndie England,12,Errol Morris,,Errol Morris|Julie Ahlberg,Danny Elfman
39269,Out of the Blue,Dennis Hopper|Raymond Burr|Sharon Farrell|Linda Manz|Don Gordon,5,Dennis Hopper,Dennis Hopper|Leonard Yakir|Brenda Nielson|Gary Jules Jouvenat,Jean Gontier|Leonard Yakir|Gary Jules Jouvenat,Tom Lavin
46838,Tucker and Dale vs Evil,Alan Tudyk|Tyler Labine|Katrina Bowden|Jesse Moss|Philip Granger,15,Eli Craig,Eli Craig|Morgan Jurgenson,Deepak Nayar|Morgan Jurgenson|Albert Klychak|Rosanne Milliken,Mike Shields
51384,"Lovely, Still",Martin Landau|Ellen Burstyn|Adam Scott|Elizabeth Banks,4,Nicholas Fackler,,James Lawler,
56930,Tycoon,John Wayne|Laraine Day|Cedric Hardwicke|Judith Anderson|Anthony Quinn,8,Richard Wallace,Borden Chase|John Twist,,
41730,Desert Blue,Casey Affleck|Kate Hudson|Brendan Sexton III|Christina Ricci|Ethan Suplee,17,Morgan J. Freeman,Morgan J. Freeman,,
18442,Decoys,Kim Poirier|Stefanie von Pfetten|Elias Toufexis|Meghan Ory|Ennis Esmer,11,Matthew Hastings,Franco Battista|Tom Berry|Matthew Hastings,,
298312,The Visit,Olivia DeJonge|Ed Oxenbould|Kathryn Hahn|Benjamin Kanes|Deanna Dunagan,22,M. Night Shyamalan,M. Night Shyamalan,M. Night Shyamalan|Marc Bienstock|Jason Blum|Ashwin Rajan,
11600,Redacted,Izzy Diaz|Rob Devaney|Ty Jones|Anas Wellman|Mike Figueroa,5,Brian De Palma,Brian De Palma,Jason Kliot|Joana Vicente|Simone Urdl|Jennifer Weiss,
71547,Fascination,Jacqueline Bisset|Adam Garcia|James Naughton|Stuart Wilson|Alice Evans,9,Klaus Menzel,Klaus Menzel,,
57876,Area 51,Reid Warner|Darrin Bragg|Ben Rovner|Jelena Nik|Roy Abramsohn,20,Oren Peli,Oren Peli,Jason Blum|Steven Schneider,
77495,Sleep Tight,Luis Tosar|Marta Etura|Alberto San Juan|Petra Martínez|Iris Almeida,10,Jaume Balagueró,Alberto Marini,,Lucas Vidal
13849,The Cottage,Andy Serkis|Reece Shearsmith|Jennifer Ellison|Steven O'Donnell|James Bierman,15,Paul Andrew Williams,,Martin Pope|Ken Marshall,
14849,Dead Like Me: Life After Death,Ellen Muth|Jasmine Guy|Callum Blue|Sarah Wynter|Britt McKillip,16,Stephen Herek,Stephen Godchaux|John Masius,,
12486,Farce of the Penguins,Samuel L. Jackson|Jim Belushi|Whoopi Goldberg|Christina Applegate|Jason Biggs,10,Bob Saget,Bob Saget,David Permut|Bob Saget,Peter Rodgers Melnick
19615,Flying By,Billy Ray Cyrus|Heather Locklear|Ahnaise Christmas|Arabella Field|Mo Collins,22,,,,
244403,Rudderless,Billy Crudup|Anton Yelchin|Felicity Huffman|Selena Gomez|Laurence Fishburne,11,William H. Macy,William H. Macy|Jeff Robison|Casey Twenter,Jeff Rice|Keith Kjarval|Brad Greiner,
292481,Henry & Me,Richard Gere|Luis Guzmán|Chazz Palminteri|Cyndi Lauper|Lucie Arnaz,10,Barrett Esposito,David I. Stern,,
340816,Christmas Eve,Patrick Stewart|Cheryl Hines|Gary Cole|Jon Heder|James Roday,14,Mitch Davis,Mitch Davis|Tyler McKellar,Larry King|Mitch Davis|Ken Bretschneider|Shawn Southwick,Christian Davis
78814,We Have Your Husband,Teri Polo|Esai Morales|Nicholas Gonzalez|Olivia d'Abo|William R. Moses,15,Eric Bross,,Tosca Musk|Kyle A. Clark,Joseph Julián González
297596,Dying of the Light,Nicolas Cage|Anton Yelchin|Alexander Karim|Irène Jacob|Aymen Hamdouchi,15,Paul Schrader,Paul Schrader,Todd Williams|David Grovic|Scott Clayton|Gary A. Hirsch,Frederik Wiedmann
299552,Born Of War,James Frain|Sofia Black-D'Elia|Lydia Leonard|Joey Ansah|Michael Maloney,9,Vicky Jewson,Vicky Jewson|Rupert Whitaker,Rupert Whitaker,
11935,Capricorn One,Elliott Gould|James Brolin|Brenda Vaccaro|Sam Waterston|O.J. Simpson,16,Peter Hyams,Peter Hyams,Paul Lazarus III,Jerry Goldsmith
113406,Should've Been Romeo,Paul Ben-Victor|Ed Asner|Jordenn Thompson|Carol Kane|Michael Rapaport,15,Marcia Bennett,Michael Goldberg|Paul Ben-Victor|Paul Ben-Victor|Greg Ferkel|Leah Kornfeld-Friedman,Paul Ben-Victor|Gregory Segal,
447027,Running Forever,,0,,,,
290825,Yoga Hosers,Lily-Rose Depp|Harley Quinn Smith|Justin Long|Austin Butler|Adam Brody,24,Kevin Smith,Kevin Smith,Jennifer Schwalbach Smith|Jordan Monsanto|Elizabeth Destro,Christopher Drake
361159,Navy Seals vs. Zombies,"Ed Quinn|Michael Dudikoff|Rick Fox|Chad ""Gunner"" Lail|Molly Hagan",16,Stanton Barrett,Matthew Carpenter|A.K. Waters,Benjamin Sacks|Jason Hewitt|Robert Markovich|Steve Shellanksi,Patrick de Caumette
12555,I Served the King of England,Ivan Barnev|Oldřich Kaiser|Julia Jentsch|Marián Labuda|Martin Huba,9,Jiří Menzel,Jiří Menzel,Rudolf Biermann,Aleš Březina
31175,Soul Kitchen,Adam Bousdoukos|Birol Ünel|Moritz Bleibtreu|Wotan Wilke Möhring|Dorka Gryllus,18,Fatih Akin,Adam Bousdoukos,,
12498,Sling Blade,Billy Bob Thornton|Dwight Yoakam|J. T. Walsh|John Ritter|Lucas Black,17,Billy Bob Thornton,Billy Bob Thornton,David L. Bushell|Brandon Rosser,Daniel Lanois
77949,The Awakening,Rebecca Hall|Dominic West|Imelda Staunton|Isaac Hempstead-Wright|Lucy Cohu,30,Nick Murphy,Stephen Volk|Nick Murphy,,Daniel Pemberton
1690,Hostel,Jay Hernandez|Derek Richardson|Eythor Gudjonsson|Barbara Nedeljakova|Jana Kaderabkova,15,Eli Roth,Eli Roth,Chris Briggs|Mike Fleiss|Eli Roth,Nathan Barr
8435,A Cock and Bull Story,Steve Coogan|Rob Brydon|Keeley Hawes|Shirley Henderson|Raymond Waring,41,Michael Winterbottom,,Andrew Eaton,Edward Nogria
64720,Take Shelter,Michael Shannon|Jessica Chastain|Katy Mixon|Shea Whigham|Ray McKinnon,18,Jeff Nichols,Jeff Nichols,Sophia Lin|Tyler Davidson,
49365,Lady in White,Lukas Haas|Len Cariou|Alex Rocco|Katherine Helmond|Jason Presson,12,Frank LaLoggia,Frank LaLoggia,,Frank LaLoggia
11404,Driving Lessons,Laura Linney|Rupert Grint|Julie Walters|Michelle Duncan|Oliver Milburn,15,Jeremy Brock,Jeremy Brock,Julia Chasman,John Renbourn|Clive Carroll
300706,Let's Kill Ward's Wife,Patrick Wilson|Scott Foley|Amy Acker|Donald Faison|Dagmara Domińczyk,8,Scott Foley,Scott Foley,,
16337,The Texas Chainsaw Massacre 2,Dennis Hopper|Caroline Williams|Jim Siedow|Bill Moseley|Bill Johnson,12,Tobe Hooper,Tobe Hooper|L.M. Kit Carson,Menahem Golan|Yoram Globus,
11577,Pat Garrett & Billy the Kid,James Coburn|Kris Kristofferson|Richard Jaeckel|Katy Jurado|Chill Wills,37,Sam Peckinpah,Rudy Wurlitzer,Gordon Carroll,Bob Dylan
77987,Only God Forgives,Ryan Gosling|Kristin Scott Thomas|Gordon Brown|Tom Burke|Vithaya Pansringarm,11,Nicolas Winding Refn,Nicolas Winding Refn,Lene Børglum,Cliff Martinez
40185,Camping Sauvage,Denis Lavant|Isild Le Besco|Pascal Bongard|Jean-Michel Guerin|Martine Demaret,9,Christophe Ali|Nicolas Bonilauri,Christophe Ali|Nicolas Bonilauri,,
68202,Without Men,Eva Longoria|Christian Slater|Oscar Nunez|Kate del Castillo|Mónica Huarte,15,Gabriela Tagliavini,,,
8981,Dear Frankie,Gerard Butler|Emily Mortimer|Jack McElhone|Sharon Small|Katy Murphy,14,Shona Auerbach,Andrea Gibb,Caroline Wood,Alex Heffes
10914,All Hat,Rachael Leigh Cook|Luke Kirby|Keith Carradine|Lisa Ray|Graham Greene,6,Leonard Farlinger,Brad Smith,Jennifer Jonas,Bill Frisell
50848,The Names of Love,Jacques Gamblin|Sara Forestier|Zinedine Soualem|Jacques Boudet|Carole Franck,16,Michel Leclerc,Michel Leclerc|Baya Kasmi,,
166624,Treading Water,Douglas Smith|Zoë Kravitz|Ariadna Gil|Don McKellar|Kim Ly,7,Analeine Cal y Mayor,Javier Gullón|Analeine Cal y Mayor,,
10822,Savage Grace,Julianne Moore|Stephen Dillane|Eddie Redmayne|Elena Anaya|Hugh Dancy,15,Tom Kalin,Howard A. Rodman,Pamela Koffler,Fernando Velázquez
10844,Out of the Blue,Karl Urban|Tandi Wright|Simon Ferry|Matthew Sunderland|Lois Lawn,23,Robert Sarkies,,Timothy White|Steven O'Meagher|Tim White,Victoria Kelly
9336,Police Academy,Steve Guttenberg|Kim Cattrall|G. W. Bailey|Bubba Smith|Donovan Scott,19,Hugh Wilson,Hugh Wilson|Pat Proft|Pat Proft|Neal Israel|Neal Israel,Paul Maslansky,Robert Folk
5689,The Blue Lagoon,Brooke Shields|Christopher Atkins|Leo McKern|William Daniels|Jeffrey Kleiser,13,Randal Kleiser,Douglas Day Stewart,Randal Kleiser,Basil Poledouris
712,Four Weddings and a Funeral,Hugh Grant|Andie MacDowell|James Fleet|Simon Callow|John Hannah,29,Mike Newell,Richard Curtis,Duncan Kenworthy,
13342,Fast Times at Ridgemont High,Sean Penn|Jennifer Jason Leigh|Judge Reinhold|Phoebe Cates|Brian Backer,34,Amy Heckerling,Cameron Crowe,Art Linson|Irving Azoff,
10339,Moby Dick,Gregory Peck|Richard Basehart|Leo Genn|James Robertson Justice|Harry Andrews,10,John Huston,John Huston|Ray Bradbury,John Huston|Vaughan N. Dean,Philip Sainton
1429,25th Hour,Edward Norton|Philip Seymour Hoffman|Barry Pepper|Rosario Dawson|Anna Paquin,18,Spike Lee,David Benioff,Tobey Maguire|Jon Kilik|Spike Lee|Julia Chasman,Terence Blanchard
9303,Bound,Jennifer Tilly|Gina Gershon|Joe Pantoliano|John P. Ryan|Christopher Meloni,14,Lilly Wachowski|Lana Wachowski,Lilly Wachowski|Lana Wachowski,Andrew Lazar|Stuart Boros,Don Davis
641,Requiem for a Dream,Ellen Burstyn|Jared Leto|Jennifer Connelly|Marlon Wayans|Christopher McDonald,27,Darren Aronofsky,Darren Aronofsky|Hubert Selby Jr.,Eric Watson|Palmer West,Clint Mansell
27686,State Fair,Jeanne Crain|Dana Andrews|Dick Haymes|Vivian Blaine|Charles Winninger,13,Walter Lang,,,
65749,Tango,Miguel Ángel Solá|Cecilia Narova|Mía Maestro|Juan Carlos Copes,4,Carlos Saura,Carlos Saura,,Lalo Schifrin
6106,Salvador,James Woods|Jim Belushi|Michael Murphy|John Savage|Tony Plana,15,Oliver Stone,Oliver Stone|Rick Boyle,Oliver Stone|Bob Morones|Brad H. Aronson|Gerald Green,Georges Delerue
252680,Moms' Night Out,Sarah Drew|Sean Astin|Patricia Heaton|Logan White|Robert Amaya,22,Jon Erwin|Andrew Erwin,Andrea Gyertson Nasfell|Jon Erwin,David A.R. White|Kevin Downes|Jon Erwin|Andrew Erwin|Michael Scott,Steffan Fantini|Marc Fantini
141,Donnie Darko,Jake Gyllenhaal|Jena Malone|Patrick Swayze|Maggie Gyllenhaal|Drew Barrymore,28,Richard Kelly,Richard Kelly,Adam Fields|Sean McKittrick|Nancy Juvonen,Michael Andrews
66607,Saving Private Perez,Joaquín Cosio|Gerardo Taracena|Jaime Camil|Miguel Rodarte|Jesús Ochoa,5,Beto Gómez,,,
17139,Character,Jan Decleir|Fedja van Huêt|Betty Schuurman|Tamar van den Dop,4,Mike van Diem,Mike van Diem|Ferdinand Bordewijk,,
12079,Spun,Jason Schwartzman|Mickey Rourke|Brittany Murphy|John Leguizamo|Chloe Hunter,21,Jonas Åkerlund,Will De Los Santos|Creighton Vero,Chris Hanley|Timothy Wayne Peternel|Fernando Sulichin|Danny Vinik,
39800,Life During Wartime,Ally Sheedy|Paul Reubens|Shirley Henderson|Allison Janney|Michael Kenneth Williams,12,Todd Solondz,Todd Solondz,,
4550,Sympathy for Lady Vengeance,Choi Min-sik|Lee Young-ae|Kwon Yea-young|Go Soo-hee|Kim Bu-seon,18,Park Chan-wook,Park Chan-wook|Jeong Seo-gyeong,Chun-yeong Lee|Tae-hun Lee|Young-wuk Cho|J.J. Harris|Beth Kono,Choi Seung-hyun
62116,Mozart's Sister,Marie Féret|Marc Barbé|Delphine Chuillot|David Moreau,4,René Féret,René Féret,,
9991,Mean Machine,Vinnie Jones|David Kelly|David Hemmings|Ralph Brown|Vas Blackwood,24,Barry Skolnick,,Matthew Vaughn|Georgia Masters,John Murphy|Marilyn Manson
13807,Exiled,Anthony Wong|Francis Ng|Simon Yam|Nick Cheung|Richie Ren,15,Johnnie To,Yip Tin-Shing|Szeto Kam-Yuen,,Guy Zerafa
68818,Blackthorn,Sam Shepard|Magaly Solier|Eduardo Noriega|Stephen Rea|Daniel Aguirre,15,Mateo Gil,Miguel Barros,Andrés Santana|Ibon Cormenzana,Lucio Godoy
12093,Lilya 4-ever,Oksana Akinshina|Artyom Bogucharsky|Lyubov Agapova|Liliya Shinkaryova|Elina Benenson,5,Lukas Moodysson,Lukas Moodysson,Lars Jönsson,
36419,After.Life,Liam Neeson|Justin Long|Christina Ricci|Josh Charles|Chandler Canterbury,20,Agnieszka Wojtowicz-Vosloo,Agnieszka Wojtowicz-Vosloo|Paul Vosloo|Jakub Korolczuk,Bill Perkins|Celine Rattray|Brad M. Gilbert,
281730,Fugly,Jimmy Shergill|Mohit Marwah|Kiara Advani|Vijendar Singh|Arfi Lamba,6,Kabir Sadanand,Rahul Handa,,
510,One Flew Over the Cuckoo's Nest,Jack Nicholson|Louise Fletcher|Danny DeVito|William Redfield|Scatman Crothers,33,Miloš Forman,Bo Goldman|Lawrence Hauben,Saul Zaentz|Michael Douglas,Jack Nitzsche
362105,R.L. Stine's Monsterville: The Cabinet of Souls,Dove Cameron|Katherine McNamara|Ryan McCartan|Laine MacNeil|Briana Buckmaster,17,Peter DeLuise,Billy Brown|Dan Angel,,
10970,Silent Movie,Mel Brooks|Marty Feldman|Dom DeLuise|Sid Caesar|Harold Gould,19,Mel Brooks,Barry Levinson|Mel Brooks|Ron Clark|Ron Clark|Rudy De Luca,Michael Hertzberg,John Morris
375290,Airlift,Akshay Kumar|Nimrat Kaur|Feryna Wazheir|Lena|Purab Kohli,19,Raja Menon,Raja Menon|Suresh Nair|Ritesh Shah,Nikhil Advani|Bhushan Kumar|Shivaji Dasgupta|Monisha Advani,
17663,Anne of Green Gables,Megan Follows|Colleen Dewhurst|Richard Farnsworth|Patricia Hamilton|Marilyn Lightstone,8,Kevin Sullivan,,,
270938,Falcon Rising,Michael Jai White|Neal McDonough|Lateef Crowder|Laila Ali|Hazuki Kato,21,Ernie Barbarash,Y.T. Parazi,Ernst Etchie Stroh|Shahar Stroh,Neal Acree
116613,The Sweeney,Ray Winstone|Ben Drew|Hayley Atwell|Damian Lewis|Alan Ford,28,Nick Love,John Hodge|Nick Love,James Richardson|Rupert Preston|Allan Niblo|Christopher Simon|Felix Vossen,
11826,Sexy Beast,Ray Winstone|Ben Kingsley|Ian McShane|Amanda Redman|James Fox,8,Jonathan Glazer,Louis Mellis|David Scinto,Jeremy Thomas,
29920,Easy Money,Joel Kinnaman|Matias Varela|Dragomir Mrsic|Lisa Henni|Mahmut Suvakci,12,Daniel Espinosa,Fredrik Wikström|Maria Karlsson|Hassan Loo Sattarvandi,Fredrik Wikström,Jon Ekstrand
1088,Whale Rider,Keisha Castle-Hughes|Rawiri Paratene|Vicky Haughton|Cliff Curtis|Grant Roa,12,Niki Caro,Niki Caro,John Barnett|Tim Sanders|Frank Hübner,Lisa Gerrard
26379,Paa,Amitabh Bachchan|Abhishek Bachchan|Vidya Balan|Paresh Rawal|Arundathi Nag,7,,,Amitabh Bachchan|Abhishek Bachchan,
34069,Cargo,Martin Rapold|Anna-Katharina Schwabroh|Regula Grauwiller|Yangzom Brauen|Michael Finger,10,Ivan Engler|Ralph Etter,Ivan Engler|Arnold Bucher|Patrik Steinmann|Thilo Röscheisen|Johnny Hartmann,Marcel Wolfisberg,Fredrik Strömberg
10947,High School Musical,Zac Efron|Vanessa Hudgens|Ashley Tisdale|Lucas Grabeel|Corbin Bleu,14,Kenny Ortega,Peter Barsocchini,Don Schain,David Lawrence
47452,Love and Death on Long Island,John Hurt|Jason Priestley|Sheila Hancock|Maury Chaykin|Fiona Loewi,8,Richard Kwietniowski,Richard Kwietniowski,,
3040,Night Watch,Konstantin Khabenskiy|Vladimir Menshov|Galina Tyunina|Mariya Poroshina|Zhanna Friske,18,Timur Bekmambetov,Laeta Kalogridis|Timur Bekmambetov,Anatoly Maksimov,Yuriy Poteenko
11386,The Crying Game,Stephen Rea|Jaye Davidson|Miranda Richardson|Forest Whitaker|Adrian Dunbar,18,Neil Jordan,Neil Jordan,Stephen Woolley,Anne Dudley
10246,Porky's,Dan Monahan|Mark Herrier|Wyatt Knight|Cyril O'Reilly|Kaki Hunter,44,Bob Clark,Bob Clark,Don Carmody|Bob Clark,Paul Zaza|Carl Zittrer
29426,Survival of the Dead,Alan van Sprang|Kenneth Welsh|Kathleen Munroe|Devon Bostick|Richard Fitzpatrick,8,George A. Romero,George A. Romero,Paula Devonshire,
10331,Night of the Living Dead,Duane Jones|Judith O'Dea|Karl Hardman|Marilyn Eastman|Keith Wayne,13,George A. Romero,George A. Romero|John A. Russo,Russell Streiner|Karl Hardman,
153,Lost in Translation,Bill Murray|Scarlett Johansson|Anna Faris|Giovanni Ribisi|Akiko Takeshita,22,Sofia Coppola,Sofia Coppola,Francis Ford Coppola|Sofia Coppola|Ross Katz,Kevin Shields
703,Annie Hall,Woody Allen|Diane Keaton|Tony Roberts|Carol Kane|Paul Simon,48,Woody Allen,Woody Allen|Marshall Brickman,Charles H. Joffe|Jack Rollins|Fred T. Gallo,
27191,The Greatest Show on Earth,Betty Hutton|Cornel Wilde|Charlton Heston|Dorothy Lamour|Gloria Grahame,33,Cecil B. DeMille,Fredric M. Frank|Fredric M. Frank|Theodore St. John|Theodore St. John,,
1365,Monster's Ball,Halle Berry|Billy Bob Thornton|Heath Ledger|Sean Combs|Coronji Calhoun,18,Marc Forster,Milo Addica|Will Rokos,Lee Daniels,
287424,Maggie,Arnold Schwarzenegger|Abigail Breslin|Joely Richardson|Douglas M. Griffin|J.D. Evermore,26,Henry Hobson,John Scott 3,Arnold Schwarzenegger|Bill Johnson|Pierre-Ange Le Pogam|Colin Bates|Matthew Baer,David Wingo
451,Leaving Las Vegas,Nicolas Cage|Elisabeth Shue|Julian Sands|Richard Lewis|Steven Weber,14,Mike Figgis,Mike Figgis,Lila Cazès|Annie Stewart,Mike Figgis
165864,Hansel and Gretel Get Baked,Molly C. Quinn|Michael Welch|Lara Flynn Boyle|Cary Elwes|Lochlyn Munro,7,Duane Journey,David Tillman,,
987,The Front Page,Jack Lemmon|Walter Matthau|Susan Sarandon|Vincent Gardenia|David Wayne,23,Billy Wilder,Billy Wilder|I. A. L. Diamond,Paul Monash,
241251,The Boy Next Door,Jennifer Lopez|Ryan Guzman|Ian Nelson|John Corbett|Kristin Chenoweth,19,Rob Cohen,Barbara Curry,Jennifer Lopez|John Jacobs|Elaine Goldsmith-Thomas|Jason Blum,Nathan Barr
40494,Trapeze,Burt Lancaster|Tony Curtis|Gina Lollobrigida|Katy Jurado|Thomas Gomez,15,Carol Reed,Ben Hecht|Wolf Mankowitz|James R. Webb,James Hill,Malcolm Arnold
39781,The Kids Are All Right,Julianne Moore|Annette Bening|Mark Ruffalo|Mia Wasikowska|Josh Hutcherson,16,Lisa Cholodenko,Stuart Blumberg,Gary Gilbert|Celine Rattray|Jeffrey Kusama-Hinte|Daniela Taplin Lundberg|Phillippe Hellmann,
8337,They Live,Roddy Piper|Keith David|Meg Foster|George Buck Flower|Peter Jason,47,John Carpenter,John Carpenter,Larry J. Franco,John Carpenter|Alan Howarth
5925,The Great Escape,Steve McQueen|James Garner|Richard Attenborough|James Donald|Charles Bronson,27,John Sturges,James Clavell|W.R. Burnett,John Sturges|James Clavell,Elmer Bernstein
8357,What the #$*! Do We (K)now!?,Marlee Matlin|Elaine Hendrix|Robert Blanche|John Ross Bowie|Robert Bailey Jr.,5,William Arntz|Betsy Chasse,,,Christopher Franke
146203,The Last Exorcism Part II,Ashley Bell|Julia Garner|Andrew Sensenig|Spencer Treat Clark|Judd Lormand,7,Ed Gass-Donnelly,Damien Chazelle|Ed Gass-Donnelly,,
85350,Boyhood,Ellar Coltrane|Patricia Arquette|Ethan Hawke|Elijah Smith|Lorelei Linklater,81,Richard Linklater,Richard Linklater,Richard Linklater|John Sloss|Jonathan Sehring|Cathleen Sutherland,
512,Scoop,Scarlett Johansson|Hugh Jackman|Woody Allen|Ian McShane|Kevin McNally,47,Woody Allen,,Letty Aronson|Nicky Kentish Barnes|Gareth Wiley|Helen Robin|Charles H. Joffe,
13408,The Wash,Dr. Dre|Snoop Dogg|DJ Pooh|Angell Conwell|Bruce Bruce,9,DJ Pooh,,,
47816,3 Strikes,Brian Hooks|N'Bushe Wright|Faizon Love|E-40|Starletta DuPois,13,DJ Pooh,DJ Pooh,,
10744,The Cooler,William H. Macy|Alec Baldwin|Maria Bello|Shawn Hatosy|Paul Sorvino,13,Wayne Kramer,Wayne Kramer|Frank Hannah,Sean Furst|Michael A. Pierce,Mark Isham
11536,The Misfits,Clark Gable|Marilyn Monroe|Montgomery Clift|Thelma Ritter|Eli Wallach,10,John Huston,Arthur Miller,Frank E. Taylor,Alex North
9782,The Night Listener,Toni Collette|Robin Williams|Joe Morton|Bobby Cannavale|Rory Culkin,15,Patrick Stettner,,John Hart|Jeffrey Sharp|Jill Footlick|Robert Kessel,Peter Nashel
18713,The Jerky Boys,John G. Brennan|Kamal Ahmed|Alan Arkin|William Hickey|Vincent Pastore,9,James Melkonian,,,
6537,The Orphanage,Belén Rueda|Fernando Cayo|Roger Príncep|Mabel Rivera|Montserrat Carulla,10,Juan Antonio Bayona,Sergio G. Sánchez,Álvaro Augustín|Mar Targarona|Joaquín Padró,Fernando Velázquez
184345,A Haunted House 2,Marlon Wayans|Jaime Pressly|Essence Atkins|Gabriel Iglesias|Missi Pyle,14,Michael Tiddes,Marlon Wayans|Rick Alvarez,,
1809,The Rules of Attraction,James Van Der Beek|Shannyn Sossamon|Ian Somerhalder|Jessica Biel|Kate Bosworth,19,Roger Avary,Roger Avary|Bret Easton Ellis,,
2370,Topaz,Frederick Stafford|Dany Robin|Claude Jade|Michel Subor|Karin Dor,17,Alfred Hitchcock,Samuel A. Taylor,Alfred Hitchcock|Herbert Coleman,Maurice Jarre
9809,Let's Go to Prison,Dax Shepard|Will Arnett|Chi McBride|David Koechner|Dylan Baker,20,Bob Odenkirk,,Marc Abraham|Matt Berenson|Betsy Danbury|Scott Lew|Paul Young,Alan Elliott
5,Four Rooms,Tim Roth|Antonio Banderas|Jennifer Beals|Madonna|Marisa Tomei,24,Allison Anders|Alexandre Rockwell|Robert Rodriguez|Quentin Tarantino,Allison Anders|Alexandre Rockwell|Robert Rodriguez|Quentin Tarantino,Lawrence Bender,Combustible Edison
11013,Secretary,James Spader|Maggie Gyllenhaal|Jeremy Davies|Lesley Ann Warren|Stephen McHattie,9,Steven Shainberg,Erin Cressida Wilson,Amy Hobby|Andrew Fierberg|Steven Shainberg,Angelo Badalamenti
19153,The Real Cancun,Laura Ramsey,1,Rick de Oliveira,,,
10132,Talk Radio,Eric Bogosian|Ellen Greene|Leslie Hope|John C. McGinley|Alec Baldwin,7,Oliver Stone,Oliver Stone|Eric Bogosian,A. Kitman Ho|Edward R. Pressman,Stewart Copeland
16448,Waiting for Guffman,Christopher Guest|Eugene Levy|Fred Willard|Catherine O'Hara|Michael Hitchcock,16,Christopher Guest,Christopher Guest|Eugene Levy,,
15122,Love Stinks,French Stewart|Bridgette Wilson|Bill Bellamy|Tyra Banks|Tiffani Thiessen,8,Jeff Franklin,,,
8141,You Kill Me,Ben Kingsley|Téa Leoni|Luke Wilson|Bill Pullman|Dennis Farina,15,John Dahl,Christopher Markus|Stephen McFeely,Carol Baum|Al Corley|Eugene Musso|Bart Rosenblatt|Howard Rosenman,Marcelo Zarvos
1546,Thumbsucker,Lou Taylor Pucci|Tilda Swinton|Vincent D'Onofrio|Keanu Reeves|Benjamin Bratt,8,Mike Mills,Mike Mills,Anthony Bregman|Bob Stephenson,Tim DeLaughter
48572,Red State,Michael Parks|John Goodman|Melissa Leo|Michael Angarano|Kyle Gallner,38,Kevin Smith,Kevin Smith,Jonathan Gordon,
14517,Mirrormask,Stephanie Leonidas|Jason Barry|Rob Brydon|Gina McKee|Dora Bryan,13,Dave McKean,Neil Gaiman|Dave McKean,,
89708,Samsara,Marcos Luna|Putu Dinda Pratika|Puti Sri Candra Dewi|Ni Made Megahadi Pratiwi,4,Ron Fricke,Ron Fricke|Mark Magidson,Mark Magidson,
27551,The Barbarians,Peter Paul|David Paul|Richard Lynch|Eva LaRue|Virginia Bryant,26,Ruggero Deodato,James R. Silke,Menahem Golan|Yoram Globus,
64678,The Art of Getting By,Freddie Highmore|Emma Roberts|Michael Angarano|Elizabeth Reaser|Alicia Silverstone,18,Gavin Wiesen,Gavin Wiesen,Kara Baker|Darren Goldberg|P. Jennifer Dana|Gia Walsh,
309503,Zipper,Patrick Wilson|Lena Headey|Richard Dreyfuss|Ray Winstone|John Cho,21,Mora Stephens,Joel Viertel|Mora Stephens,Marina Grasic|Mark Heyman|Joel Viertel|R. Bryan Wright|Amy Mitchell-Smith,H. Scott Salinas
14293,Poolhall Junkies,Ricky Schroder|Chazz Palminteri|Rod Steiger|Michael Rosenbaum|Mars Callahan,7,Mars Callahan,Mars Callahan|Chris Corso,,
15059,The Loss of Sexual Innocence,Julian Sands|Saffron Burrows|Justin Chadwick|Stefano Dionisi|Kelly Macdonald,15,Mike Figgis,,Mike Figgis|Annie Stewart,
103328,Holy Motors,Eva Mendes|Kylie Minogue|Michel Piccoli|Edith Scob|Denis Lavant,19,Leos Carax,Leos Carax,Martine Marignac|Maurice Tinchant,
157847,Joe,Nicolas Cage|Tye Sheridan|Ronnie Gene Blevins|Sue Rock|Heather Kafka,21,David Gordon Green,Gary Hawkins,Lisa Muskat|David Gordon Green|Derrick Tseng|Christopher Woodrow,Jeff McIlwain
25719,Shooting Fish,Dan Futterman|Stuart Townsend|Kate Beckinsale|Rowena Cooper|Scott Charles,38,Stefan Schwartz,Richard Holmes|Stefan Schwartz,,
48309,Prison,Viggo Mortensen|Chelsea Field|Lane Smith|Lincoln Kilpatrick|Tom Everett,15,Renny Harlin,C. Courtney Joyner,Irwin Yablans,Richard Band|Christopher L. Stone
27723,Psycho Beach Party,Lauren Ambrose|Nicholas Brendon|Amy Adams|Charles Busch|Thomas Gibson,11,Robert Lee King,Charles Busch,,
20468,The Big Tease,Craig Ferguson|David Rasche|Mary McCormack|Donal Logue|Nina Siemaszko,11,Kevin Allen,Sacha Gervasi|Craig Ferguson,,
242575,"Guten Tag, Ramón",Adriana Barraza|Rüdiger Evers|Hector Kotsifakis|Franziska Kruse|Arcelia Ramírez,19,Jorge Ramírez Suárez,Jorge Ramírez Suárez,,
44945,Trust,Clive Owen|Catherine Keener|Liana Liberato|Jason Clarke|Viola Davis,32,David Schwimmer,Andy Bellin|Robert Festinger,Robert Greenhut|David Schwimmer|Heidi Jo Markel|Tom Hodges|Ed Cathell III,
29122,An Everlasting Piece,Barry McEvoy|Brían F. O'Byrne|Anna Friel|Pauline McLynn|Ruth McCabe,8,Barry Levinson,Barry McEvoy,,
125123,Among Giants,Pete Postlethwaite|Rachel Griffiths|Andy Serkis|Lennie James|James Thornton,7,Sam Miller,Simon Beaufoy,,
111190,Adore,Naomi Watts|Robin Wright|Xavier Samuel|James Frecheville|Ben Mendelsohn,23,Anne Fontaine,Christopher Hampton,Andrew Mason|Philippe Carcassonne|Barbara Gibbs|Michel Feller,Christopher Gordon
133575,The Velocity of Gary,Vincent D'Onofrio|Salma Hayek|Thomas Jane|Olivia d'Abo,4,Dan Ireland,James Still,,
54580,Mondays in the Sun,Javier Bardem|Luis Tosar|Nieve de Medina|Enrique Villén|Celso Bugallo,11,Fernando León de Aranoa,Fernando León de Aranoa|Ignacio del Moral,Elías Querejeta|Jaume Roures|Andrea Occhipinti|Jérôme Vidal,Lucio Godoy
52015,Stake Land,Danielle Harris|Kelly McGillis|Nick Damici|Connor Paolo|Gregory Jones,14,Jim Mickle,Nick Damici|Jim Mickle,Larry Fessenden|Derek Curl|Adam Folk|Brent Kunkle|Peter Phok,Jeff Grace
34941,The Last Time I Committed Suicide,Thomas Jane|Keanu Reeves|Claire Forlani|Gretchen Mol|Adrien Brody,12,Stephen T. Kay,Stephen T. Kay,,
227975,Futuro Beach,Wagner Moura|Clemens Schick|Jesuíta Barbosa|Sabine Timoteo|Sophie Charlotte Conrad,6,Karim Aïnouz,Karim Aïnouz|Felipe Bragança|Marco Dutra,Hank Levine|Geórgia Costa Araújo,
60422,Another Happy Day,Ellen Barkin|Ezra Miller|Kate Bosworth|Demi Moore|George Kennedy,10,Sam Levinson,Sam Levinson,Todd Traina|Pamela Lynn Fielder,
81390,A Lonely Place to Die,Melissa George|Ed Speleers|Eamonn Walker|Alec Newman|Karel Roden,11,Julian Gilbey,Julian Gilbey|Will Gilbey,Michael Loveday,
10981,Nothing,David Hewlett|Andrew Miller|Gordon Pinsent|Marie-Josée Croze,4,Vincenzo Natali,Vincenzo Natali|Andrew Miller|Andrew Lowery,Steven Hoban,Michael Andrews
225235,The Geographer Drank His Globe Away,Konstantin Khabenskiy|Elena Lyadova|Aleksandr Robak|Evgeniya Khirivskaya|Agrippina Steklova,7,Aleksandr Veledinskiy,Valery Todorovsky|Aleksandr Veledinskiy|Rauf Kubayev,,
14902,1776,William Daniels|Howard Da Silva|Ken Howard|Blythe Danner|Donald Madden,11,Peter H. Hunt,Peter Stone,,
121676,Inescapable,Alexander Siddig|Joshua Jackson|Marisa Tomei|Oded Fehr|Saad Siddiqui,7,Ruba Nadda,Ruba Nadda,,
22301,Hell's Angels,Ben Lyon|James Hall|Jean Harlow|John Darrow|Lucien Prival,9,James Whale|Howard Hughes|Edmund Goulding,Harry Behn|Howard Estabrook|Howard Estabrook,,
20065,Purple Violets,Selma Blair|Patrick Wilson|Edward Burns|Debra Messing|Dennis Farina,17,Edward Burns,Edward Burns,Edward Burns|Margot Bridger|Aaron Lubin|Nicole Marra|Pamela Schein Murphy,
257087,The Veil,Jessica Alba|Thomas Jane|Lily Rabe|Shannon Woodward|Aleksa Palladino,36,Phil Joanou,Ben Garant,Ben Garant|Jason Blum,
46420,The Loved Ones,Xavier Samuel|Jessica McNamee|Robin McLeavy|Victoria Thaine|John Brumpton,9,Sean Byrne,Sean Byrne,Michael Boughen|Mark Lazarus,
114635,The Helpers,Kristen Quintrall|Denyce Lawton|JoJo Wright|Rachel Sterling|Black Thomas,12,Chris Stokes,,,
158150,How to Fall in Love,Brooke D'Orsay|Eric Mabius|Jody Thompson|Gina Holden|Panou,10,Mark Griffiths,Bart Fisher,,
251979,The Perfect Wave,Scott Eastwood|Cheryl Ladd|Patrick Lyster|Rachel Hendrix|Scott Mortensen,6,Bruce MacDonald,Roger Hawkins|William A. Wood III,Bruce MacDonald|S. Bryan Hickox,
874,A Man for All Seasons,Paul Scofield|Wendy Hiller|Leo McKern|Robert Shaw|Orson Welles,25,Fred Zinnemann,Robert Bolt,Fred Zinnemann,Georges Delerue
10774,Network,Faye Dunaway|William Holden|Peter Finch|Robert Duvall|Wesley Addy,23,Sidney Lumet,Paddy Chayefsky,Fred C. Caruso|Howard Gottfried,Elliot Lawrence
770,Gone with the Wind,Vivien Leigh|Clark Gable|Olivia de Havilland|Thomas Mitchell|Leslie Howard,133,Victor Fleming,Ben Hecht|Sidney Howard|John Van Druten|Jo Swerling|Oliver H.P. Garrett,David O. Selznick,Max Steiner
266102,Desert Dancer,Freida Pinto|Reece Ritchie|Tom Cullen|Nazanin Boniadi|Marama Corlett,10,Richard Raymond,Jon Croker,Pippa Cross|Izabella Miko|Richard Raymond|Luis Astorquia|Fabiola Beracasa,
29715,Major Dundee,Charlton Heston|Richard Harris|Jim Hutton|James Coburn|Michael Anderson Jr.,14,Sam Peckinpah,Sam Peckinpah|Oscar Saul|Harry Julian Fink|Harry Julian Fink,Jerry Bresler,Daniele Amfitheatrof
25209,Annie Get Your Gun,Betty Hutton|Howard Keel|Louis Calhern|J. Carrol Naish|Edward Arnold,6,George Sidney,Sidney Sheldon,Arthur Freed,
37495,Four Lions,Riz Ahmed|Nigel Lindsay|Kayvan Novak|Adeel Akhtar|Arsher Ali,20,Chris Morris,Jesse Armstrong|Sam Bain|Simon Blackwell|Chris Morris,Mark Herbert|Derrin Schlesinger,
29262,The House of Sand,Fernanda Montenegro|Ruy Guerra|Fernanda Torres|Seu Jorge|Stênio Garcia,10,Andrucha Waddington,Andrucha Waddington,,
34769,Defendor,Woody Harrelson|Kat Dennings|Elias Koteas|Sandra Oh|Clark Johnson,16,Peter Stebbings,Peter Stebbings,Nicholas Tabarrok,John Rowley
35032,The Pirate,Judy Garland|Gene Kelly|Walter Slezak|Gladys Cooper|Reginald Owen,11,Vincente Minnelli,Frances Goodrich|Albert Hackett,Arthur Freed,
5178,The Good Heart,Brian Cox|Paul Dano|Stephanie Szostak|Isild Le Besco|Bill Buell,12,Dagur Kári,,Skuli Fr. Malmquist|Thor Sigurjonsson,
8618,The History Boys,Samuel Anderson|Dominic Cooper|James Corden|Samuel Barnett|Russell Tovey,15,Nicholas Hytner,Alan Bennett,Kevin Loader|Nicholas Hytner|Pádraig Cusack|Damian Jones,George Fenton
3116,Midnight Cowboy,Dustin Hoffman|Jon Voight|Sylvia Miles|John McGiver|Brenda Vaccaro,49,John Schlesinger,Waldo Salt,Kenneth Utt|Jerome Hellman,John Barry
9427,The Full Monty,Robert Carlyle|Mark Addy|William Snape|Steve Huison|Tom Wilkinson,30,Peter Cattaneo,Simon Beaufoy,Uberto Pasolini,Anne Dudley
813,Airplane!,Robert Hays|Julie Hagerty|Kareem Abdul-Jabbar|Lloyd Bridges|Peter Graves,23,Jerry Zucker|Jim Abrahams|David Zucker,,Howard W. Koch|Jon Davison|Hunt Lowry,Elmer Bernstein
352978,Chain of Command,Michael Jai White|Steve Austin|Max Ryan|Allen Yates,4,Kevin Carraway,Kevin Carraway,,
10634,Friday,Ice Cube|Chris Tucker|Nia Long|Tom Lister Jr.|John Witherspoon,18,F. Gary Gray,DJ Pooh,,
9516,Menace II Society,Tyrin Turner|Larenz Tate|Glenn Plummer|Jada Pinkett Smith|Samuel L. Jackson,12,Albert Hughes|Allen Hughes,Tyger Williams,Darin Scott,Quincy Jones III
16288,Creepshow 2,George Kennedy|Dorothy Lamour|Lois Chiles|Tom Savini|Tom Wright,15,Michael Gornick,Stephen King|George A. Romero,David Ball,Les Reed
23330,The Ballad of Cable Hogue,Jason Robards|Stella Stevens|David Warner|Slim Pickens|L.Q. Jones,13,Sam Peckinpah,John Crawford|Gordon T. Dawson|Edmund Penney,Sam Peckinpah|Phil Feldman|William D. Faralla|Gordon T. Dawson,Jerry Goldsmith
18900,In Cold Blood,Robert Blake|Scott Wilson|John Forsythe|Paul Stewart|Gerald S. O'Loughlin,16,Richard Brooks,Richard Brooks,,
27029,The Nun's Story,Audrey Hepburn|Peter Finch|Peggy Ashcroft|Dean Jagger|Mildred Dunnock,33,Fred Zinnemann,Robert Anderson,Fred Zinnemann|Henry Blanke,Franz Waxman
26268,Harper,Paul Newman|Lauren Bacall|Julie Harris|Arthur Hill|Janet Leigh,15,Jack Smight,William Goldman,Elliott Kastner|Jerry Gershwin,
573,Frenzy,Jon Finch|Alec McCowen|Barry Foster|Billie Whitelaw|Anna Massey,13,Alfred Hitchcock,Anthony Shaffer,Alfred Hitchcock|William Hill,Ron Goodwin
310131,The Witch,Anya Taylor-Joy|Ralph Ineson|Kate Dickie|Harvey Scrimshaw|Ellie Grainger,32,Robert Eggers,Robert Eggers,Lars Knudsen|Jay Van Hoy|Rodrigo Teixeira|Jodi Redmond|Daniel Bekerman,Mark Korven
40505,I Got the Hook Up,Master P|Anthony Johnson|Ice Cube|Tom Lister Jr.,4,Michael Martin,Master P|Master P,,
11363,She's the One,Edward Burns|Michael McGlone|Cameron Diaz|Jennifer Aniston|John Mahoney,8,Edward Burns,Edward Burns,James Schamus|Ted Hope|Edward Burns,Tom Petty
3033,Gods and Monsters,Ian McKellen|Brendan Fraser|Lynn Redgrave|Lolita Davidovich|David Dukes,11,Bill Condon,Bill Condon,Gregg Fienberg|Mark R. Harris|Paul Colichman,
25376,The Secret in Their Eyes,Ricardo Darín|Soledad Villamil|Pablo Rago|Javier Godino|Guillermo Francella,31,Juan José Campanella,Juan José Campanella|Eduardo Sacheri,Mariela Besuievski|Juan José Campanella|Carolina Urbieta,Federico Jusid|Emilio Kauderer
22007,Train,Thora Birch|Gideon Emery|Gloria Votsis|Derek Magyar|Todd Jensen,5,Gideon Raff,Gideon Raff,Boaz Davidson|Les Weldon|Danny Lerner,
765,Evil Dead II,Bruce Campbell|Sarah Berry|Dan Hicks|Kassie DePaiva|Denise Bixler,9,Sam Raimi,Sam Raimi|Scott Spiegel,Robert Tapert,Joseph LoDuca
10615,Pootie Tang,Jennifer Coolidge|Lance Crouther|J.B. Smoove|Reg E. Cathey|Robert Vaughn,20,Louis C.K.,,Chris Rock|Caldecot Chubb|Louis C.K.|Ali LeRoi|M. Blair Breard,Quincy Jones III
205321,Sharknado,Ian Ziering|Tara Reid|Cassandra Scerbo|John Heard|Jaason Simmons,14,Anthony C. Ferrante,Thunder Levin,David Michael Latt,Ramin Kousha
89540,The Other Conquest,Damián Delgado|José Carlos Rodríguez|Elpidia Carrillo|Iñaki Aierra|Honorato Magaloni,5,Salvador Carrasco,Salvador Carrasco,,
46146,Troll Hunter,Otto Jespersen|Hans Morten Hansen|Tomas Alf Larsen|Johanna Mørck|Knut Nærum,7,André Øvredal,André Øvredal,John M. Jacobsen|Sveinung Golimo,
38007,Ira & Abby,Chris Messina|Jennifer Westfeldt|David Margulies|Kali Rocha|Kevin Sussman,18,Robert Cary,,,
14256,Winter Passing,Zooey Deschanel|Will Ferrell|Ed Harris|Amy Madigan|Amelia Warner,15,Adam Rapp,Adam Rapp,,
540,D.E.B.S.,Sara Foster|Meagan Good|Jordana Brewster|Devon Aoki|Jill Ritchie,26,Angela Robinson,Angela Robinson,Andrea Sperling|Jasmine Kosovic,Messy|Steven M. Stern
370464,The Masked Saint,Brett Granstaff|Lara Jean Chorostecki|T.J. McGibbon|Diahann Carroll|Roddy Piper,6,Warren P. Sonoda,Scott Crowell,,
20055,The Betrayed,Melissa George|Oded Fehr|Christian Campbell|Alice Krige|Connor Christopher Levins,9,Amanda Gusack,Amanda Gusack,,
224569,Taxman,Joe Pantoliano|Wade Dominguez|Elizabeth Berkley|Michael Chiklis|Robert Townsend,6,Avi Nesher,Avi Nesher|Roger H. Berger,,
395766,The Secret,James Nesbitt|Genevieve O'Reilly|Jason Watkins|Laura Pyper|Glen Wallace,9,Nick Murphy,Stuart Urban,,
39303,2:13,Mark Thompson|Mark Pellegrino|Teri Polo|Kevin Pollak,4,Charles Adelman,Mark Thompson,David A. Armstrong|Keith Walley|Mark Thompson|Charles Adelman|G. Richard Beddingfield,
142061,"Batman: The Dark Knight Returns, Part 2",Peter Weller|Ariel Winter|David Selby|Michael Emerson|Mark Valley,23,Jay Oliva,Bob Goodman,,
370662,Time to Choose,Oscar Isaac|Jane Goodall|Jerry Brown|Neal Barnard|Michael Pollan,5,Charles Ferguson,Charles Ferguson|Chad Beck,,
252360,In the Name of the King III,Dominic Purcell|Ralitsa Paskaleva|Bashar Rahal|Nikolai Sotirov|Marian Valev,5,Uwe Boll,Joel Ross,Dan Clarke,
256740,Wicked Blood,Abigail Breslin|James Purefoy|Sean Bean|Alexa PenaVega|Jake Busey,15,Mark Young,Mark Young,Nick Stagliano|Jason Pinardo|Eric Bassett,Nick Stagliano
299145,Stranded,Scott Eastwood|Rita Wilson|Jeff Fahey|David James Elliott|Kim Matula,5,"Daniel Petrie, Jr.",Rachel Long|Brian Pittman,Scott Eastwood,
241766,Lords of London,Glen Murphy|Ray Winstone|Giovanni Capalbo|Serena Iansiti|Christopher Hatherhall,6,Antonio Simoncini,Antonio Simoncini,Glen Murphy|Steve Darts,
12535,High Anxiety,Mel Brooks|Madeline Kahn|Cloris Leachman|Harvey Korman|Ron Carey,13,Mel Brooks,Barry Levinson|Mel Brooks|Ron Clark|Rudy De Luca,Mel Brooks,John Morris
1667,March of the Penguins,Morgan Freeman|Charles Berling|Romane Bohringer|Jules Sitruk,4,Luc Jacquet|Jérôme Maison,Luc Jacquet,Christophe Lioud|Emmanuel Priou,
50839,Margin Call,Kevin Spacey|Paul Bettany|Jeremy Irons|Zachary Quinto|Ashley Williams,13,J.C. Chandor,J.C. Chandor,Zachary Quinto|Robert Ogden Barnum|Neal Dodson|Michael Benaroya|Joe Jenckes,Nathan Larson
86549,August,Murray Bartlett|Daniel Dugan|Adrian Gonzalez,3,Eldar Rapaport,,,
13973,Choke,Sam Rockwell|Anjelica Huston|Kelly Macdonald|Brad William Henke|Clark Gregg,22,Clark Gregg,Clark Gregg,Beau Flynn|Tripp Vinson|Johnathan Dorfman|Temple Fennell,Nathan Larson
244786,Whiplash,Miles Teller|J.K. Simmons|Melissa Benoist|Austin Stowell|Jayson Blair,51,Damien Chazelle,Damien Chazelle,David Lancaster|Michel Litvak|Jason Blum|Helen Estabrook,Justin Hurwitz
598,City of God,Alexandre Rodrigues|Leandro Firmino|Phellipe Haagensen|Douglas Silva|Jonathan Haagensen,27,Fernando Meirelles|Kátia Lund,Paulo Lins|Bráulio Mantovani,Andrea Barata Ribeiro|Mauricio Andrade Ramos|Marc Beauchamps|Daniel Filho|Hank Levine,Ed Cortês|Antonio Pinto
11129,Human Traffic,John Simm|Danny Dyer|Lorraine Pilkington|Shaun Parkes|Nicola Reynolds,9,Justin Kerrigan,Justin Kerrigan,Allan Niblo|Emer McCourt,
75861,To Write Love on Her Arms,Kat Dennings|Chad Michael Murray|Rupert Friend|Corbin Bleu|Mark Saul,26,Nathan Frankowski,Nathan Frankowski|Kate King Lynch,Kim Dawson|David Blair McKenna|David Nixon,
13551,The Dead Girl,Brittany Murphy|Toni Collette|Rose Byrne|Josh Brolin|James Franco,13,Karen Moncrieff,Karen Moncrieff,Tom Rosenberg|Gary Lucchesi|Richard S. Wright|Henry Winterstern|Kevin Turen,
103663,The Hunt,Mads Mikkelsen|Alexandra Rapaport|Thomas Bo Larsen|Anne Louise Hassing|Lars Ranthe,33,Thomas Vinterberg,Thomas Vinterberg|Tobias Lindholm,Sisse Graum Jørgensen|Morten Kaufmann|Thomas Vinterberg,Nikolaj Egelund
850,A Christmas Story,Melinda Dillon|Darren McGavin|Peter Billingsley|Jean Shepherd|Ian Petrella,15,Bob Clark,Bob Clark,Bob Clark,Paul Zaza|Carl Zittrer
12586,Bella,Tammy Blanchard|Angélica Aragón|Ali Landry|Jaime Tirelli|Manny Pérez,22,Alejandro Monteverde,,Dan Genetti|Alejandro Gomez Monteverde|Denise Pinckley|Leo Severino|Matthew Malek,Stephan Altman
11564,Class of 1984,Perry King|Merrie Lynn Ross|Tim Van Patten|Michael J. Fox|Roddy McDowall,15,Mark L. Lester,Tom Holland|Tom Holland|Mark L. Lester|John C.W. Saxton,Arthur Kent,Lalo Schifrin
301748,The Opposite Sex,Mena Suvari|Eric Roberts|Kristin Chenoweth|Dana Ashbrook|Kenan Thompson,7,Jonathan Silverman|Jennifer Finnigan,Steven Sessions|Mark Mussina,,
108346,Dreaming of Joseph Lees,Rupert Graves|Samantha Morton|Nicholas Woodeson|Lee Ross|Felix Billson,7,Eric Styles,Catherine Linstrum,Christopher Milburn,
8841,The Class,François Bégaudeau|Franck Keïta|Esmeralda Ouertani|Rachel Regulier|Wei Huang,22,Laurent Cantet,Laurent Cantet|Robin Campillo|François Bégaudeau,Carole Scotta|Simon Arnal|Caroline Benjo|Barbara Letellier,
805,Rosemary's Baby,Mia Farrow|John Cassavetes|Ruth Gordon|Sidney Blackmer|Maurice Evans,18,Roman Polanski,Roman Polanski,William Castle|Dona Holloway,Krzysztof Komeda
11697,The Man Who Shot Liberty Valance,John Wayne|James Stewart|Vera Miles|Lee Marvin|Edmond O'Brien,85,John Ford,Willis Goldbeck|James Warner Bellah|Dorothy M. Johnson,Willis Goldbeck|John Ford,Cyril J. Mockridge
22051,Adam,Hugh Dancy|Rose Byrne|Peter Gallagher|Amy Irving|Frankie Faison,24,Max Mayer,Max Mayer,Leslie Urdang|Dean Vanech|Miranda de Pencier|Gary Giudice|Marc Lieberman,Christopher Lennertz
436,Maria Full of Grace,Catalina Sandino Moreno|Guilied Lopez|Yenny Paola Vega|John Álex Toro|Virgina Ariza,16,Joshua Marston,Joshua Marston,Paul S. Mezey|Jaime Osorio Gómez,Leonardo Heiblum|Jacobo Lieberman
55347,Beginners,Ewan McGregor|Christopher Plummer|Mélanie Laurent|Goran Visnjic|Kai Lennox,31,Mike Mills,Mike Mills,Leslie Urdang|Lars Knudsen|Jay Van Hoy|Dean Vanech|Miranda de Pencier,Roger Neill|Brian Reitzell|Dave Palmer
10070,Feast,Balthazar Getty|Henry Rollins|Navi Rawat|Judah Friedlander|Jason Mewes,20,John Gulager,,Joel Soisson|Marc Joubert|Michael Leahy|Andrew Jameson|Alex Keledjian,Stephen Edwards
8469,Animal House,John Belushi|Tim Matheson|John Vernon|Verna Bloom|Tom Hulce,41,John Landis,Harold Ramis|Douglas Kenney|Chris Miller,Ivan Reitman|Judith Belushi-Pisano|Matty Simmons,
658,Goldfinger,Sean Connery|Honor Blackman|Gert Fröbe|Shirley Eaton|Tania Mallet,27,Guy Hamilton,Richard Maibaum|Paul Dehn,Albert R. Broccoli|Harry Saltzman,John Barry|Monty Norman
125490,Antiviral,Caleb Landry Jones|Sarah Gadon|Malcolm McDowell|Joe Pingue|Sheila McCarthy,32,Brandon Cronenberg,Brandon Cronenberg,Niv Fichman,E.C. Woodley
1585,It's a Wonderful Life,James Stewart|Donna Reed|Lionel Barrymore|Thomas Mitchell|Henry Travers,108,Frank Capra,Frank Capra|Frances Goodrich|Albert Hackett,Frank Capra,Dimitri Tiomkin
627,Trainspotting,Ewan McGregor|Ewen Bremner|Jonny Lee Miller|Robert Carlyle|Kelly Macdonald,23,Danny Boyle,John Hodge,Andrew Macdonald,
23618,The Original Kings of Comedy,Steve Harvey|D. L. Hughley|Cedric the Entertainer|Bernie Mac,4,Spike Lee,Bernie Mac|Cedric the Entertainer|Steve Harvey|D. L. Hughley,David Gale,
41436,Paranormal Activity 2,Katie Featherston|David Bierend|Brian Boland|Molly Ephraim|Seth Ginsberg,10,Tod Williams,Christopher B. Landon|Tom Pabst|Michael R. Perry|Michael R. Perry,Jason Blum|Oren Peli,
10162,Waking Ned,Ian Bannen|David Kelly|Fionnula Flanagan|Susan Lynch|Brendan Dempsey,56,Kirk Jones,Kirk Jones,Richard Holmes|Glynis Murray,
1430,Bowling for Columbine,Michael Moore|George H. W. Bush|George W. Bush|Dick Clark|Charlton Heston,21,Michael Moore,Michael Moore,Michael Moore|Jim Czarnecki|Michael Donovan|Kathleen Glynn|Charles Bishop,Jeff Gibbs
259943,Coming Home,Gong Li|Chen Dao-Ming|Guo Tao|Zhang Jia-Yi|Yan Ni,10,Zhang Yimou,Zou Jingshi,William Kong|Zhang Zhao,
10014,A Nightmare on Elm Street Part 2: Freddy's Revenge,Robert Englund|Mark Patton|Kim Myers|Robert Rusler|Clu Gulager,26,Jack Sholder,David Chaskin,Robert Shaye,Christopher Young
11257,A Room with a View,Maggie Smith|Helena Bonham Carter|Denholm Elliott|Julian Sands|Simon Callow,25,James Ivory,E.M. Forster|Ruth Prawer Jhabvala,Ismail Merchant,Richard Robbins
158015,The Purge,Lena Headey|Ethan Hawke|Max Burkholder|Adelaide Kane|Rhys Wakefield,15,James DeMonaco,James DeMonaco,Michael Bay|Andrew Form|Bradley Fuller|Jason Blum|Sebastien Lemercier,Nathan Whitehead
82507,Sinister,Ethan Hawke|Juliet Rylance|Vincent D'Onofrio|James Ransone|Fred Dalton Thompson,15,Scott Derrickson,C. Robert Cargill,Jason Blum|Brian Kavanaugh-Jones,Christopher Young
20337,Martin Lawrence Live: Runteldat,Martin Lawrence,1,Martin Lawrence|David Raynr,,Loretha C. Jones|David Gale,
261,Cat on a Hot Tin Roof,Elizabeth Taylor|Paul Newman|Burl Ives|Judith Anderson|Jack Carson,12,Richard Brooks,Richard Brooks|James Poe,Lawrence Weingarten,Charles Wolcott
1685,Beneath the Planet of the Apes,James Franciscus|Kim Hunter|Maurice Evans|Linda Harrison|Charlton Heston,16,Ted Post,Paul Dehn|Mort Abrahams,Arthur P. Jacobs,Leonard Rosenman
20737,Air Bud,Kevin Zegers|Wendy Makkena|Michael Jeter|Bill Cobbs|Brendan Fletcher,8,Charles Martin Smith,Paul Tamasy|Aaron Mendelsohn,,
10991,Pokémon: Spell of the Unknown,Veronica Taylor|Rachael Lillis|Eric Stuart,3,Michael Haigney|Kunihiko Yuyama,Kunihiko Yuyama|Takeshi Shudo,,
10225,Friday the 13th Part VI: Jason Lives,Thom Mathews|Jennifer Cooke|David Kagen|Renée Jones|Tom Fridley,12,Tom McLoughlin,Tom McLoughlin,,Harry Manfredini
826,The Bridge on the River Kwai,William Holden|Alec Guinness|Jack Hawkins|Sessue Hayakawa|James Donald,15,David Lean,Carl Foreman|Michael Wilson,Sam Spiegel,Malcolm Arnold
34086,Spaced Invaders,Ariana Richards|Douglas Barr|Royal Dano|William Holmes,4,Patrick Read Johnson,Patrick Read Johnson,,
5854,Family Plot,Barbara Harris|Bruce Dern|Karen Black|William Devane|Ed Lauter,16,Alfred Hitchcock,Ernest Lehman,Alfred Hitchcock,John Williams
284,The Apartment,Jack Lemmon|Shirley MacLaine|Fred MacMurray|Ray Walston|Jack Kruschen,23,Billy Wilder,Billy Wilder|I. A. L. Diamond,Billy Wilder,Adolph Deutsch
10285,Jason Goes to Hell: The Final Friday,Kane Hodder|John D. LeMay|Kari Keegan|Steven Williams|Steven Culp,12,Adam Marcus,Jay Huguely|Dean Lorey,Sean S. Cunningham|Debbie Hayn-Cass,Harry Manfredini
5780,Torn Curtain,Paul Newman|Julie Andrews|Lila Kedrova|Hansjörg Felmy|Tamara Toumanova,11,Alfred Hitchcock,Willis Hall|Keith Waterhouse,Alfred Hitchcock,John Addison
292,Dave Chappelle's Block Party,Dave Chappelle|Erykah Badu|Common|Yasiin Bey|Bilal,15,Michel Gondry,,Michel Gondry|Dave Chappelle|Mustafa Abuelhija|Julie Fong|Bob Yari,Cory Smith
223485,Slow West,Michael Fassbender|Kodi Smit-McPhee|Ben Mendelsohn|Caren Pistorius|Rory McCann,9,John Maclean,John Maclean,Emile Sherman|Iain Canning|Rachel Gardner|Conor McCaughan,Jed Kurzel
29463,Krush Groove,Blair Underwood|Joseph Simmons|Darryl McDaniels|Sheila E.|Kurtis Blow,10,Michael Schultz,Ralph Farquhar,,
18065,Next Day Air,Donald Faison|Mike Epps|Wood Harris|Omari Hardwick|Yasiin Bey,6,Benny Boom,Blair Cobbs,,
22013,Elmer Gantry,Burt Lancaster|Jean Simmons|Arthur Kennedy|Dean Jagger|Shirley Jones,14,Richard Brooks,Richard Brooks,Bernard Smith,André Previn
821,Judgment at Nuremberg,Spencer Tracy|Burt Lancaster|Richard Widmark|Marlene Dietrich|Maximilian Schell,55,Stanley Kramer,Abby Mann|Montgomery Clift,Stanley Kramer|Philip Langner,Ernest Gold
53862,Trippin',Deon Richmond|Donald Faison|Guy Torry|Maia Campbell|Aloma Wright,5,David Raynr,Gary Hardwick,,
3089,Red River,John Wayne|Montgomery Clift|Joanne Dru|Walter Brennan|Coleen Gray,15,Howard Hawks|Arthur Rosson,Borden Chase|Charles Schnee,Howard Hawks,
30139,Phat Girlz,Mo'Nique|Jimmy Jean-Louis|Godfrey|Joyful Drake|Brendan Walsh,5,Nnegest Likké,Nnegest Likké,,
132344,Before Midnight,Ethan Hawke|Julie Delpy|Seamus Davey-Fitzpatrick|Jennifer Prior|Charlotte Prior,17,Richard Linklater,Richard Linklater|Ethan Hawke|Julie Delpy,Richard Linklater|Sara Woodhatch|Christos V. Konstantakopoulos,Graham Reynolds
15582,Teen Wolf Too,Jason Bateman|Kim Darby|John Astin|Mark Holton|Estee Chandler,34,Christopher Leitch,Tim Kring,Kent Bateman,Mark Goldenberg
15158,Phantasm II,James Le Gros|Reggie Bannister|Angus Scrimm|Paula Irvine|Samantha Phillips,14,Don Coscarelli,Don Coscarelli,Roberto A. Quezada,
44634,Woman Thou Art Loosed,Kimberly Elise|Loretta Devine|Debbi Morgan|Michael Boatman|Louisa Abernathy,5,Michael Schultz,Stan Foster,,
30309,Real Women Have Curves,America Ferrera|Lupe Ontiveros|Ingrid Oliu|George Lopez|Brian Sites,7,Patricia Cardoso,,,
7509,Water,Lisa Ray|Sarala|John Abraham|Seema Biswas|Waheeda Rehman,9,Deepa Mehta,Deepa Mehta,,
10557,East Is East,Om Puri|Linda Bassett|Ian Aspinall|Jimi Mistry|Archie Panjabi,21,Damien O'Donnell,Ayub Khan-Din,Leslee Udwin,
23531,Whipped,Amanda Peet|Brian Van Holt|Jonathan Abrahams|Zorie Barber|Judah Domke,9,Peter M. Cohen,Peter M. Cohen,,
28005,Kama Sutra - A Tale of Love,Indira Varma|Sarita Choudhury|Ramon Tikaram|Naveen Andrews,4,Mira Nair,Mira Nair|Helena Kriel,,
40247,Please Give,Rebecca Hall|Catherine Keener|Amanda Peet|Oliver Platt|Sarah Steele,14,Nicole Holofcener,Nicole Holofcener,Anthony Bregman,
252,Willy Wonka & the Chocolate Factory,Gene Wilder|Jack Albertson|Peter Ostrum|Roy Kinnear|Denise Nickerson,36,Mel Stuart,Roald Dahl,Stan Margulies|David L. Wolper,Walter Scharf|Leslie Bricusse
24126,Warlock: The Armageddon,Julian Sands|Chris Young|Paula Marshall|Joanna Pacula|Steve Kahan,18,Anthony Hickox,David Twohy|Kevin Rock,,
13982,8 Heads in a Duffel Bag,Joe Pesci|Kristy Swanson|George Hamilton|Dyan Cannon|Andy Comeau,19,Tom Schulman,Tom Schulman,,
16642,Days of Heaven,Richard Gere|Brooke Adams|Linda Manz|Sam Shepard|Robert J. Wilke,7,Terrence Malick,Terrence Malick,Bert Schneider|Harold Schneider,Ennio Morricone
17734,Thirteen Conversations About One Thing,John Turturro|Clea DuVall|Matthew McConaughey|Amy Irving|Alan Arkin,10,Jill Sprecher,Jill Sprecher|Karen Sprecher,,
18892,Jawbreaker,Rose McGowan|Julie Benz|Rebecca Gayheart|Carol Kane|Pam Grier,14,Darren Stein,Darren Stein,Lisa Tornell|Stacy Kramer,
549,Basquiat,Jeffrey Wright|David Bowie|Dennis Hopper|Gary Oldman|Benicio del Toro,20,Julian Schnabel,Julian Schnabel|Lech Majewski|John F. Bowe,Jon Kilik|Sigurjón Sighvatsson|Randy Ostrow,Julian Schnabel|John Cale
121986,Frances Ha,Greta Gerwig|Mickey Sumner|Adam Driver|Michael Zegen|Michael Esper,48,Noah Baumbach,Noah Baumbach|Greta Gerwig,Scott Rudin|Noah Baumbach|Lila Yacoub|Rodrigo Teixeira,
868,Tsotsi,Presley Chweneyagae|Jerry Mofokeng|Terry Pheto|Kenneth Nkosi|Zenzo Ngqobe,16,Gavin Hood,Gavin Hood,Peter Fudakowski,Paul Hepker|Mark Kilian
10683,Happiness,Jane Adams|Jon Lovitz|Philip Seymour Hoffman|Dylan Baker|Evan Silverberg,18,Todd Solondz,Todd Solondz,James Schamus|David Linde,Robbie Kondor
17995,DysFunktional Family,Eddie Griffin|Joe Howard|Matthew Brent|Robert Noble,4,George Gallo,Eddie Griffin,David Permut,Andrew Gross
246403,Tusk,Michael Parks|Justin Long|Haley Joel Osment|Génesis Rodríguez|Ralph Garman,10,Kevin Smith,Kevin Smith,Shannon McIntosh|Sam Englebardt|David S. Greathouse|William D. Johnson,Christopher Drake
670,Oldboy,Choi Min-sik|Yoo Ji-tae|Kang Hye-jung|Kim Byeong-ok|Oh Dal-su,13,Park Chan-wook,Park Chan-wook|Hwang Jo-yun|Lim Chun-hyeong|Lim Joon-hyung,Seung-yong Lim,Young-wuk Cho
35691,Letters to God,Robyn Lively|Jeffrey Johnson|Bailee Madison|Maree Cheatham|Tanner Maguire,15,David Nixon|Patrick Doughtie,Art D'Alessandro,,
49010,Hobo with a Shotgun,Rutger Hauer|Gregory Smith|Robb Wells|Brian Downey|Molly Dunsworth,5,Jason Eisener,John Davies,Niv Fichman|Paul Gross|Rob Cotterill|Frank Siracusa,Russ Howard III
317930,Compadres,Omar Chaparro|Joey Morgan|Aislinn Derbez|Eric Roberts|Camila Sodi,9,Enrique Begné,Gabriel Ripstein|Ted Perkins,,
11229,Freeway,Kiefer Sutherland|Reese Witherspoon|Wolfgang Bodison|Dan Hedaya|Amanda Plummer,14,Matthew Bright,Matthew Bright,Brad Wyman|Chris Hanley,Danny Elfman
22488,Love's Abiding Joy,Erin Cottrell|Logan Bartholomew|William Morgan Sheppard|James Tupper|Irene Bedard,5,Michael Landon Jr.,,,
24469,Fish Tank,Katie Jarvis|Michael Fassbender|Kierston Wareing|Rebecca Griffiths|Harry Treadaway,29,Andrea Arnold,Andrea Arnold,Kees Kasander|Nick Laws,Phonso Martin
82533,Damsels in Distress,Greta Gerwig|Carrie MacLemore|Megalyn Echikunwoke|Analeigh Tipton|Ryan Metcalf,21,Whit Stillman,Whit Stillman,,
50942,Creature,Craig T. Nelson|Kim Cattrall|Colm Feore|Cress Williams|Michael Reilly Burke,15,Stuart Gillard,,,
84174,Bachelorette,Kirsten Dunst|Isla Fisher|Lizzy Caplan|Rebel Wilson|Adam Scott,15,Leslye Headland,Leslye Headland,Will Ferrell|Adam McKay|Jessica Elbaum|Claude Dal Farra|Brice Dal Farra,
34099,Brave New Girl,Virginia Madsen|Lindsey Haun|Barbara Mamabolo|John Ralston|Nick Roth,7,Bobby Roth,Britney Spears|Lynne Spears,John Calvert|Amy Talkington|Stefani N. Deoul,
79940,Tim and Eric's Billion Dollar Movie,Eric Wareheim|Tim Heidecker|John C. Reilly|Zach Galifianakis|Will Ferrell,19,Tim Heidecker|Eric Wareheim,Tim Heidecker|Eric Wareheim,Todd Wagner|Eric Wareheim,
342,Summer Storm,Robert Stadlober|Kostja Ullmann|Alicja Bachleda-Curuś|Jürgen Tonkel|Tristano Casanova,14,Marco Kreuzpaintner,,Jakob Claussen|Thomas Wöbke|Ulrike Putz,Niki Reiser|Matthew Caws
281230,Fort McCoy,Eric Stoltz|Kate Connor|Lyndsy Fonseca|Andy Hirsch|Camryn Manheim,6,Michael Worth|Kate Connor,Kate Connor,,
38033,Chain Letter,Nikki Reed|Keith David|Brad Dourif|Betsy Russell|Cherilyn Wilson,8,Deon Taylor,Michael J. Pagan|Diana Erwin,Michael J. Pagan|Deon Taylor,
100975,Just Looking,Gretchen Mol|Patti LuPone|Peter Onorati|Ryan Merriman|Richard V. Licata,7,Jason Alexander,Marshall Karp,,
38541,The Divide,Lauren German|Michael Biehn|Milo Ventimiglia|Courtney B. Vance|Ashton Holmes,10,Xavier Gens,Karl Mueller|Eron Sheean,Darryn Welch|Ross M. Dinerstein|Juliette Hagopian|Nathaniel Rollo,
39563,The Eclipse,Ciarán Hinds|Aidan Quinn|Iben Hjejle|Jim Norton|Valerie Spelman,5,Conor McPherson,,,
234212,Demonic,Maria Bello|Frank Grillo|Cody Horn|Dustin Milligan|Megan Park,14,Will Canon,Will Canon|Doug Simon|Max La Bella|Max La Bella,James Wan|Lee Clay,Dan Marocco
27404,My Big Fat Independent Movie,Paget Brewster|Neil Barton|Eric Hoffman|Darren Keefe|Ashley Head,10,Philip Zlotorynski,Adam Schwartz|Chris Gore,,
170480,The Deported,Nicholas Turturro|Talia Shire|Paul Rodríguez|Gary Valentine|Nick Turturro III,18,Lance Kawas,Nicholas Turturro|Lance Kawas|Christian Sesma|James Mercel,,
71866,Tanner Hall,Rooney Mara|Georgia King|Brie Larson|Amy Ferguson|Antonia Steinberg,12,Francesca Gregorini|Tatiana von Furstenberg,Francesca Gregorini|Tatiana von Furstenberg,Francesca Gregorini|Julie Snyder,
192210,Open Road,Camilla Belle|Andy García|Colin Egglesfield|Juliette Lewis|Christiane Torloni,11,Márcio Garcia,Márcio Garcia|Julia Camara,,
180296,They Came Together,Paul Rudd|Amy Poehler|Bill Hader|Ellie Kemper|Cobie Smulders,36,David Wain,David Wain|Michael Showalter,Michael Showalter,Craig Wedren|Matt Novack
157058,30 Nights of Paranormal Activity With the Devil Inside the Girl With the Dragon Tattoo,Kathryn Fiore|Flip Schultz|Olivia Alexander|Arturo del Puerto|Danny Woodburn,12,Craig Moss,Craig Moss,,
70006,Never Back Down 2: The Beatdown,Stacey Asaro|Gralen Bryant Banks|Rus Blackwell|Beau Brasso|Eddie Bravo,11,Michael Jai White,Chris Hauty,,David Wittman
26039,Point Blank,Lee Marvin|Angie Dickinson|Keenan Wynn|Carroll O'Connor|Lloyd Bochner,25,John Boorman,Alexander Jacobs|David Newhouse|Rafe Newhouse,Irwin Winkler|Robert Chartoff|Judd Bernard,Johnny Mandel
79587,Four Single Fathers,Alessandro Gassman|Francesco Quinn|Joe Urla|Lenny Venito|Jennifer Esposito,6,Paolo Monico,Gabriele Muccino|Liz Tuccillo,Gabriele Muccino|Fabrizio Donvito|Marco Cohen,
176077,Enter the Dangerous Mind,Jake Hoffman|Nikki Reed|Thomas Dekker|Scott Bakula|Jason Priestley,6,Youssef Delara|Victor Teran,Victor Teran,,
260947,Something Wicked,Shantel VanSanten|John Robinson|James Patrick Stuart|Brittany Murphy|Robert Blanche,15,Darin Scott,Joseph Mungra|Joe Colleran,Ime Etuk|Joe Colleran,Kyle Newmaster
342502,AWOL-72,Luke Goss|RZA|Bokeem Woodbine|Louis Mandylor|Brooke Newton,10,Christian Sesma,Christian Sesma|Cecil Chambers,,
191229,Iguana,Everett McGill|Fabio Testi|Michael Madsen|Jack Taylor,4,Monte Hellman,Monte Hellman|Steven Gaydos|David M. Zehr,,
43213,Chicago Overcoat,Frank Vincent|Kathrine Narducci|Mike Starr|Stacy Keach|Armand Assante,6,Brian Caunter,John Bosher|John Bosher,,
44594,Barry Munday,Patrick Wilson|Malcolm McDowell|Judy Greer|Chloë Sevigny|Missi Pyle,56,Chris D'Arienzo,Chris D'Arienzo,Eric Kopeloff|Mickey Barold|Stone Douglass|Matt Weaver|Casey Engelhardt,
666,Central Station,Fernanda Montenegro|Marília Pêra|Vinícius de Oliveira|Othon Bastos|Otávio Augusto,19,Walter Salles,Walter Salles|Marcos Bernstein|João Emanuel Carneiro,Robert Redford|Walter Salles|Arthur Cohn|Jack Gajos|Paulo Carlos De Brito,Antonio Pinto|Jaques Morelenbaum
248,Pocketful of Miracles,Glenn Ford|Bette Davis|Hope Lange|Arthur O'Connell|Peter Falk,40,Frank Capra,Hal Kanter|Harry Tugend|Robert Riskin|Damon Runyon,Frank Capra,Walter Scharf|Jimmy Van Heusen
325173,Close Range,Scott Adkins|Nick Chinlund|Caitlin Keats|Jake La Botz|Tony Perez,6,Isaac Florentine,Shane Dax Taylor|Chad Law,Ehud Bleiberg,
55831,Boynton Beach Club,Brenda Vaccaro|Dyan Cannon|Joseph Bologna,3,,,,
351043,Amnesiac,Kate Bosworth|Wes Bentley|Shashawnee Hall|Richard Riehle|Patrick Bauchau,6,Michael Polish,Amy Kolquist|Mike Le,,
43942,Freakonomics,Zoe Sloane|Jade Viggiano|Amancaya Aguilar|Kahiry Bess|Alisha Naragsheth,19,Heidi Ewing|Rachel Grady|Morgan Spurlock|Seth Gordon|Alex Gibney|Eugene Jarecki,Heidi Ewing|Rachel Grady|Morgan Spurlock|Alex Gibney|Alex Gibney,Rafi Chaudry|Chad Troutwine|Dan O'Meara|Chris Romano|Peter Cerbin,
10226,High Tension,Cécile de France|Maïwenn|Philippe Nahon|Franck Khalfoun|Andrei Finti,7,Alexandre Aja,Grégory Levasseur|Alexandre Aja,Robert Benmussa|Alexandre Arcady,François-Eudes Chanfrault
66942,Griff the Invisible,Ryan Kwanten|Maeve Dermody|Marshall Napier|Heather Mitchell|Patrick Brammall,6,Leon Ford,Leon Ford,,
356483,Unnatural,James Remar|Sherilyn Fenn|Ron Carlson|Graham Greene|Allegra Carpenter,10,Hank Braxtan,,,
10476,Hustle & Flow,Terrence Howard|Anthony Anderson|Taryn Manning|Taraji P. Henson|Elise Neal,15,Craig Brewer,Craig Brewer,John Singleton|Stephanie Allain,Scott Bomar
239,Some Like It Hot,Marilyn Monroe|Tony Curtis|Jack Lemmon|George Raft|Pat O’Brien,44,Billy Wilder,Billy Wilder|Michael Logan|Robert Thoeren|I.A.L. Diamond,Billy Wilder|Doane Harrison,Adolph Deutsch
10281,Friday the 13th Part VII: The New Blood,Kane Hodder|Lar Park Lincoln|Susan Jennifer Sullivan|Kevin Spirtas|Terry Kiser,15,John Carl Buechler,Manuel Fidello|Daryl Haney,Frank Mancuso Jr.|Iain Paterson|Barbara Sachs,Harry Manfredini|Fred Mollin
630,The Wizard of Oz,Judy Garland|Frank Morgan|Ray Bolger|Bert Lahr|Jack Haley,12,Victor Fleming,Edgar Allan Woolf|Noel Langley|Florence Ryerson,Mervyn LeRoy|Arthur Freed,
3034,Young Frankenstein,Gene Wilder|Peter Boyle|Marty Feldman|Madeline Kahn|Cloris Leachman,34,Mel Brooks,Gene Wilder|Mel Brooks,Michael Gruskoff,John Morris
13025,Diary of the Dead,Michelle Morgan|Joshua Close|Shawn Roberts|Amy Lalonde|Joe Dinicol,10,George A. Romero,George A. Romero,,
21461,Lage Raho Munna Bhai,Sanjay Dutt|Arshad Warsi|Dilip Prabhavalkar|Vidya Balan|Dia Mirza,12,Rajkumar Hirani,Rajkumar Hirani|Vidhu Vinod Chopra|Abhijit Joshi,Vidhu Vinod Chopra,
55306,Ulee's Gold,Peter Fonda|Patricia Richardson|Christine Dunford|Tom Wood|Jessica Biel,12,Victor Nunez,Victor Nunez,,Charles Engstrom
17264,The Black Stallion,Kelly Reno|Mickey Rooney|Teri Garr|Clarence Muse|Hoyt Axton,9,Carroll Ballard,Melissa Mathison|William D. Wittliff|Jeanne Rosenberg,Fred Roos|Tom Sternberg,
346081,Sardaarji,,0,Rohit Jugraj,,,
16016,Journey to Saturn,Casper Christensen|Frank Hvam|Ali Kazim|Iben Hjejle|Peter Belli,6,Kresten Vestbjerg Andersen|Thorbjørn Christoffersen,Nikolaj Arcel,,
15875,Donovan's Reef,John Wayne|Elizabeth Allen|Lee Marvin|Cesar Romero|Mike Mazurki,20,John Ford,Frank S. Nugent|James Edward Grant|Edmund Beloin,John Ford,Cyril J. Mockridge
5900,The Dress,Henri Garcin|Ingeborg Elzevier|Khaldoun Elmecky|Margo Dames|Frans Vorstman,37,Alex van Warmerdam,Alex van Warmerdam,Ton Schippers,
43306,A Guy Named Joe,Spencer Tracy|Irene Dunne|Van Johnson|Ward Bond|James Gleason,14,Victor Fleming,Dalton Trumbo|David Boehm|Chandler Sprague,Everett Riskin,Herbert Stothart
11072,Blazing Saddles,Cleavon Little|Gene Wilder|Harvey Korman|Slim Pickens|Madeline Kahn,25,Mel Brooks,Richard Pryor|Mel Brooks|Andrew Bergman|Andrew Bergman|Norman Steinberg,Michael Hertzberg,John Morris
9730,Friday the 13th: The Final Chapter,Kimberly Beck|Erich Anderson|Corey Feldman|Barbara Howard|Crispin Glover,13,Joseph Zito,,,
209274,Ida,Agata Trzebuchowska|Agata Kulesza|Joanna Kulig|Dawid Ogrodnik|Adam Szyszkowski,10,Paweł Pawlikowski,Paweł Pawlikowski|Rebecca Lenkiewicz,Eric Abraham|Piotr Dzieciol|Ewa Puszczynska,Kristian Eidnes Andersen
26371,Maurice,James Wilby|Hugh Grant|Rupert Graves|Denholm Elliott|Simon Callow,27,James Ivory,James Ivory|Kit Hesketh-Harvey,Ismail Merchant,Richard Robbins
14137,Beer League,Artie Lange|Ralph Macchio|Anthony DeSando|Jimmy Palumbo|Joe Lo Truglio,10,Frank Sebastiano,Artie Lange|Frank Sebastiano,Artie Lange|Anthony Mastromauro,
291,Riding Giants,Jeff Clark|Darrick Doerner|Laird Hamilton|Dave Kalama|David H. Kalama Jr.,14,Stacy Peralta,Stacy Peralta|Sam George,Stacy Peralta|Jane Kachmer|Agi Orsi,
14139,Timecrimes,Karra Elejalde|Candela Fernández|Bárbara Goenaga|Nacho Vigalondo|Juan Inciarte,8,Nacho Vigalondo,Nacho Vigalondo,Esteban Ibarretxe|Eduardo Carneros|Javier Ibarretxe,Eugenio Mira|Chucky Namanera
33106,Silver Medalist,Huang Bo|Kong Jiu|Shaohua Ma|Xu Zheng|Yung Cheung,7,Ning Hao,Ning Hao|Yao Wang|Siwei Cui|Zhou Zhiyong,,
8875,Timber Falls,Josh Randall|Nick Searcy|Beth Broderick|Sascha Rosemann|T.W. Leshner,12,Tony Giglio,Tony Giglio,Kia Jam|Bruce McNall|Christopher Eberts|Steve Markoff,
872,Singin' in the Rain,Gene Kelly|Donald O'Connor|Debbie Reynolds|Jean Hagen|Millard Mitchell,19,Stanley Donen|Gene Kelly,Adolph Green|Adolph Green|Betty Comden|Betty Comden,Arthur Freed,Lennie Hayton
72914,"Fat, Sick & Nearly Dead",Joe Cross|Phil Riverstone|Amy Badberg|Merv Cross|Virginia Cross,5,Joe Cross|Kurt Engfehr,,,
139038,A Haunted House,Marlon Wayans|Essence Atkins|Nick Swardson|Cedric the Entertainer|David Koechner,16,Michael Tiddes,Marlon Wayans|Rick Alvarez,Marlon Wayans|Rick Alvarez,
126509,2016: Obama's America,,0,John Sullivan|Dinesh D'Souza,John Sullivan|Dinesh D'Souza,Gerald R. Molen,
9591,That Thing You Do!,Tom Everett Scott|Johnathon Schaech|Tom Hanks|Steve Zahn|Ethan Embry,25,Tom Hanks,Tom Hanks,Jonathan Demme|Edward Saxon|Gary Goetzman,Howard Shore
10676,Halloween III: Season of the Witch,Tom Atkins|Stacey Nelkin|Dan O'Herlihy|Michael Currie|Ralph Strait,23,Tommy Lee Wallace,Tommy Lee Wallace|Nigel Kneale,Debra Hill|John Carpenter,John Carpenter|Alan Howarth
1687,Escape from the Planet of the Apes,Roddy McDowall|Kim Hunter|Bradford Dillman|Natalie Trundy|Eric Braeden,13,Don Taylor,Paul Dehn,Arthur P. Jacobs,Jerry Goldsmith
24748,Hud,Paul Newman|Melvyn Douglas|Patricia Neal|Brandon De Wilde|Whit Bissell,17,Martin Ritt,Irving Ravetch|Harriet Frank Jr.,Martin Ritt|Irving Ravetch,Elmer Bernstein
181330,Kevin Hart: Let Me Explain,Kevin Hart|David Terrell|David Jason Perez|Justine Herron|Harry Ratchford,7,Leslie Small,Kevin Hart|Harry Ratchford|Joey Wells,Jeff Clanagan,
468,My Own Private Idaho,River Phoenix|Keanu Reeves|James Russo|William Richert|Rodney Harvey,13,Gus Van Sant,Gus Van Sant,Laurie Parker,Bill Stafford
401,Garden State,Zach Braff|Natalie Portman|Ian Holm|Peter Sarsgaard|Jean Smart,37,Zach Braff,Zach Braff,Gary Gilbert|Pamela Abdy|William H. Brown|Dan Halsted|Richard Klubeck,Chad Fischer|Alexi Murdoch
76,Before Sunrise,Ethan Hawke|Julie Delpy|Andrea Eckert|Hanno Pöschl|Karl Bruckschwaiger,27,Richard Linklater,Richard Linklater|Kim Krizan,Anne Walker-McBay,Fred Frith
50538,Evil Words,Patrick Huard|Michel Côté|Catherine Florent|Albert Millaire|Jean L'Italien,16,Éric Tessier,Éric Tessier|Patrick Senécal,,
25636,Jesus' Son,Billy Crudup|Denis Leary|Jack Black|Dennis Hopper|Holly Hunter,9,Alison Maclean,Oren Moverman|Elizabeth Cuthrell|David Urrutia,,
19316,Saving Face,Michelle Krusiec|Joan Chen|Lynn Chen|Ato Essandoh|Jessica Hecht,5,Alice Wu,Alice Wu,Will Smith|James Lassiter|Teddy Zee,Anton Sanko
21074,Brick Lane,Tannishtha Chatterjee|Satish Kaushik|Christopher Simpson|Naeema Begum|Lana Rahman,5,Sarah Gavron,Laura Jones|Abi Morgan,,
84329,Robot & Frank,Frank Langella|Liv Tyler|James Marsden|Susan Sarandon|Peter Sarsgaard,15,Jake Schreier,Christopher D. Ford,Lance Acord|Galt Niederhoffer|Jackie Kelman Bisbee|Sam Bisbee,Francis and the Lights
20,My Life Without Me,Sarah Polley|Amanda Plummer|Scott Speedman|Leonor Watling|Deborah Harry,12,Isabel Coixet,,Esther García|Gordon McLennan,Alfonso Vilallonga
157386,The Spectacular Now,Miles Teller|Shailene Woodley|Brie Larson|Dayo Okeniyi|Masam Holden,29,James Ponsoldt,Scott Neustadter|Michael H. Weber,Shawn Levy|Andrew Lauren|Michelle Krumm|Tom McNulty,Rob Simonsen
13007,Religulous,Bill Maher|Jose Luis De Jesus Miranda|Andrew Newberg|Steve Burg|Tal Bachman,16,Larry Charles,Bill Maher,,
13518,Fuel,Joshua Tickell|Barbara Boxer|Richard Branson|George W. Bush|Sheryl Crow,6,Joshua Tickell,,,
116584,Valley of the Heart's Delight,Pete Postlethwaite|Gabriel Mann|Emily Harrison|Diana Scarwid,4,Tim Boxell,Miles Murphy,,
46849,Eye of the Dolphin,Carly Schroeder|Adrian Dunbar|George Harris|Katharine Ross|Christine Adams,16,Michael D. Sellers,,,
40428,8: The Mormon Proposition,Rocky Mayor Anderson|Matt Aune|Tyler Barrick|Bruce Barton|Melissa Bird,6,Reed Cowan|Steven Greenstreet,Reed Cowan,,
17334,The Other End of the Line,Jesse Metcalfe|Austin Basis|Larry Miller|Michael Chen|Nouva Monika Wahlgren,16,James Dodson,Tracey Jackson,,
1698,Anatomy,Franka Potente|Benno Fürmann|Anna Loos|Oliver Wnuk|Sebastian Blomberg,16,Stefan Ruzowitzky,Stefan Ruzowitzky,Jakob Claussen|Thomas Wöbke|Andrea Willson,Marius Ruhland
20764,Sleep Dealer,Leonor Varela|Jacob Vargas|Luis Fernando Peña,3,Alex Rivera,Alex Rivera|Alex Rivera|David Riker,,
45132,Super,Rainn Wilson|Ellen Page|Liv Tyler|Kevin Bacon|Gregg Henry,48,James Gunn,James Gunn,Ted Hope|Miranda Bailey|Iris Ichishita,Tyler Bates
76706,Christmas Mail,Ashley Scott|A.J. Buckley|Rolanda Watts|Vanessa Evigan|Lochlyn Munro,8,John Murlowski,Steven Palmer Peterson,,
254472,Stung,Matt O'Leary|Jessica Cook|Lance Henriksen|Clifton Collins Jr|David Masterson,14,Benni Diez,Adam Aresty,Christian Becker|Benjamin Munz,David Menke|Antonio Gambale
332285,Antibirth,Natasha Lyonne|Chloë Sevigny|Meg Tilly|Mark Webber|Maxwell McCabe-Lokos,18,Danny Perez,Danny Perez,Natasha Lyonne|David Anselmo|Roger M. Mayer|Justin Kelly|Cole Payne,
49471,Get on the Bus,Ossie Davis|Charles S. Dutton|Andre Braugher|Richard Belzer|De'Aundre Bonds,18,Spike Lee,Reggie Rock Bythewood,,
13569,Thr3e,Marc Blucas|Justine Waddell|Bill Moseley|Priscilla Barnes|Jack Ryan,6,Robby Henson,Alan B. McElroy,,
7512,Idiocracy,Luke Wilson|Maya Rudolph|Dax Shepard|Terry Crews|Anthony 'Citric' Campos,53,Mike Judge,Mike Judge|Etan Cohen,Mike Judge|Elysa Koplovitz,
356216,The Rise of the Krays,Kevin Leslie|Simon Cotton|Phil Dunster|Danny Midwinter|Dan Parr,13,Zackary Adler,Sebastian Brown|Ken Brown,Sebastian Brown|Craig Tuohy|Ken Brown,
11798,This Is England,Thomas Turgoose|Stephen Graham|Jo Hartley|Andrew Shim|Vicky McClure,18,Shane Meadows,Shane Meadows,Mark Herbert,Ludovico Einaudi
146631,U.F.O.,Bianca Bree|Sean Brosnan|Simon Phillips|Jean-Claude Van Damme|Peter Barrett,32,Dominic Burns,Dominic Burns,Tim Major|Andy Thompson|Dominic Burns|Alain Wildberger,
43546,Bathing Beauty,Red Skelton|Esther Williams|Basil Rathbone|Bill Goodwin|Jean Porter,23,George Sidney,Dorothy Kingsley|Frank Waldman|Curtis Kenyon|Allen Boretz|Kenneth Earl,Jack Cummings,
61038,Go for It!,Aimee Garcia|Al Bandiero|Jossara Jinaro|Gina Rodriguez,4,Carmen Marron,,,
78373,"Dancer, Texas Pop. 81",Breckin Meyer|Peter Facinelli|Eddie Mills|Ethan Embry|Ashley Johnson,10,Tim McCanlies,Tim McCanlies,,
17820,Show Boat,Howard Keel|Kathryn Grayson|Ava Gardner|Joe E. Brown|Marge Champion,16,George Sidney,John Lee Mahin,Arthur Freed,
74457,Redemption Road,Michael Clarke Duncan|Morgan Simpson|Kiele Sanchez|Taryn Manning|Luke Perry,7,Mario Van Peebles,George Richards|Morgan Simpson,,
283384,The Calling,Susan Sarandon|Gil Bellows|Ellen Burstyn|Topher Grace|Donald Sutherland,24,Jason Stone,Scott Abramovitch,Randy Manis|Nicholas Tabarrok|Scott Abramovitch|Lonny Dubrofsky,Grayson Matthews
19933,The Brave Little Toaster,Jon Lovitz|Timothy Stack|Phil Hartman|Deanna Oliver|Timothy E. Day,12,Jerry Rees,Joe Ranft|Jerry Rees,Donald Kushner|Thomas L. Wilhite,David Newman
756,Fantasia,Deems Taylor|Walt Disney|Julietta Novis|Leopold Stokowski,4,David Hand|James Algar|Samuel Armstrong|Ben Sharpsteen|William Roberts|Paul Satterfield|Hamilton Luske|Jim Handley|Ford Beebe|T. Hee|Wilfred Jackson|Norman Ferguson,Joe Grant|Dick Huemer,Walt Disney,
433715,8 Days,Nicole Smolen|Kim Baldwin|Ariana Stephens|Bryson Funk,4,Jaco Booyens,Philipa A. Booyens|Ferdinand Gernandt,,
9728,Friday the 13th Part III,Dana Kimmell|Paul Kratka|Tracie Savage|Jeffrey Rogers|Catherine Parks,16,Steve Miner,,,
9731,Friday the 13th: A New Beginning,Melanie Kinnaman|John Shepherd|Shavar Ross|Richard Young|Marco St. John,19,Danny Steinmann,Martin Kitrosser|Danny Steinmann|David Cohen|John Shepherd,Timothy Silver,
9916,The Last Sin Eater,Louise Fletcher|Henry Thomas|Soren Fulton|A.J. Buckley|Stewart Finlay-McLennan,20,Michael Landon Jr.,Michael Landon Jr.,Brian Bird|Robert Gros|Michael Landon Jr.,Mark McKenzie
309425,Do You Believe?,Mira Sorvino|Sean Astin|Alexa PenaVega|Cybill Shepherd|Brian Bosworth,17,Jon Gunn,Cary Solomon|Chuck Konzelman,David A.R. White|Mona Nahm|Harold Cronk|Russell Wolfe|Elizabeth Hatcher-Travis,
14156,Impact Point,Brian Austin Green|Melissa Keller|Linden Ashby|Joe Manganiello|Eddie Alfano,7,Hayley Cloake,Brett Merryman,,
43610,The Valley of Decision,Greer Garson|Gregory Peck|Donald Crisp|Lionel Barrymore|Preston Foster,20,Tay Garnett,John Meehan|Sonya Levien,Edwin H. Knopf,Herbert Stothart
360339,Eden,Jessica Lowndes|Ethan Peck|Diego Boneta|Nate Parker|Mario Casas,14,Shyam Madiraju,Mark Mavrothalasitis,,
31163,Chicken Tikka Masala,Chris Bisson|Saeed Jaffrey|Sally Bankes|Peter Ash|Zohra Sehgal,15,Harmage Singh Kalirai,Roopesh Parekh,,
297621,There's Always Woodstock,Allison Miller|James Wolk|Katey Sagal|Rumer Willis|Brittany Snow,25,Rita Merson,Rita Merson,,
16205,Jack Brooks: Monster Slayer,Robert Englund|Trevor Matthews|Daniel Kash|David Fox|Dean Hawes,38,Jon Knautz,Jon Knautz|John Ainslie,Patrick White|Trevor Matthews|Neil Bregman,
887,The Best Years of Our Lives,Fredric March|Myrna Loy|Dana Andrews|Teresa Wright|Virginia Mayo,15,William Wyler,Robert E. Sherwood,Samuel Goldwyn,Hugo Friedhofer
9517,Bully,Brad Renfro|Bijou Phillips|Nick Stahl|Rachel Miner|Michael Pitt,10,Larry Clark,,Don Murphy,
6007,Elling,Per Christian Ellefsen|Sven Nordin|Jørgen Langhelle|Marit Pia Jacobsen|Per Christensen,7,Petter Næss,Axel Hellstenius,Dag Alveberg,Lars Lillo-Stenberg
364083,Mi America,Robert Fontaine|Michael Brainard|Grant Boyd|Michael Derek|Lily Autumn Page,5,Robert Fontaine,Robert Fontaine,Robert Fontaine,
8329,[REC],Manuela Velasco|Ferran Terraza|Martha Carbonell|David Vert|Carlos Lasarte,20,Jaume Balagueró|Paco Plaza,Jaume Balagueró|Paco Plaza|Luis Berdejo,Julio Fernández|Alberto Marini,
69640,Lies in Plain Sight,Martha Higareda|Chad Michael Murray|Yul Vazquez|Benito Martinez|Cheyenne Haynes,5,Patricia Cardoso,Teena Booth,,
371085,Sharkskin,,0,,,,
347548,Containment,Louise Brealey|Lee Ross|Sheila Reid|Pippa Nixon|Claire Greasley,8,Neil Mcenery-West,Neil Mcenery-West|David Lemon,Christine Hartland|Casey Herbert|Pete Smyth,
322443,The Timber,James Ransone|Elisa Lasowski|Josh Peck|Attila Árpa|William Gaunt,8,Anthony O'Brien,Steve Allrich|Anthony O'Brien|Colin Ossiander,Scott Einbinder|Patrick Newall,
657,From Russia with Love,Sean Connery|Daniela Bianchi|Pedro Armendáriz|Lotte Lenya|Robert Shaw,45,Terence Young,Richard Maibaum|Berkely Mather,Albert R. Broccoli|Harry Saltzman,John Barry|Monty Norman
28165,The Toxic Avenger Part II,Ron Fazio|John Altamura|Phoebe Legere|Rick Collins|Rikiya Yasuoka,17,Lloyd Kaufman|Michael Herz,Lloyd Kaufman|Lloyd Kaufman|Gay Partington Terry,Lloyd Kaufman|Michael Herz,Barrie Guard
11561,Sleeper,Woody Allen|Diane Keaton|John Beck|Mary Gregory|Brian Avery,9,Woody Allen,Woody Allen|Marshall Brickman,Jack Grossberg,Woody Allen
270303,It Follows,Maika Monroe|Keir Gilchrist|Daniel Zovatto|Jake Weary|Olivia Luccardi,29,David Robert Mitchell,David Robert Mitchell,Erik Rommesmo|Laura D. Smith|Rebecca Green|David Kaplan,
11624,Everything You Always Wanted to Know About Sex *But Were Afraid to Ask,Woody Allen|John Carradine|Lou Jacobi|Louise Lasser|Anthony Quayle,21,Woody Allen,Woody Allen,Charles H. Joffe|Jack Rollins,
595,To Kill a Mockingbird,Gregory Peck|Brock Peters|James Anderson|Mary Badham|Phillip Alford,56,Robert Mulligan,Horton Foote|Harper Lee,Alan J. Pakula|Robert Mulligan|Harper Lee|Gregory Peck,Elmer Bernstein
8810,Mad Max 2: The Road Warrior,Mel Gibson|Bruce Spence|Michael Preston|Max Phipps|Vernon Wells,18,George Miller,Terry Hayes|George Miller|Brian Hannant,Byron Kennedy,Brian May
12207,The Legend of Drunken Master,Jackie Chan|Anita Mui|Ti Lung|Felix Wong|Liu Chia-Liang,15,Liu Chia-Liang,Edward Tang|Man-Ming Tong|Gai Chi Yuen,Eric Tsang|Edward Tang,William Wu Wai-Lap
226,Boys Don't Cry,Hilary Swank|Chloë Sevigny|Peter Sarsgaard|Brendan Sexton III|Alicia Goranson,24,Kimberly Peirce,,John Hart|Eva Kolodner|Christine Vachon|Jeffrey Sharp|Brad Simpson,Nathan Larson
92182,Silent House,Elizabeth Olsen|Adam Trese|Eric Sheffer Stevens|Julia Taylor Ross|Adam Barnett,6,Chris Kentis|Laura Lau,Laura Lau|Gustavo Hernández,Laura Lau|Agnès Mentre,
582,The Lives of Others,Martina Gedeck|Ulrich Mühe|Sebastian Koch|Ulrich Tukur|Thomas Thieme,33,Florian Henckel von Donnersmarck,Florian Henckel von Donnersmarck,Max Wiedemann|Quirin Berg,Gabriel Yared|Stéphane Moucha
72213,Courageous,Alex Kendrick|Ken Bevel|Ben Davies|Kevin Downes|Rusty Martin,16,Alex Kendrick,Alex Kendrick|Stephen Kendrick,,
990,The Hustler,Paul Newman|Jackie Gleason|Piper Laurie|George C. Scott|Myron McCormick,15,Robert Rossen,Robert Rossen|Sidney Carroll|Walter Tevis,Robert Rossen,Kenyon Hopkins
55604,Boom Town,Clark Gable|Spencer Tracy|Claudette Colbert|Hedy Lamarr|Frank Morgan,75,Jack Conway,John Lee Mahin|James Edward Grant,Sam Zimbalist,Franz Waxman
9662,The Triplets of Belleville,Béatrice Bonifassi|Lina Boudreau|Michèle Caucheteux|Jean-Claude Donda|Mari-Lou Gauthier,7,Sylvain Chomet,,Didier Brunner|Viviane Vanfleteren,Benoît Charest
20862,Smoke Signals,Adam Beach|Evan Adams|Irene Bedard|Gary Farmer|Tantoo Cardinal,11,Chris Eyre,Sherman Alexie,,
2771,American Splendor,Paul Giamatti|Hope Davis|Judah Friedlander|James Urbaniak|Harvey Pekar,19,Shari Springer Berman|Robert Pulcini,Harvey Pekar|Shari Springer Berman|Robert Pulcini|Joyce Brabner,,
80,Before Sunset,Ethan Hawke|Julie Delpy|Vernon Dobtcheff|Louise Lemoine Torrès|Mariane Plasteig,10,Richard Linklater,Richard Linklater|Richard Linklater|Kim Krizan|Ethan Hawke|Julie Delpy,Richard Linklater|Anne Walker-McBay,
55,Amores perros,Gael García Bernal|Vanessa Bauche|Goya Toledo|Alvaro Guerrero|Emilio Echevarría,25,Alejandro González Iñárritu,,Alejandro González Iñárritu|Guillermo Arriaga|Pelayo Gutiérrez|Raúl Olvera Ferrer,Gustavo Santaolalla|Antonio Vega
11023,Thirteen,Evan Rachel Wood|Nikki Reed|Vanessa Hudgens|Holly Hunter|Brady Corbet,16,Catherine Hardwicke,Catherine Hardwicke|Nikki Reed,Michael London|Jeffrey Kusama-Hinte,Mark Mothersbaugh|Brian Zarate
33667,Gentleman's Agreement,Gregory Peck|Dorothy McGuire|John Garfield|Celeste Holm|Anne Revere,13,Elia Kazan,Moss Hart,Darryl F. Zanuck,Alfred Newman
39013,Winter's Bone,Jennifer Lawrence|John Hawkes|Kevin Breznahan|Dale Dickey|Garret Dillahunt,22,Debra Granik,Debra Granik|Anne Rosellini,,Dickon Hinchliffe
11194,Touching the Void,Brendan Mackey|Nicholas Aaron|Richard Hawking|Ollie Ryall|Joe Simpson,6,Kevin Macdonald,,John Smithson,Alex Heffes
43839,Alexander's Ragtime Band,Tyrone Power|Alice Faye|Don Ameche|Ethel Merman|Jack Haley,28,Henry King,Lamar Trotti|Irving Berlin|Kathryn Scola,,
1382,Me and You and Everyone We Know,Miranda July|John Hawkes|Brandon Ratcliff|Miles Thompson|Carlie Westerman,11,Miranda July,Miranda July,Gina Kwon,Michael Andrews
44639,Inside Job,Matt Damon|William Ackman|Barack Obama|George W. Bush|Jonathan Alpert,9,Charles Ferguson,Chad Beck|Adam Bolt,Charles Ferguson|Audrey Marrs|Kalyanee Mam|Anna Moot-Levin,Alex Heffes
301351,We Are Your Friends,Zac Efron|Emily Ratajkowski|Wes Bentley|Nick Rotteveel|Alessandro Lindblad,29,Max Joseph,Meaghan Oppenheimer|Max Joseph,Tim Bevan|Eric Fellner,
4816,Ghost Dog: The Way of the Samurai,Forest Whitaker|Cliff Gorman|Tricia Vessey|Henry Silva|Victor Argo,24,Jim Jarmusch,Jim Jarmusch,Jim Jarmusch|Richard Guay,RZA
7873,Harsh Times,Christian Bale|Freddy Rodríguez|Eva Longoria|Chaka Forman|Tammy Trull,16,David Ayer,,Andrea Sperling|David Ayer,Graeme Revell
331190,Captive,Kate Mara|David Oyelowo|Michael Kenneth Williams|Mimi Rogers|Leonor Varela,23,Jerry Jameson,Brian Bird,David Oyelowo|Terry Botwick|Alex Garcia|Ken Wales|Lucas Akoskin,Lorne Balfe
15186,Full Frontal,David Duchovny|Nicky Katt|Catherine Keener|Mary McCormack|David Hyde Pierce,17,Steven Soderbergh,Coleman Hough,Scott Kramer|Gregory Jacobs,
17994,Witchboard,Stephen Nichols|Tawny Kitaen|Todd Allen|Kathleen Wilhoite|Burke Byrnes,13,Kevin Tenney,Kevin Tenney,,
1378,Shortbus,Sook-Yin Lee|Paul Dawson|PJ DeBoy|Jay Brannan|Lindsay Beamish,27,John Cameron Mitchell,John Cameron Mitchell,John Cameron Mitchell|Howard Gertler|Tim Perell|Pamela Hirsch,
8885,Waltz with Bashir,Ari Folman|Ron Ben-Yishai|Dror Harazi|Ronny Dayag,4,Ari Folman,Ari Folman,Gerhard Meixner|Roman Paul|Serge Lalou|Yael Nahlieli,Max Richter
48382,"The Book of Mormon Movie, Volume 1: The Journey",Kirby Heyborne|Michael Flynn,2,,,,
12901,No End in Sight,Campbell Scott|Gerald Burke|Ali Fadhil|Robert Hutchings,4,Charles Ferguson,Charles Ferguson,,
250124,The Diary of a Teenage Girl,Bel Powley|Kristen Wiig|Alexander Skarsgård|Christopher Meloni|Austin Lyon,22,Marielle Heller,Marielle Heller,Anne Carey|Miranda Bailey|Bert Hamelinck|Madeline Samit,Nate Heller
14284,In the Shadow of the Moon,Buzz Aldrin|Michael Collins|Alan Bean|Eugene Cernan|Charles Duke,9,David Sington,,,
57120,Meek's Cutoff,Michelle Williams|Bruce Greenwood|Will Patton|Zoe Kazan|Paul Dano,9,Kelly Reichardt,Jonathan Raymond,Neil Kopp|Anish Savjani|Elizabeth Cuthrell|David Urrutia,
12228,Inside Deep Throat,Dennis Hopper|Peter Bart|Warren Beatty|Carl Bernstein,4,Fenton Bailey|Randy Barbato,Fenton Bailey|Randy Barbato,Brian Grazer|Ron Howard|Fenton Bailey|Randy Barbato,David Benjamin Steinberg
22617,Dinner Rush,Danny Aiello|John Rothman|Frank Bongiorno|Lexie Sperduto|Zainab Jah,10,Bob Giraldi,Rick Shaughnessy|Brian S. Kalata,,
55561,Clockwatchers,Toni Collette|Parker Posey|Lisa Kudrow|Alanna Ubach|Helen FitzGerald,14,Jill Sprecher,,,
42889,The Virginity Hit,Matt Bennett|Zack Pearlman|Jacob Davich|Justin Kline|Krysta Rodriguez,8,Huck Botko|Andrew Gurland,,,
10656,Subway,Isabelle Adjani|Christopher Lambert|Richard Bohringer|Michel Galabru|Jean-Hugues Anglade,8,Luc Besson,,Luc Besson|François Ruggieri,Eric Serra
24363,House of D,Robin Williams|David Duchovny|Anton Yelchin|Téa Leoni|Erica Tazel,14,David Duchovny,David Duchovny,Richard Barton Lewis|Jane Rosenthal|Bob Yari,Geoff Zanelli
13121,Teeth,Jess Weixler|John Hensley|Josh Pais|Hale Appleman|Lenny Von Dohlen,7,Mitchell Lichtenstein,Mitchell Lichtenstein,Mitchell Lichtenstein|Joyce Pierpoline,Robert Miller
24746,Six-String Samurai,Jeffrey Falcon|Justin McGuire|Kim De Angelo|Stephane Gauger|Clifford Hugo,15,Lance Mungia,Jeffrey Falcon|Lance Mungia,Leanna Creel|Jeffrey Falcon|Lance Mungia,
325140,Hum To Mohabbat Karega,,0,,,,
12109,It's All Gone Pete Tong,Paul Kaye|Kate Magowan|Neil Maskell|Beatriz Batarda|Pete Tong,11,Michael Dowse,,James Richardson|Allan Niblo,Graham Massey
27023,Saint John of Las Vegas,Steve Buscemi|Romany Malco|Tim Blake Nelson|Sarah Silverman|John Cho,6,Hue Rhodes,,,
22913,24 7: Twenty Four Seven,Bob Hoskins|Danny Nussbaum|Bruce Jones|Annette Badland|Frank Harper,15,Shane Meadows,Shane Meadows|Paul Fraser,Imogen West,Boo Hewerdine
273899,Stonewall,Jeremy Irvine|Jonny Beauchamp|Jonathan Rhys Meyers|Ron Perlman|Caleb Landry Jones,17,Roland Emmerich,Jon Robin Baitz,,
20653,Roadside Romeo,Saif Ali Khan|Kareena Kapoor|Javed Jaffrey|Tanaaz Currim Irani|Vrajesh Hirjee,5,,,,
67373,This Thing of Ours,James Caan|James Caan|Frank Vincent|Vincent Pastore|Louis Vanaria,8,Danny Provenzano,Ted A. Bohus|Danny Provenzano,,
171759,The Lost Medallion: The Adventures of Billy Stone,William Brent|Sammi Hanratty|James Hong|Alex Kendrick|Mark Dacascos,9,Bill Muir,Bill Muir,,Steffan Fantini|Marc Fantini
206296,The Last Five Years,Anna Kendrick|Jeremy Jordan|Natalie Knepp|Bettina Bresnan|Marceline Hugot,14,Richard LaGravenese,Richard LaGravenese,Richard LaGravenese|Janet Brenner|Kurt Deutsch,
35219,The Missing Person,Michael Shannon|Amy Ryan|Frank Wood|Linda Emond|John Ventimiglia,13,Noah Buschel,Noah Buschel,,
28260,Return of the Living Dead 3,Melinda Clarke|J. Trevor Edmond|Kent McCord|Sarah Douglas|James T. Callahan,17,Brian Yuzna,John Penney,Brian Yuzna|Gary Schmoeller|John Penney,Barry Goldberg
7515,London,Chris Evans|Jessica Biel|Joy Bryant|Jason Statham|Kelli Garner,16,Hunter Richards,Hunter Richards,Bonnie Timmermann|Ash R. Shah|Paul Davis-Miller,
13075,Sherrybaby,Maggie Gyllenhaal|Michelle Hurst|Sandra Rodríguez|Danny Trejo|Brad William Henke,8,Laurie Collyer,Laurie Collyer,Marc Turtletaub|Lemore Syvan,Jack Livesey
335866,Circle,Julie Benz|Carter Jenkins|Cesar Garcia|Mercy Malick|Lisa Pelikan,15,Aaron Hann|Mario Miscione,Aaron Hann|Mario Miscione,,
13510,Eden Lake,Kelly Reilly|Michael Fassbender|Tara Ellis|Jack O'Connell|Finn Atkins,16,James Watkins,James Watkins,Christian Colson|Richard Holmes,David Julyan
215881,Plush,Emily Browning|Xavier Samuel|Cam Gigandet|Dawn Olivieri|Frances Fisher,19,Catherine Hardwicke,Catherine Hardwicke|Arty Nelson,,
18238,Lesbian Vampire Killers,James Corden|Mathew Horne|Paul McGann|MyAnna Buring|Vera Filatova,15,Phil Claydon,,Steve Clark-Hall,Debbie Wiseman
22600,Gangster's Paradise: Jerusalema,Daniel Buckland|Robert Hobbs|Rapulana Seiphemo|Jeffrey Zekele|Ronnie Nyakale,14,Ralph Ziman,,,
12612,Freeze Frame,Lee Evans|Sean McGinley|Ian McNeice|Colin Salmon,4,John Simpson,John Simpson,Michael Casey,Debbie Wiseman
50698,Grave Encounters,Sean Rogerson|Juan Riedinger|Ashleigh Gryzko|Mackenzie Gray|Arthur Corber,12,Colin Minihan|Stuart Ortiz,Colin Minihan|Stuart Ortiz,Shawn Angelski,
115210,Stitches,Ross Noble|Tommy Knight|Gemma-Leah Devereux|John McDonnell,4,Conor McMahon,Conor McMahon|David O'Brien,Brendan McCarthy|John McDonnell|Julianne Forde|Ruth Treacy,
34335,Nine Dead,Melissa Joan Hart|John Terry|Chip Bent|Lawrence Turner|Edrick Browne,9,Chris Shadley,Patrick Wehe Mahoney,,
459488,"To Be Frank, Sinatra at 100",Tony Oppedisano,1,Simon Napier-Bell,,,
11302,Bananas,Woody Allen|Louise Lasser|Carlos Montalbán|Nati Abascal|Jacobo Morales,16,Woody Allen,Woody Allen|Mickey Rose,Axel Anderson|Antonio Encarnacion|Jack Grossberg|Manolo Villamil,Marvin Hamlisch
119458,Supercapitalist,Linus Roache|Derek Ting|Richard Ng|Michael Park|Kathy Uyen,10,Simon Yin,Derek Ting,Derek Ting,
20406,Rockaway,Nicholas Gonzalez|Mario Cimarro|Oleg Taktarov|Vitali Baganov|Ricardo Chavira,11,Jeff Crook|Josh Crook,,,
3766,The Lady from Shanghai,Rita Hayworth|Orson Welles|Everett Sloane|Glenn Anders|Ted de Corsia,46,Orson Welles,Orson Welles|Charles Lederer|William Castle|Fletcher Markle,Orson Welles|William Castle|Richard Wilson,Heinz Roemheld
18616,No Man's Land: The Rise of Reeker,Stephen Martines|Valerie Cruz|Mircea Monroe|Desmond Askew|Michael Robert Brandon,8,Dave Payne,Dave Payne,Dave Payne|Tina Illman,
18808,Highway,Jake Gyllenhaal|Selma Blair|Jared Leto|John C. McGinley|Jeremy Piven,8,James Cox,Scott Rosenberg,,
95755,Small Apartments,Matt Lucas|Juno Temple|James Caan|Dolph Lundgren|Billy Crystal,15,Jonas Åkerlund,Chris Millis,Bonnie Timmermann|Ash R. Shah|David Hillary|Timothy Wayne Peternel,
198062,Coffee Town,Glenn Howerton|Steve Little|Ben Schwartz|Adrianne Palicki|Josh Groban,11,Brad Copeland,Brad Copeland,,The Wellspring
188652,The Ghastly Love of Johnny X,Will Keenan|Creed Bratton|De Anna Joy Brooks|Reggie Bannister|Jed Rowen,7,Paul Bunnell,Paul Bunnell,,
174311,All Is Bright,Paul Rudd|Paul Giamatti|Sally Hawkins|Peter Hermann|Michael Drayer,12,Phil Morrison,Phil Morrison,Sidney Kimmel|John Penotti|Daniel Carey|Elizabeth Giamatti,Graham Reynolds
12602,The Torture Chamber of Dr. Sadism,Lex Barker|Christopher Lee|Karin Dor|Carl Lange|Christiane Rücker,7,Harald Reinl,Manfred R. Köhler,,Peter Thoms
153795,Straight A's,Anna Paquin|Ryan Phillippe|Luke Wilson|Powers Boothe|Riley Thomas Stewart,11,James Cox,David Cole,Holly Wiersma|Scoot McNairy|René Besson,
17768,A Funny Thing Happened on the Way to the Forum,Zero Mostel|Phil Silvers|Buster Keaton|Michael Crawford|Jack Gilford,16,Richard Lester,Larry Gelbart|Michael Pertwee|Melvin Frank|Burt Shevelove,Melvin Frank,
13516,Slacker Uprising,Michael Moore|Eddie Vedder|Robert Ellis Orrall|Steve Earle|Celeste Zappala,27,Michael Moore,Michael Moore,Michael Moore|Monica Hampton,
98549,The Legend of Hell's Gate: An American Conspiracy,Eric Balfour|Lou Taylor Pucci|Henry Thomas|James Lafferty|Summer Glau,38,Tanner Beard,Tanner Beard,Suzanne Weinert|Jay Michaelson,Lexie Beard
312793,The Walking Deceased,Tim Ogletree|Troy Ogletree|Dave Sheridan|Joey Oglesby|Sophia Taylor Ali,26,Scott Dow,Tim Ogletree,,
309919,The Curse of Downers Grove,Bella Heathcote|Lucas Till|Helen Slater|Penelope Mitchell|Mark L. Young,13,Derick Martini,Bret Easton Ellis|Derick Martini,Oren Segal|Jason Dubin|Chiara Trento,Pinar Toprak
299553,Shark Lake,Dolph Lundgren|James Chalke|Sara Malakul Lane|Michael Aaron Milligan|Ibrahim Renno Jr.,14,Jerry Dugan,David Anderson|Gabe Burnstein,Dolph Lundgren|Jeff Spilman,
21309,River's Edge,Crispin Glover|Keanu Reeves|Ione Skye|Daniel Roebuck|Dennis Hopper,7,Tim Hunter,Neal Jimenez,,
32235,Northfork,James Woods|Nick Nolte|Claire Forlani|Daryl Hannah|Douglas Sebern,12,Michael Polish,Mark Polish|Michael Polish,,
329540,The Marine 4: Moving Target,Mike Mizanin|Melissa Roxburgh|Josh Blacker|Matthew MacCaull|Paul McGillion,10,William Kaufman,Alan B. McElroy,Michael J. Luisi,
26388,Buried,Ryan Reynolds|José Luis García Pérez|Robert Paterson|Stephen Tobolowsky|Samantha Mathis,20,Rodrigo Cortés,Chris Sparling,Peter Safran|Ken Hirsh|Adrián Guerra|Miguel Nadal|Víctor Reyes,Víctor Reyes
49020,Submarine,Craig Roberts|Sally Hawkins|Paddy Considine|Noah Taylor|Gemma Chan,21,Richard Ayoade,Richard Ayoade,Mark Herbert|Andy Stebbing|Mary Burke|Rebecca Davies|Ally Gipps,Andrew Hewitt
159037,The Square,Khalid Abdalla|Dina Abdullah|Dina Amer|Magdy Ashour|Ramy Essam,7,Jehane Noujaim,,Maxyne Franklin,
12838,One to Another,Lizzie Brocheré|Arthur Dupont|Guillaume Baché|Pierre Perrier|Nicolas Nollet,12,Jean-Marc Barr|Pascal Arnold,Pascal Arnold,,Irina Dečermić
157293,ABCD (Any Body Can Dance),Prabhu Deva|Ganesh Acharya|Kay Kay Menon|Lauren Gottlieb|Salman Yusuff Khan,14,Remo D'Souza,Tushar Hiranandani|Remo D'Souza,Ronnie Screwvala|Siddharth Roy Kapur,
14048,Man on Wire,Philippe Petit|Jean François Heckel|Jean-Louis Blondeau|Annie Allix|David Forman,8,James Marsh,Philippe Petit,Simon Chinn,
356987,Abandoned,Dominic Purcell|Peter Feeney|Owen Black|Siobhan Marshall|Serena Cotton,17,John Laing,Stephanie Johnson,,
295886,Brotherly Love,Keke Palmer|Cory Hardrict|Eric D. Hill Jr.|Quincy Brown|Nafessa Williams,5,Jamal Hill,Jamal Hill,Shelby Stone|Jacob York|Charles E. Alston|Yaneley Arty|Ron Robinson,
38358,The Last Exorcism,Ashley Bell|Patrick Fabian|Iris Bahr|Louis Herthum|Caleb Landry Jones,8,Daniel Stamm,Huck Botko|Andrew Gurland,Marc Abraham|Eli Roth|Thomas A. Bliss,
33511,Nowhere Boy,Aaron Taylor-Johnson|Anne-Marie Duff|Kristin Scott Thomas|David Threlfall|David Morrissey,21,Sam Taylor-Johnson,Matt Greenhalgh,Kevin Loader|Robert Bernstein,Alison Goldfrapp|Will Gregory
702,A Streetcar Named Desire,Vivien Leigh|Marlon Brando|Kim Hunter|Karl Malden|Rudy Bond,19,Elia Kazan,Tennessee Williams|Oscar Saul,Charles K. Feldman,Alex North
935,Dr. Strangelove or: How I Learned to Stop Worrying and Love the Bomb,Peter Sellers|George C. Scott|Sterling Hayden|Keenan Wynn|Slim Pickens,21,Stanley Kubrick,Stanley Kubrick|Terry Southern|Peter George,Stanley Kubrick|Victor Lyndon,Laurie Johnson
542,The Crime of Padre Amaro,Gael García Bernal|Ana Claudia Talancón|Sancho Gracia|Angélica Aragón|Ernesto Gómez Cruz,15,Carlos Carrera,Vicente Leñero,Daniel Birman Ripstein|Alfredo Ripstein hijo|José María Morales|Claudia Becker|Scot Evans,Rosino Serrano
84175,Beasts of the Southern Wild,Quvenzhané Wallis|Dwight Henry|Levy Easterly|Gina Montana|Lowell Landes,15,Benh Zeitlin,Benh Zeitlin|Lucy Alibar,Michael Gottwald|Dan Janvey|Josh Penn,Benh Zeitlin|Dan Romer
1705,Battle for the Planet of the Apes,Roddy McDowall|Natalie Trundy|Austin Stoker|Severn Darden|Claude Akins,17,J. Lee Thompson,Paul Dehn|John William Corrington|Joyce Hooper Corrington,Arthur P. Jacobs,Leonard Rosenman
62677,Songcatcher,Janet McTeer|Michael Davis|Michael Goodwin|Gregory Russell Cook|Jane Adams,14,Maggie Greenwald,Maggie Greenwald,Richard Miller|Ellen Rigas-Venetis,David Mansfield
50875,Higher Ground,Vera Farmiga|Donna Murphy|Dagmara Domińczyk|John Hawkes|Joshua Leonard,16,Vera Farmiga,,,
260778,Vaalu,Silambarasan|Hansika Motwani|Santhanam|VTV Ganesh|Brahmanandam,13,Vijay Chandar,Vijay Chandar|Vijay Chandar|Siva Prakash,S. S. Chakravarthy|S.S.Chakravarthy,S. Thaman
58492,The Greatest Movie Ever Sold,Morgan Spurlock|Peter Berg|Paul Brennan|Ralph Nader|Brett Ratner,7,Morgan Spurlock,Morgan Spurlock,,
44562,Ed and His Dead Mother,Eric Christmas|Harper Roisman|Steve Buscemi|Sam Jenkins|Ned Beatty,6,Jonathan Wacks,,,
37232,Travellers and Magicians,Tshewang Dendup|Sonam Lhamo|Lhakpa Dorji|Deki Yangzom|Sonam Kinga,5,Khyentse Norbu,Khyentse Norbu,,
4929,Hang 'em High,Clint Eastwood|Inger Stevens|Ed Begley|Pat Hingle|Ben Johnson,24,Ted Post,Leonard Freeman|Mel Goldberg,Leonard Freeman,Dominic Frontiere
36334,Deadline - U.S.A.,Humphrey Bogart|Ethel Barrymore|Kim Hunter|Ed Begley|Warren Stevens,17,Richard Brooks,Richard Brooks,Sol C. Siegel,Cyril J. Mockridge|Sol Kaplan
9783,Sublime,Tom Cavanagh|Jeffrey Anderson-Gunter|Cas Anvar|Paget Brewster|Jordi Caballero,21,Tony Krantz,,Daniel Myrick|Tony Krantz,
386826,A Beginner's Guide to Snuff,Joey Kern|Luke Edwards|Bree Williamson|Brad Greenquist|Perry Laylon Ojeda,5,Mitchell Altieri,Adam Weis|Cory Knauf|Mitchell Altieri,,Kevin Kerrigan
205126,Independence Daysaster,Casey Dubois|Iain Belcher|Andrea Brooks|Nicholas Carella|Emily Holmes,5,W.D. Hogan,Rudy Thauberger|Sydney Roper,,
98557,Dysfunctional Friends,Stacey Dash|Reagan Gomez-Preston|Wesley Jonathan|Persia White|Jason Weaver,14,Corey Grant,Corey Grant,Greg Carter|Datari Turner,
104,Run Lola Run,Franka Potente|Moritz Bleibtreu|Herbert Knaup|Nina Petri|Armin Rohde,23,Tom Tykwer,Tom Tykwer,Stefan Arndt|Andreas Schreitmüller|Gebhard Henke,Tom Tykwer|Johnny Klimek|Reinhold Heil
10894,May,Angela Bettis|Jeremy Sisto|Anna Faris|James Duval|Nichole Hiltz,17,Lucky McKee,Lucky McKee,Marius Balchunas|Scott Sturgeon,Jaye Barnes Luckett
246449,Against the Wild,Natasha Henstridge|CJ Adams|Erin Pitt|Ted Whittall|Rainbow Francks,9,Richard Boddington,Richard Boddington,,
32579,Under the Same Moon,Kate del Castillo|Adrián Alonso Barona|Eugenio Derbez|America Ferrera|Angelina Peláez,11,Patricia Riggen,Ligiah Villalobos,,Carlo Siliotto
1688,Conquest of the Planet of the Apes,Roddy McDowall|Don Murray|Ricardo Montalban|Hari Rhodes|Severn Darden,29,J. Lee Thompson,Paul Dehn,Arthur P. Jacobs,Tom Scott
1999,In the Bedroom,Tom Wilkinson|Sissy Spacek|Nick Stahl|Marisa Tomei|William Mapother,11,Todd Field,Todd Field,Ross Katz|Todd Field|Graham Leader,Thomas Newman
43947,I Spit on Your Grave,Sarah Butler|Daniel Franzese|Chad Lindberg|Jeff Branson|Rodney Eastman,9,Steven R. Monroe,Meir Zarchi|Stuart Morse,Lisa M. Hansen|Paul Hertzberg,Corey A. Jackson
24066,"Happy, Texas",Steve Zahn|William H. Macy|Jeremy Northam|Ally Walker|Ron Perlman,9,Mark Illsley,Phil Reeves|Ed Stone|Mark Illsley,,
9709,My Summer of Love,Natalie Press|Emily Blunt|Paddy Considine|Dean Andrews,4,Paweł Pawlikowski,Michael Wynne|Paweł Pawlikowski,David M. Thompson|Chris Auty|Chris Collins|Emma Hayter|Tanya Seghatchian,Alison Goldfrapp|Will Gregory
191714,The Lunchbox,Irrfan Khan|Nimrat Kaur|Nawazuddin Siddiqui|Denzil Smith|Bharati Achrekar,9,Ritesh Batra,Ritesh Batra,,Max Richter
25312,Yes,Joan Allen|Simon Abkarian|Sam Neill|Shirley Henderson|Stephanie Leonidas,7,Sally Potter,Sally Potter,,
34106,You Can't Take It With You,Jean Arthur|Lionel Barrymore|James Stewart|Edward Arnold|Mischa Auer,141,Frank Capra,Robert Riskin,Frank Capra,
11426,From Here to Eternity,Burt Lancaster|Montgomery Clift|Deborah Kerr|Donna Reed|Frank Sinatra,17,Fred Zinnemann,Daniel Taradash|James Jones,E. Maurice Adler,George Duning
13909,She Wore a Yellow Ribbon,"John Wayne|Joanne Dru|John Agar|Ben Johnson|Harry Carey, Jr.",24,John Ford,Laurence Stallings|Frank S. Nugent|James Warner Bellah,,
206284,Grace Unplugged,AJ Michalka|James Denton|Kevin Pollak|Shawnee Smith|Michael Welch,8,Brad J. Silverman,Brad J. Silverman,,
27455,Foolish,Eddie Griffin|Master P|Amie Petersen|Frank Sivero|Daphnée Duplaix Samuel,14,Dave Meyers,Master P,,
66468,N-Secure,Cordell Moore|Essence Atkins|Denise Boutte|Tempestt Bledsoe|Lamman Rucker,6,David M. Matthews,Julius Lewis,,
7973,Caramel,Nadine Labaki|Yasmine Al Massri|Joanna Moukarzel|Gisèle Aouad|Adel Karam,11,Nadine Labaki,Nadine Labaki|Jihad Hojeily|Rodney El Haddad,Anne-Dominique Toussaint,Khaled Mouzannar
283686,Out of the Dark,Julia Stiles|Scott Speedman|Stephen Rea|Alejandro Furth|Pixie Davies,6,Lluís Quílez,Javier Gullón|Àlex Pastor|David Pastor,Belén Atienza|Enrique López Lavigne|Cristian Conti|Andrés Calderón,
15976,The Bubble,Ohad Knoller|Yousef Sweid|Daniella Wircer|Alon Friedman|Zion Baruch,8,Eytan Fox,Eytan Fox|Gal Uchovsky,,
592,The Conversation,Gene Hackman|John Cazale|Frederic Forrest|Cindy Williams|Harrison Ford,17,Francis Ford Coppola,Francis Ford Coppola,Francis Ford Coppola|Fred Roos|Mona Skager,David Shire
74084,Dil Jo Bhi Kahey...,Amitabh Bachchan|Revathi|Karan Sharma|Annabelle Wallis|Malcolm Stoddard,13,Romesh Sharma,Romesh Sharma,,
1651,Mississippi Mermaid,Jean-Paul Belmondo|Catherine Deneuve|Michel Bouquet|Nelly Borgeaud|Martine Ferrière,8,François Truffaut,François Truffaut,François Truffaut|Marcel Berbert,Antoine Duhamel
25428,I Love Your Work,Marisa Coughlan|Judy Greer|Shalom Harlow|Jared Harris|Joshua Jackson,11,Adam Goldberg,Adam Goldberg|Adrian Butchart,,
298584,Cabin Fever,Matthew Daddario|Samuel Davis|Dustin Ingram|Eli Roth|Gage Golightly,15,Travis Zariwny,Randy Pearlstein,Evan Astrowsky|Christopher Lemole|Tim Zajaros,Kevin Riepl
10758,Waitress,Keri Russell|Nathan Fillion|Andy Griffith|Cheryl Hines|Eddie Jemison,20,Adrienne Shelly,,Michael Roiff,Andrew Hollander
11690,Bloodsport,Jean-Claude Van Damme|Bolo Yeung|Roy Chiao|Philip Chan Yan-Kin|Donald Gibb,9,Newt Arnold,Sheldon Lettich|Mel Friedman|Christopher Cosby,Menahem Golan|Yoram Globus|Mark DiSalle,
3083,Mr. Smith Goes to Washington,James Stewart|Jean Arthur|Claude Rains|Edward Arnold|Guy Kibbee,213,Frank Capra,Lewis R. Foster|Sidney Buchman,Frank Capra,Dimitri Tiomkin
9344,Kids,Leo Fitzpatrick|Rosario Dawson|Chloë Sevigny|Justin Pierce|Sajan Bhagat,16,Larry Clark,Harmony Korine,Cary Woods,Lou Barlow|John Davis
10707,The Squid and the Whale,Jeff Daniels|Laura Linney|Jesse Eisenberg|Owen Kline|William Baldwin,41,Noah Baumbach,Noah Baumbach,Wes Anderson|Peter Newman|Charles Corwin|Clara Markowicz,Britta Phillips|Dean Wareham
15647,Kissing Jessica Stein,Jennifer Westfeldt|Tovah Feldshuh|Esther Wurmfeld|Hillel Friedman|Jon Hamm,9,Charles Herman-Wurmfeld,Heather Juergensen|Jennifer Westfeldt,Eden Wurmfeld|Brad Zions,Marcelo Zarvos
308529,Kickboxer: Vengeance,Alain Moussi|Dave Bautista|Sara Malakul Lane|Jean-Claude Van Damme|Darren Shahlavi,8,John Stockwell,Dimitri Logothetis|Jim McGrath,Ted Field|Dimitri Logothetis|Nicholas Celozzi|Robert Hickman|Mutita Na Songkla,Adam Dorn
4174,Spellbound,Ingrid Bergman|Gregory Peck|Michael Chekhov|Rhonda Fleming|Leo G. Carroll,14,Alfred Hitchcock,Ben Hecht,David O. Selznick,Miklós Rózsa
20156,Exotica,Bruce Greenwood|Mia Kirshner|Elias Koteas|Don McKellar|Sarah Polley,14,Atom Egoyan,Atom Egoyan,,
9464,Buffalo '66,Vincent Gallo|Christina Ricci|Ben Gazzara|Mickey Rourke|Rosanna Arquette,26,Vincent Gallo,Vincent Gallo|Alison Bagnall,Chris Hanley,
49018,Insidious,Patrick Wilson|Rose Byrne|Ty Simpkins|Barbara Hershey|Lin Shaye,19,James Wan,Leigh Whannell,Jason Blumenthal|Oren Peli|Steven Schneider,Joseph Bishara
13820,Repo Man,Harry Dean Stanton|Emilio Estevez|Tracey Walter|Olivia Barash|Sy Richardson,17,Alex Cox,Alex Cox,Jonathan Wacks|Peter McCarthy,Tito Larriva|Steven Hufsteter
18079,Nine Queens,Ricardo Darín|Gastón Pauls|Leticia Brédice|María Mercedes Villagra|Gabriel Correa,17,Fabián Bielinsky,Fabián Bielinsky,Pablo Bossi,
127918,The Gatekeepers,Ami Ayalon|Avraham Shalom|Yaakov Peri|Carmi Gillon|Avi Dichter,6,Dror Moreh,,,
17113,The Ballad of Jack and Rose,Daniel Day-Lewis|Camilla Belle|Catherine Keener|Ryan McDonald|Paul Dano,9,Rebecca Miller,,,
129139,The To Do List,Aubrey Plaza|Johnny Simmons|Bill Hader|Alia Shawkat|Sarah Steele,20,Maggie Carey,Maggie Carey,Greg Walter,
507,Killing Zoe,Eric Stoltz|Julie Delpy|Jean-Hugues Anglade|Tai Thai|Bruce Ramsay,11,Roger Avary,,Samuel Hadida,
4012,The Believer,Ryan Gosling|Summer Phoenix|Theresa Russell|Billy Zane|Joshua Harto,33,Henry Bean,Henry Bean|Henry Bean|Mark Jacobson,Susan Hoffman|Eric Sandys,Joel Diamond
14054,Snow Angels,Kate Beckinsale|Sam Rockwell|Michael Angarano|Olivia Thirlby|Amy Sedaris,10,David Gordon Green,David Gordon Green,,
323271,Unsullied,Rusty Joiner|Murray Gray|James Gaudioso|Erin Boyes,4,Simeon Rice,,,
10972,Session 9,Peter Mullan|David Caruso|Stephen Gevedon|Josh Lucas|Brendan Sexton III,9,Brad Anderson,Brad Anderson|Stephen Gevedon,David Collins|Dorothy Aufiero|Michael Williams,Climax Golden Twins
13066,I Want Someone to Eat Cheese With,Jeff Garlin|Sarah Silverman|Bonnie Hunt|Elle Fanning|Jessy Schram,5,Jeff Garlin,Jeff Garlin,,
66025,Mooz-lum,Nia Long|Danny Glover|Evan Ross|Summer Bishil,4,Qasim Basir,,,
11908,Hatchet,Joel David Moore|Tamara Feldman|Deon Richmond|Kane Hodder|Mercedes McNab,15,Adam Green,Adam Green,Scott Altomare|Sarah Elbert|Cory Neal,Andy Garfield
3082,Modern Times,Charlie Chaplin|Paulette Goddard|Henry Bergman|Tiny Sandford|Chester Conklin,36,Charlie Chaplin,Charlie Chaplin,Charlie Chaplin,Charlie Chaplin
39541,Stolen Summer,Aidan Quinn|Bonnie Hunt|Kevin Pollak|Eddie Kaye Thomas|Lisa Dodson,10,Pete Jones,Pete Jones,Ben Affleck|Matt Damon|Chris Moore,Danny Lux
1961,My Name Is Bruce,Bruce Campbell|Grace Thorsen|Ted Raimi|Adam Boyd|Mike Estes,7,Bruce Campbell,Mark Verheiden,Bruce Campbell,
51820,The Salon,Dondre Whitfield|Kym Whitley|Monica Calhoun|Terrence Howard|Darrin Henson,7,Mark Brown,,,
291362,Road Hard,Adam Carolla|Diane Farr|Larry Miller|Mindy Robinson|David Koechner,16,Adam Carolla|Kevin Hench,Adam Carolla|Kevin Hench,Adam Carolla|Kevin Hench|Nate Adams,Andrew Johnson
30082,Forty Shades of Blue,Dina Korzun|Rip Torn|Darren E. Burrows|Andrew Henderson|Elizabeth Morton,7,Ira Sachs,Ira Sachs|Michael Rohatyn,Ira Sachs|Jawal Nga|Donald Rosenfeld|Mary Bing|Margot Bridger,
72913,Amigo,Chris Cooper|DJ Qualls|Garret Dillahunt|Yul Vazquez|Lucas Neff,8,John Sayles,John Sayles,,
23963,Pontypool,Stephen McHattie|Lisa Houle|Georgina Reilly|Hrant Alianak|Rick Roberts,13,Bruce McDonald,Tony Burgess,Jeffrey Coghlan|Ambrose Roche,Claude Foisy
29406,Trucker,Michelle Monaghan|Nathan Fillion|Joey Lauren Adams|Jimmy Bennett|Mika Boorem,11,James Mottern,James Mottern,,
361505,Me You and Five Bucks,,0,,,,
104755,The Lords of Salem,Sheri Moon Zombie|Bruce Davison|Jeff Daniel Phillips|Judy Geeson|Meg Foster,43,Rob Zombie,Rob Zombie,Rob Zombie|Andy Gould|Jason Blum|Oren Peli|Steven Schneider,John 5|Griffin Boice
253306,Housebound,Morgana O'Reilly|Rima Te Wiata|Glen-Paul Waru|Cameron Rhodes|Millen Baird,10,Gerard Johnstone,Gerard Johnstone,Ant Timpson|Luke Sharpe,Mahuia Bridgman-Cooper
29595,Wal-Mart: The High Cost of Low Price,Lee Scott|Don Hunter|Jon Hunter|Jeremy Hunter|Matt Hunter,23,Robert Greenwald,,Robert Greenwald|Jim Gilliam|Devin Smith,John Frizzell
46729,Fetching Cody,Jay Baruchel|Sarah Lind|Jim Byrnes|Neil Denis|Chilton Crane,11,David Ray,David Ray,,
294600,Last I Heard,Paul Sorvino|Chazz Palminteri|Michael Rapaport|Renee Props,4,David Rodriguez,David Rodriguez,,
137347,Closer to the Moon,Vera Farmiga|Mark Strong|Harry Lloyd|Anton Lesser|Joe Armstrong,9,Nae Caranfil,Nae Caranfil,,
290370,Mutant World,Kim Coates|Holly Deveaux|Ashanti|Amber Marshall|Jason Cermak,11,David Winning,Matthew Campagna,Michael Frislev|Chad Oakes,
426469,Growing Up Smith,Roni Akurati|Brighton Sharbino|Jason Lee|Anjul Nigam|Hilarie Burton,23,Frank Lotito,Gregory Scott Houghton,,
356841,Checkmate,Danny Glover|Sean Astin|Vinnie Jones|Mischa Barton|Michael Paré,14,Timothy Woodward Jr.,Calvin Cox Jr.|Jennifer Lynch|Henry Mitchell,,
301325,#Horror,Taryn Manning|Natasha Lyonne|Chloë Sevigny|Balthazar Getty|Timothy Hutton,9,Tara Subkoff,Tara Subkoff,Tara Subkoff|Jason Ludman|Oren Segal|Brendan Walsh,
347755,Wind Walkers,Zane Holtz|Glen Powell|Kiowa Gordon|Castille Landon|Johnny Sequoyah,6,Russell Friedenberg,Russell Friedenberg,,
408,Snow White and the Seven Dwarfs,Adriana Caselotti|Lucille La Verne|Harry Stockwell|Roy Atwell|Pinto Colvig,13,David Hand,Ted Sears|Richard Creedon|Otto Englander|Dick Rickard|Earl Hurd,Walt Disney,Paul J. Smith|Frank Churchill|Leigh Harline
44413,The Holy Girl,María Alché|Mercedes Morán|Carlos Belloso|Alejandro Urdapilleta|Mía Maestro,5,Lucrecia Martel,Lucrecia Martel,,Andres Gerszenzon
39209,Shalako,Sean Connery|Brigitte Bardot|Jack Hawkins|Stephen Boyd|Peter van Eyck,15,Edward Dmytryk,James Griffith|Hal Hopper|Scott Finch,Artur Brauner|Euan Lloyd|Hal Mason,Robert Farnon
48463,Incident at Loch Ness,Werner Herzog|Kitana Baker|Gabriel Beistain|Russell Williams II|David A. Davidson,13,Zak Penn,Werner Herzog|Zak Penn,,
394047,The Dog Lover,Allison Paige|James Remar|Lea Thompson|Jayson Blair|Sherry Stringfield,30,Alex Ranarivelo,Ali Afshar|Alex Ranarivelo,Tag Mendillo,Jamie Christopherson
312791,GirlHouse,Ali Cobrin|Erin Agostino|James Thomas|Alice Hunter|Alyson Bath,13,Jon Knautz|Trevor Matthews,Nick Gordon,Cory Neal|Nick Gordon,
266034,The Blue Room,Mathieu Amalric|Léa Drucker|Stéphanie Cléau|Laurent Poitrenaux,4,Mathieu Amalric,Mathieu Amalric|Georges Simenon|Stéphanie Cléau,Paulo Branco,
280381,House at the End of the Drive,James Oliver|Jonathan Mangum|Alison Raimondi|Angela Jones|Lance Henriksen,14,David Worth,David Oman|Jim Vines,David Oman,
2661,Batman,Adam West|Burt Ward|Lee Meriwether|Cesar Romero|Burgess Meredith,18,Leslie H. Martinson,Lorenzo Semple Jr.,William Dozier,Nelson Riddle
100,"Lock, Stock and Two Smoking Barrels",Jason Flemyng|Dexter Fletcher|Nick Moran|Jason Statham|Vinnie Jones,27,Guy Ritchie,Guy Ritchie,Matthew Vaughn,John Murphy|David A. Hughes
218500,The Ballad of Gregorio Cortez,Edward James Olmos|James Gammon|Tom Bower,3,Robert M. Young,Américo Paredes,,
309,The Celebration,Ulrich Thomsen|Henning Moritzen|Thomas Bo Larsen|Paprika Steen|Birthe Neumann,21,Thomas Vinterberg,Thomas Vinterberg|Mogens Rukov,Birgitte Hald,Lars Bo Jensen
27845,Trees Lounge,Steve Buscemi|Chloë Sevigny|Carol Kane|Mark Boone Junior|Bronson Dudley,13,Steve Buscemi,Steve Buscemi,Brad Wyman|Chris Hanley,
25784,Journey from the Fall,Kiều Chinh|Long Nguyen|Diem Lien|Jayvee Mai The Hiep|Khanh Doan,8,Ham Tran,Ham Tran,,
52790,The Basket,Peter Coyote|Karen Allen|Robert Burke|Amber Willenborg|Jack MacDonald,8,Rich Cowan,,,
100275,Eddie: The Sleepwalking Cannibal,Thure Lindhardt|Dylan Smith|Georgina Reilly|Alain Goulem|Stephen McHattie,18,Boris Rodriguez,Jonathan Rannells|Alex Epstein|Boris Rodriguez,Boris Rodriguez|Ronnie Fridthjof|Michael Dobbin,
295914,Queen of the Mountains,Elina Abai Kyzy|Aziz Muradillayev|Nasira Mambetov|Adilet Usubaliyev|Mirlan Abdulayev,5,Sadyk Sher-Niyaz,Sadyk Sher-Niyaz|Bakytbek Turdubaev,,
42033,Def-Con 4,Lenore Zann|Maury Chaykin|Kate Lynch|Kevin King|John Walsch,12,Paul Donovan|Digby Cook,Paul Donovan,Paul Donovan|Digby Cook|Maura O'Connell|B.A. Gillian,Christopher Young
19187,The Hebrew Hammer,Adam Goldberg|Judy Greer|Andy Dick|Mario Van Peebles,4,Jonathan Kesselman,Jonathan Kesselman,,
46415,Neal 'n' Nikki,Uday Chopra|Tanisha Mukherjee|Abhishek Bachchan|Richa Pallod|Gaurav Gera,15,Arjun Sablok,Anvita Dutt Guptan|Arjun Sablok,,
38570,The 41–Year–Old Virgin Who Knocked Up Sarah Marshall and Felt Superbad About It,Bryan Callen|Noureen DeWulf|Mircea Monroe|Stephen Kramer Glickman|Austin Michael Scott,10,Craig Moss,Brad Kaaya|Craig Moss,,
27588,Forget Me Not,Carly Schroeder|Cody Linley|Brie Gabrielle|Chloe Bridges|Micah Alberti,34,Tyler Oliver,Jamieson Stern|Tyler Oliver,,
223,Rebecca,Laurence Olivier|Joan Fontaine|George Sanders|Judith Anderson|Nigel Bruce,25,Alfred Hitchcock,Robert E. Sherwood|Joan Harrison,David O. Selznick,Franz Waxman
9725,Friday the 13th Part 2,Amy Steel|John Furey|Adrienne King|Kirsten Baker|Betsy Palmer,12,Steve Miner,Ron Kurz,,
28580,The Lost Weekend,Ray Milland|Jane Wyman|Phillip Terry|Howard Da Silva|Doris Dowling,59,Billy Wilder,Billy Wilder|Charles Brackett,Charles Brackett,Miklós Rózsa
23730,C.H.U.D.,John Heard|Daniel Stern|Christopher Curry|Kim Greist|Laure Mattos,18,Douglas Cheek,Shepard Abbott|Parnell Hall,Andrew Bonime,David A. Hughes
84197,Filly Brown,Resmine Atis|Baby Bash|David Bianchi|Jorge Diaz|Chingo Bling,12,Michael D. Olmos|Youssef Delara,,,
46256,The Lion of Judah,Georgina Cordova|Ernest Borgnine|Michael Madsen|Scott Eastwood,4,Deryck Broom,,,
19997,Niagara,Marilyn Monroe|Joseph Cotten|Jean Peters|Max Showalter|Denis O'Dea,27,Henry Hathaway,Charles Brackett|Walter Reisch|Richard L. Breen,Charles Brackett,Sol Kaplan
43266,How Green Was My Valley,Walter Pidgeon|Maureen O'Hara|Roddy McDowall|Donald Crisp|Anna Lee,20,John Ford,Philip Dunne,Darryl F. Zanuck,Alfred Newman
278316,Da Sweet Blood of Jesus,Felicia Pearson|Zaraah Abrahams|Elvis Nolasco|Steven Hauck|Stephen Tyrone Williams,9,Spike Lee,Spike Lee,Spike Lee,Bruce Hornsby
1412,"Sex, Lies, and Videotape",Andie MacDowell|Peter Gallagher|James Spader|Laura San Giacomo|Ron Vawter,9,Steven Soderbergh,Steven Soderbergh,Nick Wechsler,Cliff Martinez
176,Saw,Cary Elwes|Danny Glover|Monica Potter|Michael Emerson|Ken Leung,17,James Wan,James Wan|Leigh Whannell|Leigh Whannell,Mark Burg|Gregg Hoffman|Oren Koules,Charlie Clouser
39939,Super Troopers,Jay Chandrasekhar|Steve Lemme|Kevin Heffernan|Paul Soter|Geoffrey Arend,16,Jay Chandrasekhar,Jay Chandrasekhar|Steve Lemme|Kevin Heffernan|Erik Stolhanske|Paul Soter,,
357834,The Algerian,Ben Youcef|Candice Coke|Harry Lennix|Tara Holt|Josh Pence,6,Giovanni Zelko,Giovanni Zelko,,
215924,The Amazing Catfish,Lisa Owen|Ximena Ayala|Sonia Franco|Wendy Guillén|Andrea Baeza,15,Claudia Sainte-Luce,Claudia Sainte-Luce,,
480,Monsoon Wedding,Naseeruddin Shah|Lillete Dubey|Vijay Raaz|Tillotama Shome|Vasundhara Das,14,Mira Nair,Sabrina Dhawan,Caroline Baron|Mira Nair|Robyn Aronstam,Mychael Danna
14295,You Can Count on Me,Laura Linney|Mark Ruffalo|Matthew Broderick|Jon Tenney|Rory Culkin,22,Kenneth Lonergan,Kenneth Lonergan,John Hart|Jeffrey Sharp|Barbara De Fina|Larry Meistrich,Lesley Barber
11219,The Trouble with Harry,Edmund Gwenn|John Forsythe|Shirley MacLaine|Mildred Natwick|Mildred Dunnock,14,Alfred Hitchcock,John Michael Hayes,Alfred Hitchcock,Bernard Herrmann
20770,But I'm a Cheerleader,Natasha Lyonne|Brandt Wille|Bud Cort|Michelle Williams|RuPaul,22,Jamie Babbit,,,
176124,Home Run,Scott Elrod|Dorian Brown|Charles Henry Wyson|James Devoti|Nicole Leigh,14,David Boyd,Eric Newman|Candace Lee|Brian Brightly,,
500,Reservoir Dogs,Harvey Keitel|Tim Roth|Michael Madsen|Chris Penn|Steve Buscemi,15,Quentin Tarantino,Quentin Tarantino,Lawrence Bender,
60400,The Blue Bird,Shirley Temple|Spring Byington|Nigel Bruce|Gale Sondergaard|Eddie Collins,58,Walter Lang,Walter Bullock,Darryl F. Zanuck,
429,"The Good, the Bad and the Ugly",Eli Wallach|Clint Eastwood|Lee Van Cleef|Aldo Giuffrè|Luigi Pistilli,40,Sergio Leone,Sergio Leone|Sergio Leone|Sergio Donati|Luciano Vincenzoni|Luciano Vincenzoni,Alberto Grimaldi,Ennio Morricone
310569,The Second Mother,Regina Casé|Michel Joelsas|Camila Márdila|Karine Teles|Lourenço Mutarelli,15,Anna Muylaert,Anna Muylaert,Caio Gullane|Fabiano Gullane|Anna Muylaert|Débora Ivanov,Vitor Araújo|Fabio Trummer
98369,Blue Like Jazz,Marshall Allman|Claire Holt|Tania Raymonde|Justin Welborn|Eric Lange,11,Steve Taylor,Steve Taylor|Donald Miller|Donald Miller|Ben Pearson,,
114065,Down & Out With The Dolls,,0,,,,
89750,"Pink Ribbons, Inc.",Samantha King|Barbara Brenner|Barbara Ehrenreich|Nancy Brinker|Susan Love,5,Léa Pool,,,
49951,Certifiably Jonathan,Jonathan Winters|Robin Williams|Sarah Silverman|Patricia Arquette,4,James David Pasternak,,,
86331,Desire,Déborah Révy|Hélène Zimmer|Gowan Didi|Johnny Amaro|Johan Libéreau,15,Laurent Bouhnik,Laurent Bouhnik,Ludi Boeken|Pascal Judelewicz|Chica Benadava,
355629,The Blade of Don Juan,Juan Carlos Montoya|Rodrigo Viaggio|Irma Maury|Antonio Arrué|Viviana Andrade,9,Tom Sanchez,,Julie Sifuentes Etheridge|Benjamin Wilkins|Tom Sanchez,
16433,Grand Theft Parsons,Johnny Knoxville|Christina Applegate|Gabriel Macht|Marley Shelton|Robert Forster,6,David Caffrey,,,
15544,Extreme Movie,Patrick J. Adams|Ryan Pinkston|Denise Boutte|Michael Cera|Frankie Muniz,11,Adam Jay Epstein|Andrew Jacobson,Will Forte|Akiva Schaffer|Andy Samberg|Jorma Taccone|Adam Jay Epstein,Warren Zide|Richard Suckle|Laura Lichstein,
43884,The Charge of the Light Brigade,Errol Flynn|Olivia de Havilland|Patric Knowles|Henry Stephenson|Nigel Bruce,23,Michael Curtiz,Rowland Leigh|Michael Jacoby|Michael Jacoby,,Max Steiner
107315,Below Zero,Edward Furlong|Michael Berryman|Kristin Booth|Michael Eisner|Dee Hanna,5,Justin Thomas Ostensen,Signe Olynyk,,
137955,Crowsnest,,0,,,,
13064,Airborne,Shane McDermott|Seth Green|Brittney Powell|Chris Conrad|Edie McClurg,13,Rob Bowman,Stephen McEveety|Bill Apablasa|Bill Apablasa,Bruce Davey|Stephen McEveety,Stewart Copeland
59917,Cotton Comes to Harlem,Godfrey Cambridge|Raymond St. Jacques|Calvin Lockhart|Judy Pace|Redd Foxx,14,Ossie Davis,Ossie Davis|Arnold Perl,Samuel Goldwyn Jr.,
157422,The Wicked Within,Sienna Guillory|Gianni Capaldi|Enzo Cilenti|Michele Hicks|Sonja Kinski,8,Jay Alaimo,Enzo Cilenti|Shawna Waldron|Shawna Waldron|Stephen Wallis|Stephen Wallis,Enzo Cilenti|Gianni Capaldi,Ali Helnwein
310933,Bleeding Hearts,Robert Loggia|Charles Durning|Tony Todd|Dustin Diamond|Wilson Jermaine Heredia,14,Dylan Bank,,,
7553,Waiting...,Ryan Reynolds|Anna Faris|Justin Long|David Koechner|Luis Guzmán,28,Rob McKittrick,,,
12877,Dead Man's Shoes,Paddy Considine|Gary Stretch|Toby Kebbell|Jo Hartley|Seamus O'Neill,12,Shane Meadows,Paddy Considine|Shane Meadows,Mark Herbert,Richard D. James
39895,From a Whisper to a Scream,Vincent Price|Clu Gulager|Terry Kiser|Rosalind Cash|Cameron Mitchell,15,Jeff Burr,,,
102840,Sex With Strangers,,0,,,,
55616,Dracula: Pages from a Virgin's Diary,Wei-Qiang Zhang|Tara Birtwhistle|David Moroni|CindyMarie Small|Johnny A. Wright,15,Guy Maddin,Mark Godden,Vonnie Von Helmolt,
29697,Faith Like Potatoes,Frank Rautenbach|Jeanne Neilson|Hamilton Dlamini|Sean Cameron Michael|Rochelle Buchan,5,Regardt van den Bergh,,,
50037,Beyond the Black Rainbow,Michael Rogers|Scott Hylands|Marilyn Norry|Eva Allan|Rondel Reynoldson,9,Panos Cosmatos,Panos Cosmatos,Oliver Linsley|Christya Nordstokke,
94329,The Raid,Iko Uwais|Joe Taslim|Donny Alamsyah|Yayan Ruhian|Ray Sahetapy,14,Gareth Evans,Gareth Evans,Ario Sagantoro,Mike Shinoda|Joseph Trapanese
53502,The Dead Undead,Luke Goss|Joshua Alba|Matthew R. Anderson|Laura Chinn|Cameron Goodman,19,Matthew R. Anderson|Edward Conna,Edward Conna,,
202604,The Vatican Exorcisms,Joe Marino,1,Joe Marino,,,
289,Casablanca,Humphrey Bogart|Ingrid Bergman|Paul Henreid|Claude Rains|Conrad Veidt,105,Michael Curtiz,Julius J. Epstein|Philip G. Epstein|Howard Koch,Hal B. Wallis,Max Steiner
27374,Lake Mungo,Talia Zucker|Rosie Traynor|David Pledger|Martin Sharpe|Steve Jodrell,7,Joel Anderson,Joel Anderson,,
26815,Rocket Singh: Salesman of the Year,Ranbir Kapoor|Sumeet Darshan Dobhal|Gauhar Khan|Shazahn Padamsee|Prem Chopra,8,Shimit Amin,Jaideep Sahni|Jaideep Sahni,Aditya Chopra,
811,Silent Running,Bruce Dern|Cliff Potts|Ron Rifkin|Jesse Vint|Steven Brown,7,Douglas Trumbull,Deric Washburn|Michael Cimino|Steven Bochco,Marty Hornstein|Douglas Trumbull|Michael Gruskoff,Peter Schickele
1366,Rocky,Sylvester Stallone|Talia Shire|Burt Young|Carl Weathers|Burgess Meredith,37,John G. Avildsen,Sylvester Stallone,Irwin Winkler|Robert Chartoff,Bill Conti
244776,The Sleepwalker,Christopher Abbott|Brady Corbet|Stephanie Ellis|Gitte Witt,4,Mona Lerche,Brady Corbet|Mona Lerche,,
5769,Tom Jones,Albert Finney|Susannah York|Hugh Griffith|Edith Evans|Joan Greenwood,18,Tony Richardson,John Osborne|Henry Fielding,,John Addison
277685,Unfriended,Shelley Hennig|Moses Jacob Storm|Renee Olstead|William Peltz|Jacob Wysocki,11,Levan Gabriadze,Nelson Greaves,Timur Bekmambetov|Nelson Greaves,
103,Taxi Driver,Robert De Niro|Cybill Shepherd|Harvey Keitel|Jodie Foster|Peter Boyle,30,Martin Scorsese,Paul Schrader,Julia Phillips|Michael Phillips,Bernard Herrmann
11298,The Howling,Patrick Macnee|Dennis Dugan|Christopher Stone|Belinda Balaski|Kevin McCarthy,22,Joe Dante,Terence H. Winkless|John Sayles,Michael Finnell|Jack Conrad,Pino Donaggio
646,Dr. No,Sean Connery|Ursula Andress|Joseph Wiseman|Jack Lord|Bernard Lee,11,Terence Young,Richard Maibaum|Johanna Harwood|Berkely Mather,Albert R. Broccoli|Harry Saltzman,Monty Norman
93856,Chernobyl Diaries,Jesse McCartney|Jonathan Sadowski|Olivia Taylor Dudley|Ingrid Bolsø Berdal|Alex Feldman,12,Bradley Parker,Shane Van Dyke|Oren Peli|Carey Van Dyke,Brian Witten|Oren Peli,
9003,Hellraiser,Andrew Robinson|Clare Higgins|Ashley Laurence|Sean Chapman|Oliver Smith,22,Clive Barker,Clive Barker,Christopher Figg,Christopher Young
347126,God's Not Dead 2,Hayley Orrantia|Melissa Joan Hart|Jesse Metcalfe|David A.R. White|Ray Wise,10,Harold Cronk,Cary Solomon|Chuck Konzelman,,
10092,Cry_Wolf,Julian Morris|Lindy Booth|Jared Padalecki|Jon Bon Jovi|Sandra McCoy,20,Jeff Wadlow,,Steven Butensky|Beau Bauman|Gene Klein|Seth Gordon,Michael Wandmacher
10643,Godzilla 2000,Takehiro Murata|Naomi Nishida|Mayu Suzuki|Hiroshi Abe|Shirô Sano,16,Takao Okawara,Hiroshi Kashiwabara,Shogo Tomiyama,
46705,Blue Valentine,Ryan Gosling|Michelle Williams|Mike Vogel|John Doman|Faith Wladyka,15,Derek Cianfrance,Derek Cianfrance|Cami Delavigne|Joey Curtis,Lynette Howell|Alex Orlovsky|Jamie Patricof|Carrie Fix,Grizzly Bear
546,Transamerica,Felicity Huffman|Kevin Zegers|Elizabeth Peña|Danny Burstein|Maurice Orozco,13,Duncan Tucker,Duncan Tucker,Rene Bastian|Linda Moran|Lucy Cooper,David Mansfield
76487,The Devil Inside,Fernanda Andrade|Simon Quarterman|Evan Helmuth|Ionut Grama|Suzan Crowley,10,William Brent Bell,William Brent Bell|Matthew Peterman,Matthew Peterman|Morris Paulson,
5722,Beyond the Valley of the Dolls,Dolly Read|Cynthia Myers|Marcia McBroom|John Lazar|Michael Blodgett,22,Russ Meyer,Roger Ebert|Roger Ebert,Russ Meyer,Stu Phillips
39833,Love Me Tender,Richard Egan|Debra Paget|Elvis Presley|Robert Middleton|William Campbell,14,Robert D. Webb,Robert Buckner|Maurice Geraghty,David Weisbart,Lionel Newman
1781,An Inconvenient Truth,Al Gore|Billy West|Ronald Reagan|George W. Bush|George H. W. Bush,5,Davis Guggenheim,Davis Guggenheim,Lawrence Bender|Scott Z. Burns|Laurie Lennard,
18712,Sands of Iwo Jima,John Wayne|John Agar|Adele Mara|Forrest Tucker|Wally Cassell,49,Allan Dwan,Harry Brown|James Edward Grant,,
7944,Shine a Light,Mick Jagger|Keith Richards|Charlie Watts|Ronnie Wood|Christina Aguilera,13,Martin Scorsese,,Victoria Pearman|Michael Cohl|Zane Weiner|Steve Bing,
171424,The Green Inferno,Lorenza Izzo|Ariel Levy|Sky Ferreira|Nicolas Martinez|Kirby Bliss Blanton,21,Eli Roth,Eli Roth|Guillermo Amoedo,Eli Roth|Nicolás López|Molly Conners|Miguel Asensio|Christopher Woodrow,Manuel Riveiro
361475,Departure,Juliet Stevenson|Alex Lawther|Phénix Brossard|Finbar Lynch|Niamh Cusack,6,Andrew Steggall,Andrew Steggall,Pietro Greppi|Cora Palfrey|Guillaume Tobo,
113947,The Sessions,John Hawkes|Helen Hunt|William H. Macy|Moon Bloodgood|Annika Marks,19,Ben Lewin,Ben Lewin,Stephen Nemeth|Ben Lewin|Judi Levine,Marco Beltrami
18570,"Food, Inc.",Michael Pollan|Eric Schlosser|Richard Lobb|Vince Edwards|Carole Morison,5,Robert Kenner,Robert Kenner|Elise Pearlstein|Kim Roberts,,
83860,October Baby,Rachel Hendrix|Jason Burkey|Robert Amaya|John Schneider,4,Andrew Erwin|Jon Erwin,Jon Erwin|Cecil Stokes,,
41469,Next Stop Wonderland,Hope Davis|Philip Seymour Hoffman|Holland Taylor|Alan Gelfant|Jason Lewis,5,Brad Anderson,Brad Anderson,,
244772,The Skeleton Twins,Kristen Wiig|Bill Hader|Luke Wilson|Ty Burrell|Boyd Holbrook,16,Craig Johnson,Mark Heyman|Craig Johnson,Jennifer Lee|Stephanie Langhoff|Jacob Pechenik,Nathan Larson
50837,Martha Marcy May Marlene,Elizabeth Olsen|Hugh Dancy|John Hawkes|Sarah Paulson|Brady Corbet,14,Sean Durkin,Sean Durkin,Antonio Campos|Josh Mond|Chris Maybach|Patrick Cunningham,Saunder Jurriaans|Danny Bensi
248774,Obvious Child,Jenny Slate|Jake Lacy|Gaby Hoffmann|Paul Briganti|Stephen Singer,131,Gillian Robespierre,Gillian Robespierre|Gillian Robespierre|Karen Maine|Elisabeth Holm,Elisabeth Holm,Chris Bordeaux
10183,Frozen River,Melissa Leo|Misty Upham|Charlie McDermott|John Canoe|Jay Klaitz,9,Courtney Hunt,Courtney Hunt,Heather Rae|Chip Hourihan,Peter Golub|Shahzad Ismaily
159014,20 Feet from Stardom,Bette Midler|Mick Jagger|Sting|Sheryl Crow|Bruce Springsteen,15,Morgan Neville,,,
32456,Two Girls and a Guy,Robert Downey Jr.|Natasha Gregson Wagner|Heather Graham|Angel David|Frederique van der Wal,5,James Toback,James Toback,Chris Hanley,
49963,Walking and Talking,Catherine Keener|Anne Heche|Liev Schreiber|Randall Batinkoff|Amy Braverman,10,Nicole Holofcener,,James Schamus|Ted Hope,
13508,Who Killed the Electric Car?,Martin Sheen|Mel Gibson|Tom Hanks,3,Chris Paine,Chris Paine,,
22597,The Broken Hearts Club: A Romantic Comedy,Ben Weber|Timothy Olyphant|Matt McGrath|Zach Braff|Dean Cain,15,Greg Berlanti,Greg Berlanti,Joseph Middleton|Mickey Liddell,
9707,Bubba Ho-tep,Bruce Campbell|Ossie Davis|Ella Joyce|Heidi Marnhout|Bob Ivy,15,Don Coscarelli,Don Coscarelli|Joe R. Lansdale,Don Coscarelli|Jason R. Savage|Ronnie Truss|Mark Wooding,Brian Tyler
37532,Slam,Saul Williams|Sonja Sohn|Bonz Malone|Beau Sia,4,Marc Levin,,,
26791,Brigham City,Richard Dutcher|Matthew A. Brown|Wilford Brimley,3,Richard Dutcher,Richard Dutcher,,
56666,Fiza,Hrithik Roshan|Karisma Kapoor|Jaya Bachchan|Neha|Bikram Saluja,11,Khalid Mohammed,Javed Siddiqui|Khalid Mohammed,,
8675,Orgazmo,Trey Parker|Dian Bachar|Matt Stone|Ron Jeremy|Michael Dean Jacobs,23,Trey Parker,Trey Parker|Trey Parker|Matt Stone,Trey Parker,Paul Robb
13132,All the Real Girls,Paul Schneider|Zooey Deschanel|Danny McBride|Maurice Compte|Heather McComb,8,David Gordon Green,David Gordon Green,,
47686,Dream with the Fishes,David Arquette|Brad Hunt|Kathryn Erbe|Patrick McGaw|Cathy Moriarty,5,,,,
46989,Blue Car,Margaret Colin|Agnes Bruckner|David Strathairn|Frances Fisher|A.J. Buckley,15,Karen Moncrieff,Karen Moncrieff,,
192132,Palo Alto,Emma Roberts|Jack Kilmer|Nat Wolff|James Franco|Zoe Levin,41,Gia Coppola,James Franco|Gia Coppola,Vince Jolivette|Miles Levy|Sebastian Pardo|Adriana Rotaru,
24424,Ajami,Fouad Habash|Nisrine Rihan|Elias Saba|Youssef Sahwani|Abu George Shibli,14,Scandar Copti|Yaron Shani,Scandar Copti|Yaron Shani,,
13198,Wristcutters: A Love Story,Patrick Fugit|Shannyn Sossamon|Shea Whigham|Leslie Bibb|Will Arnett,20,Goran Dukic,Etgar Keret,Chris Coen|Tatiana Kelly|Mikal P. Lazarev,Bobby Johnston
244267,I Origins,Michael Pitt|Brit Marling|Astrid Bergès-Frisbey|Steven Yeun|Archie Panjabi,18,Mike Cahill,Mike Cahill,Mike Cahill|Hunter Gray|Alex Orlovsky,
21413,The Battle of Shaker Heights,Shia LaBeouf|Elden Henson|Amy Smart|Billy Kay|Kathleen Quinlan,8,Kyle Rankin|Efram Potelle,Erica Beeney,Chris Moore|Jeff Balis,
123678,The Act of Killing,Anwar Congo|Herman Koto|Syamsul Arifin|Ibrahim Sinik|Yapto Soerjosoemarno,10,Joshua Oppenheimer|Christine Cynn|Anonymous,,Christine Cynn|Anne Köhncke|Signe Byrge Sørensen|Michael Uwemedimo,
13362,Taxi to the Dark Side,Brian Keith Allen|Moazzam Begg|Christopher Beiring|Alex Gibney,4,Alex Gibney,Alex Gibney,,Ivor Guest
39183,Once in a Lifetime: The Extraordinary Story of the New York Cosmos,Pelé|Franz Beckenbauer|Carlos Alberto|Raphael de la Sierra|Phil Woosnam,14,Paul Crowder|John Dower,Mark Monroe|John Dower,,
62402,Guiana 1838,Aasheekaa Bathija|Thomas Garvey|Kumar Gaurav|Rufus Graham|Asim Mujahid,13,Rohit Jagessar,Rohit Jagessar,,
206412,Lisa Picard Is Famous,Laura Kirk|Nat DeWolf|Griffin Dunne|Daniel London|Sandra Bullock,12,Griffin Dunne,,,
201132,Antarctica: A Year on Ice,Genevieve Bachman|William Brotman|Michael Christiansen|Tom Hamann|George Lampman,11,Anthony Powell,Anthony Powell|Simon Price,Anthony Powell,David Donaldson|Plan 9|Janet Roddick
251471,A LEGO Brickumentary,Jason Bateman|Matthias Klie,2,Kief Davidson|Daniel Junge,Kief Davidson|Daniel Junge|Davis Coombe,Daniel Junge|Justin Moore-Lewy|Brendan Kiernan|Chris Brown,John Jennings Boyd
112456,Hardflip,Randy Wayne|John Schneider|Rosanna Arquette|Sean Michael Afable|Jason Dundas,6,Johnny Remo,Daniel Backman|Johnny Remo,Johnny Remo,Jason Brandt
20296,Chocolate: Deep Dark Secrets,Anil Kapoor|Sunil Shetty|Arshad Warsi|Emraan Hashmi|Irrfan Khan,8,Vivek Agnihotri,,,
25983,The House of the Devil,Jocelin Donahue|Mary Woronov|Greta Gerwig|AJ Bowen|Heather Robb,9,Ti West,Ti West,Josh Braun|Larry Fessenden|Roger Kass|Peter Phok,
66195,The Perfect Host,David Hyde Pierce|Clayne Crawford|Nathaniel Parker|Helen Reddy,4,Nick Tomnay,Nick Tomnay,,
16155,Safe Men,Sam Rockwell|Steve Zahn|Paul Giamatti|Mark Ruffalo|Josh Pais,15,John Hamburg,John Hamburg,Andrew Hauptman|Jeffrey Clifford|Ellen Bronfman|Jonathan Cohen,
46727,Speedway Junky,Jesse Bradford|Jordan Brower|Jonathan Taylor Thomas|Daryl Hannah|Tiffani Thiessen,41,Nickolas Perry,Nickolas Perry,George Furla|Randall Emmett|Jeff Rice|Rodney Omanoff,
55180,The Last Big Thing,Dan Zukovic|Mark Ruffalo|Sibel Ergener|James Lorinz|Yul Vazquez,7,Dan Zukovic,,,
29015,The Specials,Jordan Ladd|Rob Lowe|Jamie Kennedy|Thomas Haden Church|James Gunn,11,Craig Mazin,James Gunn,,
91122,16 to Life,Hallee Hirsh|Theresa Russell|Shiloh Fernandez|Will Rothhaar,4,Becky Smith,Becky Smith,,
18206,Alone With Her,Colin Hanks|Ana Claudia Talancón|Jordana Spiro|Jonathon Trent|Alex Boling,6,Eric Nicholas,Eric Nicholas,,
320146,Creative Control,Benjamin Dickinson|Nora Zehetner|Dan Gill|Alexia Rasmussen|Gavin McInnes,22,Benjamin Dickinson,Benjamin Dickinson|Micah Bloomberg,Melody C. Roscher|Craig Shilowich|Mark De Pace|Zachary Mortensen,Dražen Bošnjak
13856,Special,Michael Rapaport|Josh Peck|Robert Baker|Jack Kehler|Alexandra Holden,8,Hal Haberman|Jeremy Passmore,Hal Haberman|Jeremy Passmore,,
219716,Sparkler,Park Overall|Veronica Cartwright|Freddie Prinze Jr.|Don Harvey|Jamie Kennedy,9,Darren Stein,,,
43630,The Helix... Loaded,,0,,,,
56491,In Her Line of Fire,Mariel Hemingway|David Keith|David Millbern|Jill Bennett|Sydney Jackson,14,Brian Trenchard-Smith,Anna Lorenzo|Paula Goldberg,Brian Trenchard-Smith,
99826,The Jimmy Show,Frank Whaley|Carla Gugino|Ethan Hawke|Lynn Cohen|Jillian Stacom,5,Frank Whaley,Frank Whaley|Jonathan Marc Sherman,,
186935,Heli,Armando Espitia|Andrea Vergara|Linda Gonzalez|Juan Eduardo Palacios|Kenny Johnston,5,Amat Escalante,Amat Escalante|Gabriel Reyes,,
357441,Karachi se Lahore,Shehzad Sheikh|Ayesha Omar|Yasir Hussain|Javed Sheikh,4,,,,
19344,Loving Annabelle,Erin Kelly|Diane Gaidry|Laura Breckenridge|Michelle Horn|Gustine Fudickar,25,Katherine Brooks,Katherine Brooks,,
242083,Hits,Meredith Hagner|Matt Walsh|James Adomian|Jake Cherry|Derek Waters,20,David Cross,David Cross,,
18869,Jimmy and Judy,Edward Furlong|Rachael Bella|William Sadler,3,Randall Rubin|Jon Schroder,Randall Rubin|Jon Schroder,,
26673,Frat Party,Randy Wayne|Caroline D'Amore|Jareb Dauplaise|Lauren C. Mayhew|Dan Levy,7,Robert Bennett,Robert Bennett,Robert Bennett|William Garcia,
41830,The Party's Over,Oliver Reed|Clifford David|Ann Lynn|Louise Sorel|Mike Pratt,13,Guy Hamilton,Marc Behm,,
37694,Proud,Vernel Bagneris|Marcus Chait|Michael Ciesla,3,Mary Pat Kelly,,,
63287,The Poker House,Jennifer Lawrence|Selma Blair|Bokeem Woodbine|Chloë Grace Moretz|Sophia Bairley,12,Lori Petty,Lori Petty|David Alan Grier,Stephen J. Cannell|Michael Dubelko,
335874,Childless,Barbara Hershey|Joe Mantegna|Diane Venora|James Naughton|Natalie Dreyfuss,6,Charlie Levi,Charlie Levi,,
34592,ZMD: Zombies of Mass Destruction,Janette Armand|Doug Fahl|Cooper Hopkins|Bill Johns|Russell Hodgkinson,18,Kevin Hamedani,Kevin Hamedani|Ramon Isao,,
92635,Snow White: A Deadly Summer,Shanley Caswell|Maureen McCormick|Eric Roberts|Tim Abell|R.J. Cantu,11,David DeCoteau,Barbara Kymlicka,Jeffrey Schenck,Harry Manfredini
258755,Hidden Away,Germán Alcarazu|Adil Koukouh|Ana Wagener|Alex Angulo,4,Mikel Rueda,Mikel Rueda,,
96534,My Last Day Without You,Ken Duken|Nicole Beharie|Reg E. Cathey|Marlene Forte|Laith Nakli,5,Stefan C. Schaefer,Christoph Silber|Stefan C. Schaefer,,
21283,Steppin: The Movie,Wesley Jonathan|Chrystee Pharris|Anthony Anderson,3,Michael Taliferro,Sean Alexander Jefferson|Bryan Anthony Pierre,,
272724,Doc Holliday's Revenge,Tom Berenger|Ashley Hayes|Eric Roberts|Bart Voitila|Oliver Rayon,7,David DeCoteau,Rolfe Kanefsky,David DeCoteau,
84178,Black Rock,Kate Bosworth|Lake Bell|Jay Paulson|Katie Aselton|Will Bouvier,7,Katie Aselton,Mark Duplass|Katie Aselton,Adele Romanski,Ben Lovett
101179,Truth or Dare,Liam Boyle|Jack Gordon|Florence Hall|David Oakes|Jennie Jacques,9,Robert Heath,Matthew McGuchan,Rupert Jermyn|Richard Johns,
52462,The Pet,Pierre Dulat|Andrea Edmondson|Summer Nguyen|Lydia McLane|Steven Wollenberg,6,D. Stevens,D. Stevens,,
269057,Bang Bang Baby,Jane Levy|Peter Stormare|Justin Chatwin|David Reale|Kristian Bruun,21,Jeffrey St. Jules,Jeffrey St. Jules,,
287524,Fear Clinic,Thomas Dekker|Robert Englund|Cleopatra Coleman|Fiona Dourif|Kevin Gage,14,Robert Hall,Robert Hall|Aaron Drane,Aaron Drane|Mark Benton Johnson,
206213,Zombie Hunter,Martin Copping|Danny Trejo|Clare Niederpruem|Terry Guthrie|Jason Regier,5,Kevin King,Kevin King|Kurt Knight,,
248402,A Fine Step,Luke Perry|Anna Claire Sneed|Leonor Varela,3,Jonathan Meyers,,,
29146,Charly,Cliff Robertson|Claire Bloom|Lilia Skala|Leon Janney|Ruth White,8,Ralph Nelson,Stirling Silliphant,Ralph Nelson,
207769,Banshee Chapter,Ted Levine|Katia Winter|Michael McMillian|Monique Candelaria|Jenny Gabrielle,12,Blair Erickson,Blair Erickson|Daniel J. Healy,Corey Moosa|Stephanie Riggs|Sean Akers,Andreas Weidinger
271185,Ask Me Anything,Britt Robertson|Christian Slater|Justin Long|Martin Sheen|Andy Buckley,18,Allison Burnett,Allison Burnett,Lauren Avinoam|Nicolas Emiliani|Lauren Hogarth,
29731,And Then Came Love,Kevin Daniels|Michael Boatman|Jeremy Gumbs|Eartha Kitt|Vanessa Williams,5,Richard Schenkman,Caytha Jentis,,
292539,Food Chains,,0,Sanjay Rawal,,,
654,On the Waterfront,Marlon Brando|Karl Malden|Lee J. Cobb|Rod Steiger|Pat Henning,22,Elia Kazan,Budd Schulberg|Budd Schulberg,Sam Spiegel,Leonard Bernstein
91070,L!fe Happens,Krysten Ritter|Kate Bosworth|Rachel Bilson|Geoff Stults|Justin Kirk,25,Kat Coiro,Krysten Ritter|Kat Coiro,Justin L. Levine,Mateo Messina
2009,"4 Months, 3 Weeks and 2 Days",Anamaria Marinca|Laura Vasiliu|Vlad Ivanov|Alexandru Potocean|Luminița Gheorghiu,21,Cristian Mungiu,Cristian Mungiu,Cristian Mungiu|Oleg Mutu,
323270,The Horror Network Vol. 1,Nick Frangione|Artem Mishin|Jan Cornet|Brian Dorton|Javier Botet,6,Joseph Graham|Brian Dorton|Lee Matthews|Manuel Marín,Joseph Graham|Brian Dorton|Douglas Conner|Manuel Marín,,
2652,Hard Candy,Patrick Wilson|Ellen Page|Sandra Oh|Odessa Rae|G.J. Echternkamp,5,David Slade,Brian Nelson,Michael Caldwell|David Higgins|Richard Hutton,Harry Escott|Molly Nyman
9813,The Quiet,Elisha Cuthbert|Camilla Belle|Edie Falco|Martin Donovan|Shawn Ashmore,20,Jamie Babbit,,Andrea Sperling|Holly Wiersma|Tom Schatz|Carolyn Pfeiffer|Joel Michaely,Jeff Rona
60421,Circumstance,Nikohl Boosheri|Sarah Kazemy|Reza Sixo Safai|Soheil Parsa|Nasrin Pakkho,7,Maryam Keshavarz,Maryam Keshavarz,,
157354,Fruitvale Station,Michael B. Jordan|Octavia Spencer|Melonie Diaz|Ahna O'Reilly|Kevin Durand,11,Ryan Coogler,Ryan Coogler,Forest Whitaker|Nina Yang Bongiovi,Ludwig Göransson
127867,The Brass Teapot,Juno Temple|Michael Angarano|Alexis Bledel|Billy Magnussen|Alia Shawkat,32,Ramaa Mosley,Ramaa Mosley|Tim Macy|Tim Macy,,Andrew Hewitt
3170,Bambi,Donnie Dunagan|Peter Behn|Stan Alexander|Cammie King|Will Wright,11,David Hand|James Algar|Samuel Armstrong|William Roberts|Paul Satterfield|Graham Heid|Norman Wright,,Walt Disney,Frank Churchill|Edward Plumb
14014,The Hammer,Adam Carolla|Oswaldo Castillo|Harold House Moore|Christopher Darga|Jonathan Hernandez,6,Charles Herman-Wurmfeld,Kevin Hench,,
15708,Latter Days,Steve Sandvoss|Wes Ramsey|Jacqueline Bisset|Joseph Gordon-Levitt|Rebekah Johnson,11,C. Jay Cox,,,
146882,Elza,Stana Roumillac|Vincent Byrd Le Sage|Christophe Cherki,3,Mariette Monpierre,Mariette Monpierre|Mama Keïta,,
215918,1982,Bokeem Woodbine|Sharon Leal|Wayne Brady|Quinton Aaron|Hill Harper,6,Tommy Oliver,Tommy Oliver,Tommy Oliver,
84200,"For a Good Time, Call...",Ari Graynor|Lauren Miller|Mark Webber|Justin Long|Mimi Rogers,14,Jamie Travis,Lauren Miller|Katie Anne Naylon,Josh Kesselman|Jennifer Weinbaum|Jenny Hinkey,John Swihart
84184,Celeste & Jesse Forever,Rashida Jones|Andy Samberg|Elijah Wood|Emma Roberts|Ari Graynor,21,Lee Toland Krieger,Will McCormack|Rashida Jones,Lee Nelson,
45767,Time Changer,D. David Morin|Gavin MacLeod|Hal Linden|Jennifer O'Neill|Paul Rodríguez,6,Rich Christiano,Rich Christiano,,
14823,London to Brighton,Georgia Groome|Johnny Harris|Sam Spruell|Lorraine Stanley|Alexander Morton,8,Paul Andrew Williams,Paul Andrew Williams,,
367551,American Hero,Stephen Dorff|Eddie Griffin|Bill Billions|Jonathan Billions,4,Nick Love,Nick Love,,Lorne Balfe
343409,Windsor Drive,Samaire Armstrong|Anna Gurji|Matt Cohen|Kyan DuBois,4,Natalie Bible',T.R. Gough,,
60243,A Separation,Leila Hatami|Kimia Hosseini|Merila Zarei|پیمان معادی|Sareh Bayat,11,Asghar Farhadi,Asghar Farhadi,Asghar Farhadi,Sattar Oraki
57294,Crying with Laughter,Stephen McCole|Malcolm Shields|Andrew Neil|Jo Hartley,4,Justin Molotnikov,Justin Molotnikov,,
11446,Welcome to the Dollhouse,Heather Matarazzo|Victoria Davis|Christina Brucato|Christina Vidal|Siri Howard,14,Todd Solondz,Todd Solondz,Todd Solondz,Jill Wisoff
47889,Ruby in Paradise,Ashley Judd|Todd Field|Bentley Mitchum|Dorothy Lyman|Allison Dean,9,Victor Nunez,Victor Nunez,,Charles Engstrom
25461,Raising Victor Vargas,Victor Rasuk|Judy Marte|Melonie Diaz|Altagracia Guzman|Silvestre Rasuk,9,Peter Sollett,Peter Sollett,Robin O'Hara,
905,Pandora's Box,Louise Brooks|Fritz Kortner|Francis Lederer|Carl Goetz|Krafft-Raschig,6,G.W. Pabst,Ladislaus Vajda,Seymour Nebenzal,
279759,Harrison Montgomery,,0,,,,
78705,Live-In Maid,Norma Aleandro|Norma Argentina|Marcos Mundstock|Claudia Lapacó|Elsa Berenguer,5,Jorge Gaggero,,,
25212,Deterrence,Kevin Pollak|Timothy Hutton|Sheryl Lee Ralph|Clotilde Courau|Sean Astin,23,Rod Lurie,Rod Lurie,Marc Frydman,
26899,The Mudge Boy,Emile Hirsch|Tom Guiry|Richard Jenkins|Pablo Schreiber|Zachary Knighton,6,Michael Burke,Michael Burke,,
146269,The Young Unknowns,Devon Gummersall|Arly Jover|Eion Bailey|Leslie Bibb|Dale Godboldo,6,Catherine Jelski,Catherine Jelski,,
292483,Not Cool,Shane Dawson|Cherami Leigh|Drew Monson|Michelle Veintimilla|Lisa Schwartz,5,Shane Dawson,Dan Schoffer,Shane Dawson|Lauren Schnipper|Josh Shader,
14451,Dead Snow,Charlotte Frogner|Stig Frode Henriksen|Vegar Hoel|Jeppe Beck Laursen|Evy Kasseth Røsten,10,Tommy Wirkola,Stig Frode Henriksen|Tommy Wirkola,Terje Strømstad|Tomas Evjen,Christian Wibe
10105,Saints and Soldiers,Larry Bagby|Alexander Polinsky|Kirby Heyborne|Corbin Allred|Ethan Vincent,20,Ryan Little,,Lawrence Bagby|Ryan Little|Fenton Quinn|Brian Brough|Adam Abel,J Bateman|Bart Hendrickson
211557,Vessel,Brandon Bales|Brandy Maasch|Julie Mintz|Walter Phelan|Taylor Pigeon,7,Clark Baker,Matt Duffer|Ross Duffer,,Austin Wintory
838,American Graffiti,Richard Dreyfuss|Ron Howard|Paul Le Mat|Charles Martin Smith|Cindy Williams,26,George Lucas,George Lucas|Willard Huyck|Gloria Katz,Gary Kurtz|Francis Ford Coppola,
40862,Iraq for Sale: The War Profiteers,Shereef Akeel,1,Robert Greenwald,,,
13158,Aqua Teen Hunger Force Colon Movie Film for Theaters,Dana Snyder|Carey Means|Dave Willis|Andy Merrill|Bruce Campbell,7,Dave Willis|Matt Maiellaro,,,
84332,Safety Not Guaranteed,Aubrey Plaza|Mark Duplass|Jake Johnson|Karan Soni|Jenica Bergere,19,Colin Trevorrow,Derek Connolly,Peter Saraf|Marc Turtletaub|Colin Trevorrow|Stephanie Langhoff|Derek Connolly,Ryan Miller
74510,Kevin Hart: Laugh at My Pain,Kevin Hart|Na'im Lynn,2,Tim Story|Leslie Small,Kevin Hart,,
74725,Kill List,Neil Maskell|MyAnna Buring|Harry Simpson|Michael Smiley|Struan Rodger,19,Ben Wheatley,Ben Wheatley|Amy Jump,Andrew Starke|Claire Jones,Jim Williams
58428,The Innkeepers,Sara Paxton|Pat Healy|Kelly McGillis|George Riddle|Lena Dunham,8,Ti West,Ti West,Larry Fessenden|Ti West|Derek Curl|Peter Phok,Jeff Grace
8416,The Conformist,Jean-Louis Trintignant|Stefania Sandrelli|Gastone Moschin|Dominique Sanda|Enzo Tarascio,9,Bernardo Bertolucci,Bernardo Bertolucci,,Georges Delerue
36584,Interview with the Assassin,Dylan Haggerty|Renee Faia|Dennis Lau|Raymond J. Barry|Kelsey Kemper,6,Neil Burger,,,
13429,Donkey Punch,Nichola Burley|Sian Breckin|Jaime Winstone|Robert Boulter|Tom Burke,7,Olly Blackburn,,Robin Gutch|Mark Herbert,François-Eudes Chanfrault
9022,All the Boys Love Mandy Lane,Amber Heard|Anson Mount|Michael Welch|Whitney Able|Edwin Hodge,13,Jonathan Levine,Jacob Forman,Felipe Marino|Joe Neurauter|Chad Feehan|Brian Udovich,
22530,Bled,Sarah Farooqui|Chris Ivan Cevic|Alex Petrovitch|Michele Morrow|Ivan L. Moody,10,Christopher Hutson,,,
288,High Noon,Gary Cooper|Grace Kelly|Thomas Mitchell|Lloyd Bridges|Katy Jurado,57,Fred Zinnemann,Carl Foreman,Stanley Kramer,Dimitri Tiomkin
14275,Hoop Dreams,William Gates|Arthur Agee|Steve James,3,Steve James,Steve James|Frederick Marx,,
2287,Rize,Christopher Toler|Tommy the Clown|Miss Prissy|Dragon|Ceasare Willis,8,David LaChapelle,,Marc Hawker|Ellen Jacobson,
18734,L.I.E.,Paul Dano|Bruce Altman|Brian Cox|Billy Kay|James Costa,9,Michael Cuesta,Michael Cuesta|Stephen M. Ryder|Gerald Cuesta,,
206197,The Sisterhood of Night,Kara Hayward|Georgie Henley|Olivia DeJonge|Laura Fraser|Kal Penn,49,Caryn Waechter,Marilyn Fu,,
26837,B-Girl,Julie 'Jules' Urich|Missy Yager|Wesley Jonathan|Drew Sidora|Aimee Garcia,7,Emily Dell,,,
7859,Half Nelson,Ryan Gosling|Jeff Lima|Shareeka Epps|Nathan Corbett|Tyra Kwao-Vovo,23,Ryan Fleck,,Anna Boden|Lynette Howell|Rosanne Korenberg|Alex Orlovsky|Jamie Patricof,
302579,Naturally Native,Valerie Red-Horse|Yvonne Russo|Irene Bedard|Kimberly Guerrero|Pato Hoffmann,17,Valerie Red-Horse|Jennifer Wynne Farmer,Valerie Red-Horse,Valerie Red-Horse|Yvonne Russo,
51955,Hav Plenty,Christopher Scott Cherot|Chenoa Maxwell|Tammi Katherine Jones|Robinne Lee|Reginald James,10,Christopher Scott Cherot,Christopher Scott Cherot,Christopher Scott Cherot,Wendy Melvoin|Lisa Coleman
376004,Adulterers,Sean Faris|Danielle Savre|Mehcad Brooks|Stephanie Charles|Steffinnie Phrommany,6,H.M. Coakley,H.M. Coakley,Mehcad Brooks|Sean Faris|Mark E. Walker,
158752,Escape from Tomorrow,Roy Abramsohn|Elena Schuber|Katelynn Rodriguez|Danielle Safady|Alison Lees-Taylor,8,Randy Moore,Randy Moore,Gioia Marchese|Soojin Chung,Abel Korzeniowski
40658,Starsuckers,Ellis Cashmore|Max Clifford|Richard Curtis|Josef d'Bache-Kane|Nick Davies,15,Chris Atkins,,,
296943,The Hadza: Last of the First,,0,Bill Benenson,,,
118612,After,Steven Strait|Karolina Wydra|Sandra Ellis Lafferty|Ric Reitz|Jackson Walker,13,Ryan Smith,Ryan Smith|Ryan Smith|Jason Parish,Brandon Gregory,Tyler Smith
138976,Treachery,Matthew Ziff|Michael Biehn|Sarah Butler|Caitlin Keats,4,Travis Romero,,,
323967,Walter,Andrew J. West|Justin Kirk|Virginia Madsen|William H. Macy|Milo Ventimiglia,10,Anna Mastro,Paul Shoulberg,Benito Mueller|Christine Holder|Mark Holder|Brenden Patrick Hill|Ryan Harris,Dan Romer
3080,Top Hat,Fred Astaire|Ginger Rogers|Edward Everett Horton|Helen Broderick|Erik Rhodes,8,Mark Sandrich,Károly Nóti|Allan Scott,Pandro S. Berman,
2667,The Blair Witch Project,Michael C. Williams|Heather Donahue|Joshua Leonard|Bob Griffith|Jim King,10,Daniel Myrick|Eduardo Sánchez,Daniel Myrick|Eduardo Sánchez,Robin Cowie|Gregg Hale,Tony Cora
9459,Woodstock,Joe Cocker|Richie Havens|Joan Baez|Arlo Guthrie|Ten Years After,12,Michael Wadleigh,Michael Wadleigh,,
11598,The Kentucky Fried Movie,Evan C. Kim|Bong Soo Han|Marilyn Joi|Saul Kahan|Marcy Goldman,22,John Landis,Jerry Zucker|Jim Abrahams|David Zucker,Robert K. Weiss,Igo Kantor
26916,Mercy Streets,Eric Roberts|David A.R. White|Cynthia Watros|Lawrence Taylor|Stacy Keach,5,Jon Gunn,,,
181940,Carousel of Revenge,Erik Allen|Randy Baranczyk|Chris Carlson|Ben Coler|Nancy Crocker,7,Gene Teigland,Gene Teigland|James A. Kreitel,Gene Teigland|Patrick Nelson|Jillian Nodland,
125263,Broken Vessels,Todd Field|Jason London|Roxana Zal|Susan Traylor|James Hong,13,Scott Ziehl,,,
263503,Water & Power,Enrique Murciano|Nicholas Gonzalez|Clancy Brown|Yvette Yates|Rafael Agustin,11,Richard Montoya,Richard Montoya,,
324322,They Will Have to Kill Us First,Aliou Touré|Oumar Touré|Garba Touré|Nathanael Dembélé|Khaira Arby,5,Johanna Schwartz,Andy Morgan,,
331493,Light from the Darkroom,,0,,,,
375950,The Country Doctor,François Cluzet|Marianne Denicourt|Isabelle Sadoyan|Félix Moati|Christophe Odent,36,Thomas Lilti,Thomas Lilti|Baya Kasmi|Shérazade Khalladi,,
278348,The Maid's Room,Paula Garcés|Annabella Sciorra|Bill Camp|Philip Ettinger|Julio C. Peña,10,Michael Walker,Michael Walker,Dolly Hall,Arturo Rodriguez
704,A Hard Day's Night,John Lennon|Paul McCartney|George Harrison|Ringo Starr|Wilfrid Brambell,14,Richard Lester,Alun Owen,Walter Shenson|Denis O'Dell,
70875,The Harvest (La Cosecha),,0,U. Roberto Romano,,,
75986,Love Letters,Jamie Lee Curtis|Bonnie Bartlett|Matt Clark|James Keach|Amy Madigan,6,Amy Holden Jones,Amy Holden Jones,Roger Corman,
385636,Juliet and Alfa Romeo,Dario Nožić Serini|Jan Gerl Korenc|Špela Colja|Katja Škofić|Ana Dolinar,7,Blaž Završnik,Dimitrije Vojnov|Danilo Bećković|Blaž Završnik|Andrej Zupanec,Andrej Stritof|Aleš Pavlin,
14438,Fireproof,Kirk Cameron|Erin Bethea|Ken Bevel|Stephen Dervan|Eric Young,15,Alex Kendrick,Alex Kendrick|Stephen Kendrick,,
211086,Faith Connections,Bhole Baba|Hatha Yogi Baba|Pant Shirt Baba|Baby Bajrangi|Shriman Umeshanad Brahmachari,10,Pan Nalin,Pan Nalin,Pan Nalin|Raphaël Berdugo|Gaurav Dhingra|Virginie Lacombe,
23069,Benji,Patsy Garrett|Allen Fiuzat|Cynthia Smith|Peter Breck|Frances Bavier,10,Joe Camp,,,
83,Open Water,Blanchard Ryan|Daniel Travis|Saul Stein|Michael E. Williamson|Christina Zenato,6,Chris Kentis,,Laura Lau,Graeme Revell
89857,High Road,Kathryn Burns|Lizzy Caplan|Michael Coleman|Andrew Daly|Rich Fulcher,16,Matt Walsh,Matt Walsh|Josh Weiner,Matt Walsh|Kirk Roos|Inman Young,
30315,Kingdom of the Spiders,William Shatner|Tiffany Bolling|Woody Strode|Lieux Dressler|David McLean,19,John 'Bud' Cardos,Alan Caillou|Richard Robinson,Igo Kantor|Jeffrey M. Sneller,
14358,Mad Hot Ballroom,,0,Marilyn Agrelo,Amy Sewell,,
2056,The Station Agent,Peter Dinklage|Patricia Clarkson|Bobby Cannavale|Michelle Williams|Raven Goodwin,15,Tom McCarthy,,Robert May|Mary Jane Skalski|Kathryn Tucker,Stephen Trask
41144,To Save A Life,Randy Wayne|Deja Kreutzberg|Joshua Weigel|Steven Crowder|Kim Hidalgo,8,Brian Baugh,,,
35199,Wordplay,Will Shortz|Merl Reagle|Tyler Hinman|Trip Payne|Al Sanders,9,Patrick Creadon,Patrick Creadon|Christine O'Malley,,
14271,Beyond the Mat,Mick Foley|Terry Funk|Vince McMahon|Dwayne Johnson|Jake Roberts,15,Barry W. Blaustein,Barry W. Blaustein,Brian Grazer|Ron Howard|Barry W. Blaustein,
16653,The Singles Ward,Will Swenson|Connie Young|Daryn Tufts|Michael Birkeland|Lincoln Hoppe,6,Kurt Hale,Kurt Hale,,
14757,Osama,Marina Golbahari|Arif Herati|Zubaida Sahar|Mohammad Nadir Khwaja,4,Siddiq Barmak,Siddiq Barmak,Makoto Ueda|Siddiq Barmak|Julie LeBrocquy|Julia Fraser,Mohammad Reza Darvishi
84401,Sholem Aleichem: Laughing In The Darkness,Rachel Dratch|Hillel Halkin|Jason Kravitz|Dan Miron|Peter Riegert,8,Joseph Dorman,Joseph Dorman,,
23655,Groove,Hamish Linklater|Denny Kirkwood|Mackenzie Firgens|Lola Glaudini|Steve Van Wormer,24,Greg Harrison,Greg Harrison,,
36825,The R.M.,Kirby Heyborne,1,Kurt Hale,,,
33430,Twin Falls Idaho,Mark Polish|Michael Polish|Michele Hicks|Jon Gries|Patrick Bauchau,7,Michael Polish,Mark Polish,,
12281,Mean Creek,Rory Culkin|Scott Mechlowicz|Trevor Morgan|Josh Peck|Ryan Kelley,7,Jacob Aaron Estes,Jacob Aaron Estes,Rick Rosenthal|Susan Johnson|Hagai Shaham,tomandandy
125052,Hurricane Streets,Brendan Sexton III|Antoine McLean|Mtume Gant|Carlo Alban|David Roland Frank,5,Morgan J. Freeman,Morgan J. Freeman,,
96238,Never Again,Jeffrey Tambor|Jill Clayburgh|Caroline Aaron|Bill Duke|Sandy Duncan,13,Eric Schaeffer,Eric Schaeffer,Terence Michael|Eric Schaeffer|Dawn Wolfrom|Robert Kravitz,Amanda Kravat
30246,Civil Brand,LisaRaye McCoy|N'Bushe Wright|Monica Calhoun|Clifton Powell|Yasiin Bey,7,Neema Barnette,,,
7301,Lonesome Jim,Casey Affleck|Kevin Corrigan|Liv Tyler|Mary Kay Place|Seymour Cassel,14,Steve Buscemi,Jim Strouse,Jake Abraham|Galt Niederhoffer|Celine Rattray,
172533,Drinking Buddies,Olivia Wilde|Jake Johnson|Anna Kendrick|Ron Livingston|Ti West,14,Joe Swanberg,Joe Swanberg,Joe Swanberg|Alicia Van Couvering|Paul Bernon|Andrea Roa|Sam Slater,
180383,Deceptive Practice: The Mysteries and Mentors of Ricky Jay,Ricky Jay|Dick Cavett|Winston Simon|David Mamet|Persi Diaconis,5,Molly Bernstein,,Alicia Sams|Philip Dolin|Alan Edelstein,
346,Seven Samurai,Toshirō Mifune|Takashi Shimura|Yoshio Inaba|Seiji Miyaguchi|Minoru Chiaki,101,Akira Kurosawa,Akira Kurosawa|Shinobu Hashimoto|Hideo Oguni,Sôjirô Motoki,Fumio Hayasaka
84318,The Other Dream Team,Greg Speirs|Jim Lampley|Bill Walton|Dan Majerle|Mickey Hart,10,Marius Markevicius,Marius A. Markevicius|Jon Weinbach,Marius A. Markevicius|Jon Weinbach,
45145,Johnny Suede,Brad Pitt|Calvin Levels|Catherine Keener|Nick Cave|Alison Moir,6,Tom DiCillo,Tom DiCillo,Yoram Mandel,Jim Farmer
13983,Finishing The Game,Roger Fan|Sung Kang|Monique Gabriela Curnen|Meredith Scott Lynn|Sam Bottoms,12,Justin Lin,Justin Lin,,
45649,Rubber,Thomas F. Duffy|David Bowe|Stephen Spinella|Roxane Mesquida|Jack Plotnick,22,Quentin Dupieux,Quentin Dupieux,Gregory Bernard|Julien Berlan,Gaspard Augé|Quentin Dupieux
19844,Kiss the Bride,Tori Spelling|Les Williams,2,C. Jay Cox,,,
21801,The Slaughter Rule,Ryan Gosling|David Morse|Clea DuVall|Amy Adams|David Cale,16,Alex Smith|Andrew J. Smith,Alex Smith|Andrew J. Smith,,Jay Farrar
43933,Monsters,Whitney Able|Scoot McNairy|Annalee Jefferies|Kevon Kane|Fernando Lara,5,Gareth Edwards,Gareth Edwards,James Richardson|Allan Niblo,Jon Hopkins
73511,The Californians,Noah Wyle|Illeana Douglas|Kate Mara|Cloris Leachman|Joanne Whalley,10,Jonathan Parker,Jonathan Parker|Catherine DiNapoli,Scott M. Rosenfelt|Jonathan Parker|Catherine DiNapoli|B. Billie Greif,
43653,The Living Wake,Jesse Eisenberg|Mike O'Connell|Jim Gaffigan|Ann Dowd|Colombe Jacobsen-Derstine,6,Sol Tryon,Mike O'Connell|Peter Kline,,
139715,Detention of the Dead,Jacob Zachar|Alexa Nikolas|Christa Brittany  Allen|Jayson Blair|Justin Chon,12,Alex Craig Mann,Alex Craig Mann,Michael Manasseri|Brooke Anderson,Cody Westheimer
45380,Crazy Stone,Guo Tao|Liu Hua|Liu Gang|Xu Zheng|Huang Bo,12,Ning Hao,Zhou Zhiyong,Bao Shihong,
30867,Scott Walker: 30 Century Man,Scott Walker|Damon Albarn|David Bowie|Jarvis Cocker|Marc Almond,7,Stephen Kijak,,,
81220,Everything Put Together,Radha Mitchell|Megan Mullally|Catherine Lloyd Burns|Jacqueline Heinze|Alan Ruck,6,Marc Forster,,,
253626,Good Kill,Ethan Hawke|January Jones|Zoë Kravitz|Jake Abel|Bruce Greenwood,13,Andrew Niccol,Andrew Niccol,Mark Amin|Nicolas Chartier|Zev Foreman,Christophe Beck
294550,The Outrageous Sophie Tucker,,0,William Gazecki,,,
90369,Now Is Good,Dakota Fanning|Jeremy Irvine|Kaya Scodelario|Olivia Williams|Paddy Considine,19,Ol Parker,Ol Parker,,
117942,Girls Gone Dead,Katie Peterson|Shea Stewart|Brandy Whitford|Caley Hayes|Ryan Keely,20,Michael Hoffman Jr.|Aaron T. Wells,Michael Hoffman Jr.|Meghan Jones|Ryan Dee,Michael Hoffman Jr.|Ryan Dee,Ryan Copt
380097,America Is Still the Place,,0,,,,
322194,Subconscious,Tim Abell|Naomi Brockwell|Aleisha Force|Tom Stedham|Cambridge Jones,8,Georgia Hilton,Georgia Hilton,Peter K. Morrison|Lars Elling Lunde,
98568,Enter Nowhere,Katherine Waterston|Scott Eastwood|Sara Paxton|Shaun Sipos|Christopher Denham,7,Jack Heller,Shawn Christensen|Jason Dolan,Jack Heller|Dallas Sonnier,Darren Morze
119657,El Rey de Najayo,Manny Pérez|Luz Garcia|Sergio Carlo|Juan Maria Almonte|Rafael Estephan,7,Fernando Baez Mella,Fernando Baez Mella|Franklin Soto,,
380733,Fight to the Finish,Jennifer Hale|Evan Hannemann|Tonya Kay|Anna Ross|Tamara Rey,6,Warren Sheppard,,,
285743,Alleluia! The Devil's Carnival,Terrance Zdunich|Paul Sorvino|Marc Senter|Emilie Autumn|Nivek Ogre,15,Darren Lynn Bousman,Terrance Zdunich,Chris M. Bonifay|Sean E. DeMott,
362765,The Sound and the Shadow,Joseph E. Murray|Alex Anfanger|Rhomeyn Johnson|Mary Kate Wiles,4,Justin Paul Miller,Justin Paul Miller|Sam Zvibleman,,
379532,Rodeo Girl,Kevin Sorbo|Sophie Bolen|Derek Brandon|Carrie Bradstreet|Tiffany Burns,19,Joel Paul Reisig,Aletha Rodgers|Tricia Hopper,Joel Paul Reisig|Lucas Miles,Todd Maki
253261,Born to Fly: Elizabeth Streb vs. Gravity,Elizabeth Streb|Fabio Tavares|Sarah Callan|Jaclyn Carlson|Leonardo Giron,6,Catherine Gund,,Catherine Gund|Tanya Selvaratnam,
297100,The Little Ponderosa Zoo,,0,,,,
15239,The Toxic Avenger,Mitch Cohen|Andree Maranda|Jennifer Prichard|Cindy Manion|Robert Prichard,26,Lloyd Kaufman|Michael Herz,Lloyd Kaufman|Joe Ritter,Lloyd Kaufman|Michael Herz,
94072,Straight Out of Brooklyn,,0,Matty Rich,,,
4107,Bloody Sunday,James Nesbitt|Allan Gildea|Gerard Crossan|Mary Moulds|Carmel McCallion,25,Paul Greengrass,Paul Greengrass,,
325579,Diamond Ruff,,0,,,,
15624,Conversations with Other Women,Helena Bonham Carter|Aaron Eckhart|Yury Tsykun|Brian Geraghty|Brianna Brown,7,Hans Canosa,Gabrielle Zevin,,
17287,Poultrygeist: Night of the Chicken Dead,Jason Yachanin|Kate Graham|Allyson Sereboff|Robin L. Watkins|Joshua Olatunde,15,Lloyd Kaufman,Lloyd Kaufman|Gabriel Friedman|Daniel Bova,Lloyd Kaufman|Michael Herz|Gabriel Friedman|Andrew Deemer|Kiel Walker,
198370,Mutual Friends,Caitlin Fitzgerald|Cheyenne Jackson|Peter Scanavino|Michael Stahl-David|Christina Cole,8,Matthew Watts,,Jennifer Westin,
3062,42nd Street,Warner Baxter|Bebe Daniels|George Brent|Ruby Keeler|Guy Kibbee,26,Lloyd Bacon,Rian James|James Seymour|Whitney Bolton,Hal B. Wallis|Darryl F. Zanuck,
328307,Rise of the Entrepreneur: The Search for a Better Way,,0,,,,
15389,Metropolitan,Edward Clements|Chris Eigeman|Taylor Nichols|Carolyn Farina|Isabel Gillies,6,Whit Stillman,Whit Stillman,,
464,As It Is in Heaven,Michael Nyqvist|Frida Hallgren|Helen Sjöholm|Lennart Jähkel|Ingela Olsson,15,Kay Pollak,Kay Pollak|Anders Nyberg|Ola Olsson|Carin Pollak|Margaretha Pollak,Per-Erik Svensson|Anders Birkeland|Göran Lindström|Gunnar Carlsson|Henrik Møller-Sørensen,Stefan Nilsson
308467,Roadside,Ace Marrero|Katie Stegeman,2,Eric England,,,
8193,Napoleon Dynamite,Jon Heder|Aaron Ruell|Jon Gries|Efren Ramirez|Shondrella Avery,13,Jared Hess,Jared Hess,Sean Covel|Jeremy Coon|Chris Wyatt,
188166,Blue Ruin,Macon Blair|Devin Ratray|Amy Hargreaves|Kevin Kolack|Eve Plumb,13,Jeremy Saulnier,Jeremy Saulnier,Anish Savjani|Vincent Savino|Richard Peete,Brooke Blair|Will Blair
23827,Paranormal Activity,Katie Featherston|Micah Sloat|Mark Fredrichs|Amber Armstrong|Ashley Palmer,5,Oren Peli,Oren Peli,Jason Blum|Oren Peli|Amir Zbeda,
1282,Dogtown and Z-Boys,Sean Penn|Jay Adams|Henry Rollins|Steve Caballero|Tony Hawk,9,Stacy Peralta,Stacy Peralta|Craig Stecyk,,
762,Monty Python and the Holy Grail,Graham Chapman|John Cleese|Terry Gilliam|Eric Idle|Terry Jones,19,Terry Gilliam|Terry Jones,Terry Gilliam|Michael Palin|Terry Jones|Graham Chapman|John Cleese,Mark Forstater|Michael White,
64499,Quinceañera,Emily Rios|Jesse Garcia|Chalo González|David W. Ross|Ramiro Iniguez,8,Richard Glatzer|Wash Westmoreland,Richard Glatzer|Wash Westmoreland,Anne Clements,
281189,Gory Gory Hallelujah,,0,Sue Corcoran,,,
1435,Tarnation,Renee Leblanc|Adolph Davis|Jonathan Caouette|Rosemary Davis|David Sanin Paz,5,Jonathan Caouette,Jonathan Caouette,Jonathan Caouette|Stephen Winter,
47546,I Want Your Money,,0,,,,
189711,Love in the Time of Monsters,Kane Hodder|Doug Jones|Gena Shaw|Marissa Skell|Michael McShane,8,Matt Jackson,Michael Skvaria,,
19204,The Beyond,Catriona MacColl|David Warbeck|Cinzia Monreale|Antoine Saint-John|Veronica Lazar,16,Lucio Fulci,Lucio Fulci|Dardano Sacchetti|Dardano Sacchetti|Giorgio Mariuzzo,Fabrizio De Angelis,Fabio Frizzi
9029,What Happens in Vegas,Ashton Kutcher|Cameron Diaz|Lake Bell|Queen Latifah|Treat Williams,14,Tom Vaughan,Dana Fox,Michael Aguilar|Shawn Levy|Dean Georgaris,Christophe Beck
18045,The Dark Hours,Kate Greenhouse|Aidan Devine|Gordon Currie|Iris Graham|Dov Tiefenbach,9,Paul Fox,,Brent Barclay,
11240,My Beautiful Laundrette,Gordon Warnecke|Daniel Day-Lewis|Roshan Seth|Saeed Jaffrey|Derrick Branche,31,Stephen Frears,,Tim Bevan|Sarah Radclyffe,Ludus Tonalis
43743,Fabled,,0,,,,
157909,Show Me,Michelle Nolden|Katharine Isabelle|Kett Turton|Gabriel Hogan|Allegra Fulton,5,Cassandra Nicolaou,Cassandra Nicolaou,,
10238,Cries and Whispers,Harriet Andersson|Ingrid Thulin|Kari Sylwan|Liv Ullmann|Erland Josephson,8,Ingmar Bergman,Ingmar Bergman,Ingmar Bergman|Lars-Owe Carlberg,
3059,Intolerance,Lillian Gish|Mae Marsh|Robert Harron|F.A. Turner|Sam De Grasse,104,D.W. Griffith,Tod Browning|Anita Loos|Frank E. Woods,D.W. Griffith,
15800,Trekkies,Denise Crosby|Barbara Adams|Majel Barrett|James Doohan|DeForest Kelley,12,Roger Nygard,,,
65203,The Broadway Melody,Charles King|Anita Page|Bessie Love|Nacio Herb Brown|Mary Doran,13,Harry Beaumont,Edmund Goulding,Irving Thalberg|Lawrence Weingarten|Harry Rapf,
764,The Evil Dead,Bruce Campbell|Ellen Sandweiss|Richard DeManincor|Betsy Baker|Theresa Tilly,10,Sam Raimi,Sam Raimi,Robert Tapert|Gary Holt,Joseph LoDuca
103620,Maniac,Elijah Wood|America Olivo|Nora Arnezeder|Zoe Aggeliki|Jan Broberg,27,Franck Khalfoun,William Lustig|Grégory Levasseur|Alexandre Aja,Thomas Langmann|William Lustig|Alexandre Aja,Robin Coudert
319069,Censored Voices,Amos Oz,1,Mor Loushy,Mor Loushy|Daniel Sivan,,
14278,Murderball,Joe Bishop|Keith Cavill|Andy Cohn|Scott Hogsett|Christopher Igoe,5,Henry Alex Rubin|Dana Adam Shapiro,Jamie Saft,,
25678,American Ninja 2: The Confrontation,Michael Dudikoff|Steve James|Larry Poindexter|Gary Conway|Jeff Celentano,15,Sam Firstenberg,Gary Conway|Gary Conway|James Booth,Menahem Golan|Yoram Globus|Mati Raz,George S. Clinton|Michael Bishop
79161,51 Birch Street,Carol Block|Doug Block|Ellen Block,3,Doug Block,,,
371690,Rotor DR1,Christian Kapper|Natalie Welch|Tom E. Nicholson|Steve Moses|Patrick Casteel,10,Chad Kapper,Scott Windhauser|Seth Yergin|Steve Moses|Megan Ryberg,Thomas E. Nicholson,
389,12 Angry Men,Henry Fonda|Martin Balsam|John Fiedler|Lee J. Cobb|E.G. Marshall,17,Sidney Lumet,Reginald Rose|Reginald Rose,Henry Fonda|Reginald Rose,Kenyon Hopkins
52032,My Dog Tulip,Christopher Plummer|Lynn Redgrave|Isabella Rossellini|Peter Gerety|Brian Murray,7,Paul Fierlinger|Sandra Fierlinger,Paul Fierlinger|Sandra Fierlinger|J.R. Ackerley,Frank Pellegrino,
3078,It Happened One Night,Clark Gable|Claudette Colbert|Walter Connolly|Roscoe Karns|Jameson Thomas,17,Frank Capra,Robert Riskin,Frank Capra|Harry Cohn,Howard Jackson
38810,Dogtooth,Hristos Passalis|Angeliki Papoulia|Mary Tsoni|Christos Stergioglou|Michele Valley,9,Yorgos Lanthimos,Yorgos Lanthimos|Efthymis Filippou,,
21525,Tupac: Resurrection,Tupac Amaru Shakur,1,Lauren Lazin,,Karolyn Ali,
55123,Tumbleweeds,Janet McTeer|Kimberly J. Brown|Jennifer Paige,3,Gavin O'Connor,,,
11980,The Prophecy,Christopher Walken|Elias Koteas|Virginia Madsen|Eric Stoltz|Adam Goldberg,9,Gregory Widen,Gregory Widen,Joel Soisson,
11956,When the Cat's Away,Garance Clavel|Zinedine Soualem|Renée Le Calm|Olivier Py|Simon Abkarian,10,Cédric Klapisch,Cédric Klapisch,Aïssa Djabri|Farid Lahouassa|Manuel Munz,
1550,Pieces of April,Katie Holmes|Derek Luke|Patricia Clarkson|Oliver Platt|Alison Pill,30,Peter Hedges,Peter Hedges,John S. Lyons|Gary Winick|Alexis Alexanian,Stephin Merritt
162396,The Big Swap,Mark Adams|Mark Caven|Allison Egan|Jackie Sawiris|Kevin Howarth,5,Niall Johnson,,,
26518,Old Joy,Daniel London|Will Oldham|Tanya Smith|Robin Rosenberg|Keri Moran,10,Kelly Reichardt,Kelly Reichardt|Jonathan Raymond,,
8942,Wendy and Lucy,Michelle Williams|Will Patton|Will Oldham|John Robinson,4,Kelly Reichardt,Kelly Reichardt|Jonathan Raymond|Jonathan Raymond,Neil Kopp|Larry Fessenden|Anish Savjani,Will Oldham
68412,3 Backyards,Edie Falco|Embeth Davidtz|Elias Koteas|Rachel Resheff|Kathryn Erbe,9,Eric Mendelsohn,Eric Mendelsohn,,
2786,Pierrot le Fou,Jean-Paul Belmondo|Anna Karina|Graziella Galvani|Dirk Sanders|Jimmy Karoubi,16,Jean-Luc Godard,Jean-Luc Godard,Georges de Beauregard,Antoine Duhamel|Serge Rezvani
87943,Sisters in Law,,0,Kim Longinotto|Florence Ayisi,Kim Longinotto|Florence Ayisi,,
73981,Ayurveda: Art of Being,,0,Pan Nalin,,,
91721,Nothing But a Man,Ivan Dixon|Abbey Lincoln|Julius Harris|Gloria Foster|Martin Priest,37,Michael Roemer,Michael Roemer|Robert M. Young,Robert M. Young|Michael Roemer|Robert Rubin,
118452,"First Love, Last Rites",Giovanni Ribisi|Natasha Gregson Wagner|Donal Logue|Robert John Burke|Jeannetta Arnette,6,Jesse Peretz,Ian McEwan|David Ryan,,
47534,Fighting Tommy Riley,J.P. Davis|Eddie Jones|Christina Chambers|Diane Tayler,4,Eddie O'Flaherty,J.P. Davis,,
40914,Royal Kill,Pat Morita|Eric Roberts|Gail Kim|Lalaine|Alexander Wraith,8,Babar Ahmed,Babar Ahmed,,
365052,The Looking Glass,Dorothy Tristan|Jace Casey|Jace Casey|Harry Musselwhite|Elizabeth Stenholt,8,John D. Hancock,Dorothy Tristan,,
13282,Death Race 2000,David Carradine|Simone Griffeth|Sylvester Stallone|Mary Woronov|Roberta Collins,15,Paul Bartel,Charles B. Griffith|Robert Thom,Jim Weatherill,Paul Chihara
250184,Locker 13,Ricky Schroder|Jon Gries|Tatyana Ali|Jason Marsden|Rick Hoffman,12,Jason Marsden|Bruce Dellis,Jason Marsden|Bruce Dellis,,
426067,Midnight Cabaret,Lisa Hart Carroll|Michael Des Barres|Paul Drake|Laura Harrington|Thom Mathews,12,Pece Dingo,,,
324352,Anderson's Cross,Joanna Cassidy|Joyce Guy|Bill Moseley|Jerome Elston Scott|Alan Blumenfeld,10,Jerome Elston Scott,Jerome Elston Scott,Nicholas Downs|Jerome Elston Scott|Micah Stuart|Andrea Alseri|Corey Juarez,
318040,Bizarre,Pierre Prieur|Adrian James|Raquel Nave|Rebekah Underhill|Charlie Himmelstein,9,Étienne Faure,Étienne Faure,Étienne Faure|Stephane Gizard|Alexis Vb,
27420,Graduation Day,Christopher George|Billy Hufsey|Patch Mackenzie|E. Danny Murphy|E. J. Peaker,14,Herb Freed,Herb Freed|Anne Marisse|David Baughn,Herb Freed|David Baughn,Arthur Kempel
80468,Some Guy Who Kills People,Kevin Corrigan|Barry Bostwick|Karen Black|Leo Fitzpatrick|Ariel Gade,11,Jack Perez,Ryan Levin,,
84188,Compliance,Ann Dowd|Dreama Walker|Pat Healy|Philip Ettinger|James McCaffrey,14,Craig Zobel,Craig Zobel,Theo Sena,
2255,Chasing Amy,Ben Affleck|Joey Lauren Adams|Jason Lee|Dwight Ewell|Jason Mewes,16,Kevin Smith,Kevin Smith,Scott Mosier,David Pirner
50035,Lovely & Amazing,Catherine Keener|Brenda Blethyn|Emily Mortimer|Jake Gyllenhaal|James Le Gros,16,Nicole Holofcener,Nicole Holofcener,,
300327,Death Calls,,0,,,,
14290,Better Luck Tomorrow,Parry Shen|Jason Tobin|Sung Kang|Karin Anna Cheung|Roger Fan,10,Justin Lin,,,
29371,The Incredibly True Adventure of Two Girls In Love,Laurel Holloman|Maggie Moore|Kate Stafford|Nicole Ari Parker|Toby Poser,17,Maria Maggenti,,,
44490,Chuck & Buck,Mike White|Chris Weitz|Lupe Ontiveros|Maya Rudolph|Paul Weitz,9,Miguel Arteta,Mike White,,
32222,American Desi,Kal Penn|Purva Bedi|Deep Katdare|Ronobir Lahiri|Rizwan Manji,17,Piyush Dinker Pandya,Piyush Dinker Pandya,Deep Katdare|Piyush Dinker Pandya|Cyrus E. Koewing|Gitesh Pandya,
378237,Amidst the Devil's Wings,,0,,,,
431,Cube,Nicole de Boer|Nicky Guadagni|David Hewlett|Andrew Miller|Julian Richings,7,Vincenzo Natali,Vincenzo Natali|André Bijelic|Graeme Manson,Mehra Meh|Betty Orr,Mark Korven
76996,Love and Other Catastrophes,Matt Day|Matthew Dyktynski|Alice Garner|Frances O'Connor|Radha Mitchell,7,Emma-Kate Croghan,Stavros Kazantzidis|Emma-Kate Croghan|Yael Bergman|Helen Bandis,,Oleh Witer
51942,I Married a Strange Person!,Charis Michelsen|Tom Larson|Richard Spore,3,Bill Plympton,,,
1424,November,Courteney Cox|James Le Gros|Michael Ealy|Nora Dunn|Nick Offerman,8,Greg Harrison,Benjamin Brand,Jake Abraham|Danielle Renfrew|Gary Winick,Lew Baldwin
60420,Like Crazy,Anton Yelchin|Felicity Jones|Jennifer Lawrence|Charlie Bewley|Alex Kingston,10,Drake Doremus,Ben York Jones|Drake Doremus,,Dustin O'Halloran
325123,Teeth and Blood,Glenn Plummer|Michelle Van Der Water|Danielle Vega|Greg Eagles,4,,,,
142132,Sugar Town,John Taylor|Michael Des Barres|Martin Kemp|Jade Gordon|Larry Klein,11,Allison Anders|Kurt Voss,Allison Anders|Kurt Voss,Nanda Rao|Daniel Hassid|Nancy Griffin,Larry Klein
20520,The Motel,Jeffrey Chyau|Sung Kang|Jade Wu|Samantha Futerman|Alexis Chang,15,Michael Kang,Michael Kang,,
109729,The Canyons,Lindsay Lohan|James Deen|Gus Van Sant|Nolan Gerard Funk|Amanda Brooks,18,Paul Schrader,Bret Easton Ellis,Paul Schrader|Bret Easton Ellis|Braxton Pope,
78307,On the Outs,Judy Marte|Paola Mendoza|Flaco Navaja|Dominic Colón|Edward O'Blenis,6,Lori Silverbush|Michael Skolnik,,,
12247,Shotgun Stories,Michael Shannon|Glenda Pannell|Lynnsee Provence|Douglas Ligon|Barlow Jacobs,15,Jeff Nichols,,Lisa Muskat|David Gordon Green|Tisha Gribble|Jeff Nichols|Paul Skidmore,Lucero|Pyramid
29917,Exam,Luke Mably|Adar Beck|Chris Carey|Gemma Chan|Nathalie Cox,10,Stuart Hazeldine,Stuart Hazeldine,,
70687,The Sticky Fingers of Time,Terumi Matthews|Nicole Zaray|Belinda Becker|James Urbaniak|Thomas Pasley,14,Hilary Brougher,Hilary Brougher,,
60463,Sunday School Musical,Chris Chatman|Candise Lakota|Krystle Connor|Robert Acinapura|Amy Ganser,15,Rachel Goldenberg,Rachel Goldenberg|Ashley Holloway,David Michael Latt|Paul Bales,
46252,Rust,Corbin Bernsen|Frank Gallacher|Lloyd Warner|Audrey Lynn Tennent,4,Corbin Bernsen,Corbin Bernsen,,
24869,Ink,Chris Kelly|Jessica Duffy|Quinn Hunchar|Jeremy Make|Jennifer Batter,12,Jamin Winans,Jamin Winans,Jamin Winans|Kiowa K. Winans,
77934,The Christmas Bunny,Sophie Bolen|Madeline Vail|Colby French|Florence Henderson|Charles Beale,10,Tom Seidman,Tom Seidman,Dan Wojciak,
34697,Butterfly,Stacy Keach|Pia Zadora|Orson Welles|Ed McMahon|June Lockhart,9,Matt Cimber,John F. Goff|Matt Cimber,,
320435,UnDivided,,0,,,,
150211,The Frozen,Brit Morgan|Noah Segan,2,Andrew Hyatt,,,
306667,Horse Camp,Jordan Trovillion|Dean Cain|Sherryl Despres|Dana Blackstone|Annelyse Ahmad,13,Joel Paul Reisig,Joel Paul Reisig,Joel Paul Reisig,Todd Maki
274758,Give Me Shelter,Katie Cleary|Robert Davi|Carole Davis|Alison Eastwood|Tippi Hedren,14,Kristin Rizzo,Katie Cleary,,
3060,The Big Parade,John Gilbert|Renée Adorée|Hobart Bosworth|Claire McDowell|Claire Adams,11,King Vidor,Harry Behn,Irving Thalberg,
40963,Little Big Top,Sid Haig|Richard Riehle|Mel England|Jacob Zachar|Travis Betz,5,,,,
173224,Along the Roadside,Michael Madsen|Iman Crosson|Lazar Ristovski,3,Zoran Lisinac,Zoran Lisinac,,
18533,Bronson,Tom Hardy|Matt King|James Lance|Kelly Adams|Katy Barker,16,Nicolas Winding Refn,Nicolas Winding Refn|Brock Norman Brock,Rupert Preston|Jane Hooks|Danny Hansford|Jessica Cooke|Sean Faughnan,
376010,Western Religion,Peter Shinkoda|Merik Tadros|Peter Sherayko|Miles Szanto|Jonathan Erickson Eisley,11,James O'Brien,James O'Brien,,
139948,Burn,"Donald Austin|Brendan ""Doogie"" Milewski|Dave Parnell",3,Tom Putnam|Brenna Sanchez,,,
77332,Urbania,Dan Futterman|Matt Keeslar|Samuel Ball|Lothaire Bluteau|Alan Cumming,13,Jon Matthews,,,
70478,The Stewardesses,Christina Hart|Ronald South|William Condos|Anita de Moulin|Paula Erikson,15,Al Silliman Jr.,,,
35073,"The Beast from 20,000 Fathoms",Paul Hubschmid|Paula Raymond|Cecil Kellaway|Kenneth Tobey|Donald Woods,18,Eugène Lourié,Louis Morheim|Ray Bradbury|Fred Freiberger,Jack Dietz,David Buttolph
9659,Mad Max,Mel Gibson|Joanne Samuel|Hugh Keays-Byrne|Steve Bisley|Tim Burns,18,George Miller,George Miller|George Miller|James McCausland|Byron Kennedy,Byron Kennedy,Brian May
10218,Swingers,Jon Favreau|Vince Vaughn|Ron Livingston|Patrick Van Horn|Alex Désert,61,Doug Liman,Jon Favreau,Victor Simpkins,Justin Reinhardt
391,A Fistful of Dollars,Clint Eastwood|Marianne Koch|Gian Maria Volonté|Wolfgang Lukschy|José Calvo,14,Sergio Leone,Sergio Leone|Víctor Andrés Catena|Jaime Comas Gil,Arrigo Colombo|Giorgio Papi,Ennio Morricone
43595,She Done Him Wrong,Mae West|Cary Grant|Owen Moore|Gilbert Roland|Noah Beery,14,Lowell Sherman,Mae West|Harvey F. Thew,,
194588,Short Cut to Nirvana: Kumbh Mela,,0,,,,
54897,The Grace Card,"Michael Joiner|Michael Higgenbottom|Louis Gossett, Jr.|Cindy Hodge",4,David Evans,Howard Klausner,,
83588,Middle of Nowhere,David Oyelowo|Maya Gilbert|Sharon Lawrence|Emayatzy Corinealdi|Dondre Whitfield,9,Ava DuVernay,Ava DuVernay,Ava DuVernay|Paul Garnes,Kathryn Bostic
53256,Three,Sophie Rois|Sebastian Schipper|Devid Striesow|Annedore Kleist|Alexander Hörbe,25,Tom Tykwer,Tom Tykwer,,
40920,The Business of Fancydancing,Evan Adams|Michelle St. John|Gene Tagaban|Swil Kanim|Rebecca Carroll,12,Sherman Alexie,Sherman Alexie,Larry Estes,
287815,Call + Response,,0,Justin Dillon,,,
54702,Malevolence,Samantha Dark|Heather Magee|Richard Glover|R. Brandon Johnson,4,Stevan Mena,Stevan Mena,,
176074,Reality Show,Adam Rifkin|Kelley Menighan Hensley|Kendra Sue Waldman|Scott Anderson,4,Adam Rifkin,Adam Rifkin,,
69270,Super Hybrid,Shannon Beckner|Oded Fehr|Ryan Kennedy|Adrien Dorval|Duncan Fisher,8,Eric Valette,Benjamin Carr,,
5759,Baghead,Ross Partridge|Steve Zissis|Greta Gerwig|Elise Muller|Jett Garner,16,Jay Duplass|Mark Duplass,Jay Duplass|Mark Duplass,Jay Duplass|Mark Duplass|John E. Bryant,
402515,American Beast,Armin Habibovich|Victoria Lachelle|Livingston Oden|Taylor Scott Olson,4,Livingston Oden|Taylor Scott Olson,,,
126141,The Case of the Grinning Cat,,0,Chris Marker,,,
48035,Ordet,Birgitte Federspiel|Preben Lerdorff Rye|Henrik Malberg|Emil Hass Christensen|Ejner Federspiel,5,Carl Theodor Dreyer,Carl Theodor Dreyer|Kaj Munk,Carl Theodor Dreyer|Tage Nielsen|Erik Nielsen,
14758,Good Dick,Marianna Palka|Jason Ritter|Eric Edelstein|Martin Starr|Mark Webber,19,Marianna Palka,,Jason Ritter|Marianna Palka|Jennifer Dubin|Jeremy Glazer|Kevin Lowe,
13363,The Man from Earth,David Lee Smith|Tony Todd|John Billingsley|Ellen Crawford|Annika Peterson,11,Richard Schenkman,Jerome Bixby,Richard Schenkman|Eric D. Wilkinson,Mark Hinton Stewart
37985,The Trials Of Darryl Hunt,,0,Ricki Stern|Anne Sundberg,,,
25786,Samantha: An American Girl Holiday,Mia Farrow|AnnaSophia Robb|Olivia Ballantyne|Kelsey Lewis|Jordan Bridges,7,Nadia Tass,,,
36549,Yesterday Was a Lie,Chase Masterson|John Newton|Kipleigh Brown|Mik Scriba|Nathan Mobley,9,James Kerwin,James Kerwin,,
361398,Theresa Is a Mother,Edie McClurg|C. Fraser Press|Richard Poe|Robert Turano|Matthew Gumley,8,Darren Press|C. Fraser Press,C. Fraser Press,,
289180,H.,Robin Bartlett|Rebecca Dayan|Will Janowitz|Julian Gamble,4,Rania Attieh|Daniel Garcia,Rania Attieh|Daniel Garcia,,
288927,Archaeology of a Woman,Sally Kirkland|Victoria Clark|James Murtaugh|Karl Geary|Mary Testa,6,Sharon Greytak,Sharon Greytak,Sharon Greytak|Troy Cashatt|Paul Cruz,
21334,Children of Heaven,Mohammad Amir Naji|Amir Farrokh Hashemian|Bahare Seddiqi,3,Majid Majidi,Majid Majidi,,
79120,Weekend,Tom Cullen|Chris New|Jonathan Race|Laura Freeman|Loreto Murray,5,Andrew Haigh,Andrew Haigh,,
27995,She's Gotta Have It,Tracy Camilla Johns|Tommy Redmond Hicks|John Canada Terrell|Spike Lee|Raye Dowell,7,Spike Lee,Spike Lee,Spike Lee,Bill Lee
253290,Butterfly Girl,,0,Cary Bell,,Jessica Miller|Cary Bell|Susan Grossman,
344466,The World Is Mine,Ana Maria Guran|Iulia Ciochina|Oana Rusu|Ana Vatamanu|Florin Hritcu,5,Nicolae Constantin Tanase,Raluca Manescu,Tudor Giurgiu|Radu Stancu,Vlaicu Golcea
55420,Another Earth,William Mapother|Brit Marling|Matthew-Lee Erlbach|DJ Flava|Meggan Lennon,33,Mike Cahill,Mike Cahill|Brit Marling,Mike Cahill|Hunter Gray|Brit Marling|Nicholas Shumaker,Will Bates|Phil Mossman
5822,Sweet Sweetback's Baadasssss Song,Simon Chuckster|Melvin Van Peebles|Hubert Scales|Mario Van Peebles|John Dullaghan,14,Melvin Van Peebles,Melvin Van Peebles,Jerry Gross|Melvin Van Peebles,
408429,Perfect Cowboy,Ken Roht|Jeffrey Watkins|William Nicol|Sharon Bollum|Paul Sutherland,10,Ken Roht,,,
39141,Tadpole,Aaron Stanford|Kate Mara|Bebe Neuwirth|John Ritter|Sigourney Weaver,31,Gary Winick,Niels Mueller|Heather McGowan,Gary Winick|Alexis Alexanian|Dolly Hall,
5723,Once,Glen Hansard|Markéta Irglová|Hugh Walsh|Gerard Hendrick|Alaistair Foley,11,John Carney,John Carney,Martina Niland,Glen Hansard|Markéta Irglová
28666,The Woman Chaser,Patrick Warburton|Eugene Roche|Ron Morgan|Emily Newman|Paul Malevich,6,Robinson Devor,Robinson Devor,,
30979,The Horse Boy,Simon Baron-Cohen|Temple Grandin|Roy Richard Grinker|Rowan Isaacson|Rupert Isaacson,6,Michel O. Scott,,,
50497,When the Lights Went Out,Kate Ashfield|Jo Hartley|Martin Compston|Steven Waddington|Craig Parkinson,14,Pat Holden,Pat Holden,Deepak Nayar|Bil Bungay,Marc Canham
354624,Heroes of Dirt,Joel Moody|William Martinez|Vivienne VanHorn,3,Eric Bugbee,Eric Bugbee|Bob Massey,,
13187,A Charlie Brown Christmas,Ann Altieri|Chris Doran|Sally Dryer|Bill Melendez|Karen Mendelson,10,Bill Melendez,Charles M. Schulz,,
335244,Antarctic Edge: 70° South,,0,Dena Seidel,,,
178862,Aroused,Lisa Ann|Kayden Kross|Belladonna|Katsuni|Teagan Presley,16,Deborah Anderson,,Deborah Anderson|Christopher Gallo|Mike Moz,
331745,Top Spin,,0,Sara Newens|Mina T. Son,,,
1779,Roger & Me,Michael Moore|Roger B. Smith|Rhonda Britton|Fred Ross,4,Michael Moore,,Michael Moore,
282128,An American in Hollywood,J.D. Williams|Hassan Johnson|Anil Raman|Richard Carroll Jr.|Richard Carroll Jr.,9,Sai Varadan,,,
86812,Sound of My Voice,Brit Marling|Christopher Denham|Nicole Vicius|Davenia McFadden|Kandice Stroh,21,Zal Batmanglij,Brit Marling|Zal Batmanglij,Brit Marling,
38786,The Blood of My Brother: A Story of Death in Iraq,,0,,,,
84355,Your Sister's Sister,Mark Duplass|Emily Blunt|Rosemarie DeWitt|Mike Birbiglia|Kate Bayley,6,Lynn Shelton,Lynn Shelton,Steven Schardt,Vinny Smith
18632,A Dog's Breakfast,David Hewlett|Kate Hewlett|Paul McGillion|Christopher Judge|Rachel Luttrell,7,David Hewlett,David Hewlett|David Hewlett|Jane Loughman,John Lenic|Jane Loughman,Tim Williams
40652,The Married Woman,Macha Méril|Bernard Noël|Philippe Leroy|Christophe Bourseiller|Roger Leenhardt,10,Jean-Luc Godard,Jean-Luc Godard,,Claude Nougaro
339408,The Birth of a Nation,Nate Parker|Armie Hammer|Aja Naomi King|Jackie Earle Haley|Penelope Ann Miller,42,Nate Parker,Nate Parker|Jean McGianni Celestin,Preston L. Holmes|Kevin Turen|Nate Parker|Aaron L. Gilbert|Jason Michael Berman,Henry Jackman
266857,The Work and The Story,Kirby Heyborne|Christopher Robin Miller|Eric Artell,3,Nathan Smith Jones,,,
18925,Facing the Giants,James Blackwell|Alex Kendrick|Shannen Fields|Chris WIllis|Tracy Goode,5,Alex Kendrick,Alex Kendrick,,
299245,The Gallows,Cassidy Gifford|Ryan Shoos|Pfeifer Brown|Reese Mishler|Price T. Morgan,11,Travis Cluff|Chris Lofing,Travis Cluff|Chris Lofing,Jason Blum|Dean Schnider,
985,Eraserhead,Jack Nance|Charlotte Stewart|Allen Joseph|Jeanne Bates|Judith Roberts,11,David Lynch,David Lynch,David Lynch,David Lynch
34101,Hollywood Shuffle,Robert Townsend|Craigus R. Johnson|Helen Martin|Starletta DuPois|Keenen Ivory Wayans,10,Robert Townsend,Keenen Ivory Wayans|Robert Townsend,,
9821,The Mighty,Sharon Stone|Elden Henson|Kieran Culkin|Gena Rowlands|Harry Dean Stanton,9,Peter Chelsom,Rodman Philbrick,Bob Weinstein|Harvey Weinstein,
65448,Penitentiary,Wilbur 'Hi-Fi' White|Leon Isaac Kennedy|Thommy Pollard|Hazel Spears|Donovan Womack,15,Jamaa Fanaka,Jamaa Fanaka,,
18841,The Lost Skeleton of Cadavra,Fay Masterson|Andrew Parks|Susan McConnell|Brian Howe|Jennifer Blaire,9,Larry Blamire,Larry Blamire,,
272726,Dude Where's My Dog?,Gabriela Castillo|Trish Cook|Alexander G. Eckert|Kevin Farley|Dan Glenn,9,Stephen Langford,Stephen Langford,Doug Bilitch|Sofia Monroe,Gilbert Gundersen
175291,Cheap Thrills,Pat Healy|Ethan Embry|Sara Paxton|David Koechner|Amanda Fuller,15,E.L. Katz,Trent Haaga|David Chirchirillo,Gabriel Cowan|John Suits|Travis Stevens,Mads Heldtberg
80215,Indie Game: The Movie,Jonathan Blow|Phil Fish|Edmund McMillen|Tommy Refenes,4,Lisanne Pajot|James Swirsky,,,
13538,Straightheads,Gillian Anderson|Danny Dyer|Adam Rayner|Antony Byrne|Anthony Calf,9,Dan Reed,Dan Reed,Kevin Loader|Damian Jones,Ilan Eshkeri
51130,Open Secret,John Ireland|Jane Randolph|Sheldon Leonard|Roman Bohnen|George Tyne,13,John Reinhardt,Henry Blankfort,,Herschel Burke Gilbert
270554,Echo Dr.,Johnathan Hurley|Jordan Savage|Dane Bowman|Claire Gordon-Harper,4,Patrick Ryan Sims,Patrick Ryan Sims,Douglas Elford-Argent|Patrick Ryan Sims,
72086,The Night Visitor,Max von Sydow|Trevor Howard|Liv Ullmann|Per Oscarsson|Rupert Davies,5,László Benedek,Guy Elmes,,
268917,The Past Is a Grotesque Animal,Dottie Alexander|Derek Almstead|David Barnes|Kevin Barnes|Nina Barnes,9,Jason Miller,Andrew Napier|Jason Miller,,
64973,"Peace, Propaganda & the Promised Land",,0,Sut Jhally,,,
473,Pi,Sean Gullette|Mark Margolis|Ben Shenkman|Samia Shoaib|Pamela Hart,13,Darren Aronofsky,Darren Aronofsky|Sean Gullette|Eric Watson,Eric Watson,Clint Mansell
90414,"I Love You, Don't Touch Me!",Marla Schaffel|Mitchell Whitfield|Michael Harris|Meredith Scott Lynn|Jack McGee,10,Julie Davis,,,
111794,20 Dates,Myles Berkowitz|Tia Carrere|Elisabeth Wagner|Richard Arlook|Robert McKee,6,Myles Berkowitz,Myles Berkowitz,Mark McGarry|Jason Villard,
360188,Queen Crab,Michelle Simone Miller|Kathryn Metz|A.J. DeLucia|Steve Diasparra|Danielle Donahue,7,Brett Piper,Brett Piper,Brett Piper|Mark Polonia,
9372,Super Size Me,Morgan Spurlock|Daryl Isaacs|Lisa Ganjhu|Stephen Siegel|Bridget Bennett,15,Morgan Spurlock,,Morgan Spurlock,
85860,The FP,Jason Trost|Lee Valmassy|Art Hsu|Caitlyn Folley|Brandon Barrera,6,Brandon Trost|Jason Trost,Brandon Trost|Jason Trost,,
244534,Happy Christmas,Anna Kendrick|Melanie Lynskey|Mark Webber|Lena Dunham|Joe Swanberg,15,Joe Swanberg,Joe Swanberg,Joe Swanberg|Peter Gilbert,
33468,The Brain That Wouldn't Die,Jason Evers|Virginia Leith|Doris Brent|Audrey Devereal|Eddie Carmel,15,Joseph Green,Rex Carlton|Joseph Green|Joseph Green,Rex Carlton,
294086,Tiger Orange,Mark Strano|Frankie Valenti|Johnny Hazzard|Darryl Stephens|Gregory Marcel,14,Wade Gasque,Mark Strano|Wade Gasque,,
139998,Supporting Characters,Alex Karpovsky|Tarik Lowe|Arielle Kebbel|Melonie Diaz|Kevin Corrigan,8,Daniel Schechter,Daniel Schechter|Tarik Lowe,,
74777,Absentia,Katie Parker|Courtney Bell|Morgan Peter Brown|Dave Levine|Justin Gordon,15,Mike Flanagan,Mike Flanagan,Mike Flanagan|Morgan Peter Brown|Justin Gordon|Rich Cleary|Joe Hollow,Ryan David Leack
16388,The Brothers McMullen,Shari Albert|Maxine Bahns|Catharine Bolz|Connie Britton|Edward Burns,10,Edward Burns,Edward Burns,Edward Burns|Dick Fisher,
159770,The Dirties,Matt Johnson|Owen Williams|Krista Madison|Brandon Wickens|Jay McCarroll,6,Matt Johnson,Evan Morgan|Matt Johnson|Josh Boles|Matthew Miller,,
42109,Gabriela,Sônia Braga|Marcello Mastroianni|Antonio Cantafora|Paulo Goulart|Tania Boscoli,11,Bruno Barreto,Bruno Barreto|Leopoldo Serran|Flávio R. Tambellini,,
47607,Tiny Furniture,Lena Dunham|Laurie Simmons|Grace Dunham|Rachel Howe|Merritt Wever,21,Lena Dunham,Lena Dunham,Kyle Martin|Alicia Van Couvering|Alice Wang,
193603,Hayride,Richard Tyson|Sherri Eakin|Jeremy Ivy|Jeremy Sande|Corlandos Scott,5,Terron R. Parsons,Terron R. Parsons,,
84659,The Naked Ape,Josh Wise|Chelse Swain|Sean Shanks|Amanda MacDonald|Corbin Bernsen,8,Daniel Mellitz,Daniel Mellitz,,
322745,Counting,,0,Jem Cohen,,,
20981,The Call of Cthulhu,Matt Foyer|John Bolen|Ralph Lucas|Chad Fifer|Susan Zucker,6,Andrew Leman,H.P. Lovecraft|Sean Branney,,
174362,Bending Steel,,0,Dave Carroll,Dave Carroll|Ryan Scafuro,,
242095,The Signal,Brenton Thwaites|Olivia Cooke|Beau Knapp|Laurence Fishburne|Robert Longstreet,12,William Eubank,William Eubank|David Frigerio|Carlyle Eurbank,Tyler Davidson|Brian Kavanaugh-Jones,Nima Fakhrara
250902,The Image Revolution,Todd McFarlane|Rob Liefeld|Jim Lee|Marc Silvestri|Erik Larsen,52,Patrick Meaney,Patrick Meaney,Jonathan McHugh|Patrick Meaney|Jordan Rennert|Jonathan Platt,
158895,This Is Martin Bonner,Paul Eenhoorn|Richmond Arquette|Sam Buchanan|Robert Longstreet|Kristin Slaysman,12,Chad Hartigan,Chad Hartigan,Cherie Saulter,Keegan DeWitt
222250,A True Story,Katrina Bowden|Jon Gries|Malcolm Goodwin|Cameron Fife|Tyler McGee,10,Malcolm Goodwin,,,
18292,George Washington,Candace Evanofski|Donald Holden|Damian Jewan Lee|Curtis Cotton III|Rachael Handy,14,David Gordon Green,David Gordon Green|David Gordon Green,Lisa Muskat|David Gordon Green|Craig Zobel|Erin Aldridge Orr|Sacha W. Mueller,David Wingo|Michael Linnen
125537,Smiling Fish & Goat On Fire,Derick Martini|Amy Hathaway|Steven Martini,3,Kevin Jordan,,,
326576,Dawn of the Crescent Moon,Barry Corbin|Brooke Coleman|Kurt Cole|Brandon Smith|Alan Pietruszewski,8,Kirk Loudon,Kirk Loudon|Kevin B. Coleman,Kevin B. Coleman,
228550,Raymond Did It,Kyle Hoskins|Elissa Dowling|Linda Cieslik|Steven Lee Edwards|Valerie Meachum,8,Travis Legge,,,
13963,The Last Waltz,Robbie Robertson|Rick Danko|Levon Helm|Richard Manuel|Garth Hudson,30,Martin Scorsese,Mardik Martin,Robbie Robertson|Steven Prince|Joel Chernoff,
290391,"Run, Hide, Die",Alison Monda|Alicia Mendez|Ivey Bronwen|Tabitha Bastien|Keiko Green,18,Collin Joseph Neal,Alison Monda,,
44770,The Exploding Girl,Zoe Kazan|Mark Rendall|Maryann Urbano|Hunter Canning|Franklin Pipp,11,Bradley Rust Gray,Bradley Rust Gray,Bradley Rust Gray|Karin Chien|Ben Howe|So Yong Kim,
69382,The Legend of God's Gun,Robert Bones|Kirpatrick Thomas|Dave Koenig|Julie Patterson,4,Mike Bruce,,,
40769,Mutual Appreciation,Justin Rice|Rachel Clift|Andrew Bujalski,3,Andrew Bujalski,Andrew Bujalski,,
220490,Her Cry: La Llorona Investigation,Nichole Ceballos|James Ezrin|Everardo Guzman|Parker Riggs|Gabrielle Santamauro,5,Damir Catic,Damir Catic,,
42151,Down Terrace,Robert Hill|Robin Hill|Julia Deakin|David Schaal|Tony Way,9,Ben Wheatley,Ben Wheatley|Robin Hill,,
2292,Clerks,Brian O'Halloran|Jeff Anderson|Jason Mewes|Kevin Smith|Lisa Spoonhauer,15,Kevin Smith,Kevin Smith,Kevin Smith|Scott Mosier,
42497,Pink Narcissus,Bobby Kendall|Donald L. Brooks|Charles Ludlam,3,James Bidgood,James Bidgood,James Bidgood,
33693,Funny Ha Ha,Kate Dollenmayer|Mark Herlehy|Christian Rudder|Jennifer L. Schaper|Myles Paige,15,Andrew Bujalski,Andrew Bujalski,Ethan Vogt,
14585,In the Company of Men,Aaron Eckhart|Stacy Edwards|Matt Malloy|Michael Martin|Mark Rector,5,Neil LaBute,Neil LaBute,Stephen Pevner|Mark Archer,Ken Williams|Karel Roessingh
185465,Manito,Franky G|Leo Minaya|Manuel Cabral|Jessica Morales|Julissa Lopez,6,Eric Eason,Eric Eason,,
38780,Rampage,Brendan Fletcher|Shaun Sipos|Michael Paré|Lynda Boyd|Matt Frewer,14,Uwe Boll,Uwe Boll,Uwe Boll|Dan Clarke|Shawn Williamson,Jessica de Rooij
14022,Slacker,Richard Linklater|Mark James,2,Richard Linklater,Richard Linklater,,
366967,Dutch Kills,R.L. Mann|Tama Filianga|Mikaal Bates|Celestine Rae|Lodric D. Collins,5,Joseph Mazzella,Joseph Mazzella|R.L. Mann,,
255266,Dry Spell,Suzi Lorraine|Jared Degado|Heather Dorff|Rachael Robbins|Kris Eivers,6,Travis Legge,Travis Legge|Kyle Hoskins,,
17345,Flywheel,Alex Kendrick,1,Alex Kendrick,Alex Kendrick|Stephen Kendrick,Alex Kendrick,
226458,Backmask,Stephen Lang|Kelly Blatz|Brittany Curran|Gage Golightly|Nick Nicotera,22,Marcus Nispel,Kirsten Elms,Marcus Nispel|Michael Corso|Brandt Andersen|Trent Othick,
24055,The Puffy Chair,Mark Duplass|Katie Aselton|Rhett Wilkins,3,Jay Duplass|Mark Duplass,Mark Duplass,Mark Duplass,
287625,Stories of Our Lives,Louis Brooke|Allan Bryan Weku|Judy Gichohi|Kelly Gichohi|Olwenya Maina,11,Jim Chuchu,Jim Chuchu|Njoki Ngumi,Steven Markovitz|Wangechi Ngugi,
44990,Breaking Upwards,Zoe Lister-Jones|Daryl Wein|Julie White|Andrea Martin|Peter Friedman,15,Daryl Wein,Zoe Lister-Jones|Daryl Wein|Peter Duchan,,Kyle Forester
86304,All Superheroes Must Die,Jason Trost|Lucas Till|James Remar|Sophie Merkley|Nick Principe,5,Jason Trost,Jason Trost,,
692,Pink Flamingos,Divine|David Lochary|Mary Vivian Pearce|Mink Stole|Danny Mills,11,John Waters,John Waters,John Waters,
39851,Clean,Maggie Cheung|Nick Nolte|Béatrice Dalle|Jeanne Balibar|Don McKellar,10,Olivier Assayas,Olivier Assayas,,
13898,The Circle,Nargess Mamizadeh|Maryiam Palvin Almani|Mojgan Faramarzi|Elham Saboktakin|Monir Arab,7,Jafar Panahi,Kambuzia Partovi,,
157185,Tin Can Man,Michael Parle|Emma Eliza Regan|Patrick O'Donnell|Kreeta Taponen,4,Ivan Kavanagh,Ivan Kavanagh,Ivan Kavanagh,
36095,Cure,Koji Yakusho|Masato Hagiwara|Tsuyoshi Ujiki|Anna Nakagawa|Yukijiro Hotaru,15,Kiyoshi Kurosawa,Kiyoshi Kurosawa,,
182291,On The Downlow,Tony Sancho|Michael Cortez|Donato Cruz|Felipe Camacho|Carmen Cenko,24,Tadeo Garcia,Tadeo Garcia|Roger B. Domian|Roger B. Domian,,
286939,Sanctuary: Quite a Conundrum,Sasha Ramos|Erin Cline|Emily Rogers|Anthony Rutowicz|Joe Coffey,5,Thomas L. Phillips,Thomas L. Phillips,Thomas L. Phillips,
124606,Bang,Darling Narita|Peter Greene|Michael Newland|Erik Schrody|Michael Artura,14,Ash Baron-Cohen,Ash Baron-Cohen,Daniel M. Berger|Ladd Vance,Orlando Aguillen
14337,Primer,Shane Carruth|David Sullivan|Casey Gooden|Anand Upadhyaya|Carrie Crawford,19,Shane Carruth,Shane Carruth,Shane Carruth,
67238,Cavite,,0,Neill Dela Llana|Ian Gamazon,,,
9367,El Mariachi,Carlos Gallardo|Jaime de Hoyos|Peter Marquardt|Reinol Martinez|Ramiro Gomez,7,Robert Rodriguez,,Robert Rodriguez|Carlos Gallardo,
72766,Newlyweds,Edward Burns|Kerry Bishé|Marsha Dietlein|Caitlin Fitzgerald|Daniella Pineda,5,Edward Burns,Edward Burns,Edward Burns|William Rexer|Aaron Lubin,
231617,"Signed, Sealed, Delivered",Eric Mabius|Kristin Booth|Crystal Lowe|Geoff Gustafson|Benjamin Hollingsworth,7,Scott Smith,Martha Williamson,Harvey Kahn,Hal Beckett
126186,Shanghai Calling,Daniel Henney|Eliza Coupe|Bill Paxton|Alan Ruck|Zhu Shimao,5,Daniel Hsia,Daniel Hsia,,
25975,My Date with Drew,Drew Barrymore|Brian Herzlinger|Corey Feldman|Eric Roberts|Griffin Dunne,8,Brian Herzlinger|Jon Gunn|Brett Winn,,,
